Time Step;Label Index;Name (NA);Min Feret Diameter (mm);;Min Feret Diameter (um);Condicion;Tiempo;Musculo;Codigo animal;Lado;Codigo Corte;masa (kg)
0;1;;0,015711902;;15,71190177;HFD;8;SOL;1;d;z;
0;2;;0,021421102;;21,42110167;HFD;8;SOL;1;d;z;
0;3;;0,019798877;;19,79887678;HFD;8;SOL;1;d;z;
0;4;;0,023659992;;23,65999187;HFD;8;SOL;1;d;z;
0;5;;0,019416528;;19,41652815;HFD;8;SOL;1;d;z;
0;6;;0,021318003;;21,31800284;HFD;8;SOL;1;d;z;
0;7;;0,02181779;;21,81779049;HFD;8;SOL;1;d;z;
0;8;;0,025825304;;25,82530371;HFD;8;SOL;1;d;z;
0;9;;0,023404528;;23,40452776;HFD;8;SOL;1;d;z;
0;10;;0,025784666;;25,78466581;HFD;8;SOL;1;d;z;
0;11;;0,023351106;;23,3511055;HFD;8;SOL;1;d;z;
0;12;;0,025947761;;25,94776054;HFD;8;SOL;1;d;z;
0;13;;0,025784672;;25,78467225;HFD;8;SOL;1;d;z;
0;14;;0,021785511;;21,78551072;HFD;8;SOL;1;d;z;
0;15;;0,027489034;;27,48903353;HFD;8;SOL;1;d;z;
0;16;;0,020965568;;20,96556789;HFD;8;SOL;1;d;z;
0;17;;0,026961236;;26,96123638;HFD;8;SOL;1;d;z;
0;18;;0,026524635;;26,52463488;HFD;8;SOL;1;d;z;
0;19;;0,020756997;;20,7569974;HFD;8;SOL;1;d;z;
0;20;;0,022640401;;22,6404014;HFD;8;SOL;1;d;z;
0;21;;0,027597558;;27,59755808;HFD;8;SOL;1;d;z;
0;22;;0,025978156;;25,97815609;HFD;8;SOL;1;d;z;
0;23;;0,023541927;;23,54192707;HFD;8;SOL;1;d;z;
0;24;;0,024123001;;24,12300091;HFD;8;SOL;1;d;z;
0;25;;0,028537772;;28,53777223;HFD;8;SOL;1;d;z;
0;26;;0,026850222;;26,85022153;HFD;8;SOL;1;d;z;
0;27;;0,028350226;;28,35022585;HFD;8;SOL;1;d;z;
0;28;;0,027346687;;27,34668671;HFD;8;SOL;1;d;z;
0;29;;0,024965414;;24,96541392;HFD;8;SOL;1;d;z;
0;30;;0,02333108;;23,33108016;HFD;8;SOL;1;d;z;
0;31;;0,033202547;;33,20254663;HFD;8;SOL;1;d;z;
0;32;;0,028386324;;28,3863236;HFD;8;SOL;1;d;z;
0;33;;0,03107569;;31,07569021;HFD;8;SOL;1;d;z;
0;34;;0,029510529;;29,51052851;HFD;8;SOL;1;d;z;
0;35;;0,028851985;;28,85198484;HFD;8;SOL;1;d;z;
0;36;;0,027205023;;27,20502258;HFD;8;SOL;1;d;z;
0;37;;0,027137355;;27,13735524;HFD;8;SOL;1;d;z;
0;38;;0,022927969;;22,92796913;HFD;8;SOL;1;d;z;
0;39;;0,02039016;;20,39016017;HFD;8;SOL;1;d;z;
0;40;;0,028852004;;28,85200437;HFD;8;SOL;1;d;z;
0;41;;0,02836426;;28,36425958;HFD;8;SOL;1;d;z;
0;42;;0,030941601;;30,94160052;HFD;8;SOL;1;d;z;
0;43;;0,034115096;;34,11509563;HFD;8;SOL;1;d;z;
0;44;;0,02805001;;28,05000986;HFD;8;SOL;1;d;z;
0;45;;0,025143064;;25,14306408;HFD;8;SOL;1;d;z;
0;46;;0,029089624;;29,08962441;HFD;8;SOL;1;d;z;
0;47;;0,025248769;;25,24876893;HFD;8;SOL;1;d;z;
0;48;;0,028283925;;28,28392521;HFD;8;SOL;1;d;z;
0;49;;0,032550485;;32,55048496;HFD;8;SOL;1;d;z;
0;50;;0,029410789;;29,41078877;HFD;8;SOL;1;d;z;
0;51;;0,029777481;;29,77748088;HFD;8;SOL;1;d;z;
0;52;;0,023610243;;23,6102425;HFD;8;SOL;1;d;z;
0;53;;0,034782002;;34,78200233;HFD;8;SOL;1;d;z;
0;54;;0,03746833;;37,46833005;HFD;8;SOL;1;d;z;
0;55;;0,027059987;;27,05998699;HFD;8;SOL;1;d;z;
0;56;;0,033484911;;33,48491088;HFD;8;SOL;1;d;z;
0;57;;0,022466509;;22,46650868;HFD;8;SOL;1;d;z;
0;58;;0,030855008;;30,85500794;HFD;8;SOL;1;d;z;
0;59;;0,030883304;;30,88330371;HFD;8;SOL;1;d;z;
0;60;;0,03470542;;34,70542037;HFD;8;SOL;1;d;z;
0;61;;0,032012537;;32,01253734;HFD;8;SOL;1;d;z;
0;62;;0,037587015;;37,58701496;HFD;8;SOL;1;d;z;
0;63;;0,035688887;;35,68888719;HFD;8;SOL;1;d;z;
0;64;;0,031109969;;31,10996864;HFD;8;SOL;1;d;z;
0;65;;0,028961148;;28,96114802;HFD;8;SOL;1;d;z;
0;66;;0,028137787;;28,13778728;HFD;8;SOL;1;d;z;
0;67;;0,027599175;;27,59917499;HFD;8;SOL;1;d;z;
0;68;;0,032644035;;32,64403475;HFD;8;SOL;1;d;z;
0;69;;0,029766436;;29,76643637;HFD;8;SOL;1;d;z;
0;70;;0,032525052;;32,52505178;HFD;8;SOL;1;d;z;
0;71;;0,030362691;;30,36269147;HFD;8;SOL;1;d;z;
0;72;;0,028556657;;28,55665662;HFD;8;SOL;1;d;z;
0;73;;0,02411403;;24,11402969;HFD;8;SOL;1;d;z;
0;74;;0,028884178;;28,88417766;HFD;8;SOL;1;d;z;
0;75;;0,03237708;;32,37707963;HFD;8;SOL;1;d;z;
0;76;;0,024299303;;24,2993032;HFD;8;SOL;1;d;z;
0;77;;0,03958393;;39,58392963;HFD;8;SOL;1;d;z;
0;78;;0,032594805;;32,59480487;HFD;8;SOL;1;d;z;
0;79;;0,034955232;;34,95523202;HFD;8;SOL;1;d;z;
0;80;;0,033321714;;33,32171414;HFD;8;SOL;1;d;z;
0;81;;0,030626064;;30,62606398;HFD;8;SOL;1;d;z;
0;82;;0,034823124;;34,82312354;HFD;8;SOL;1;d;z;
0;83;;0,036718345;;36,71834545;HFD;8;SOL;1;d;z;
0;84;;0,036554933;;36,5549329;HFD;8;SOL;1;d;z;
0;85;;0,035342993;;35,34299321;HFD;8;SOL;1;d;z;
0;86;;0,031023539;;31,02353864;HFD;8;SOL;1;d;z;
0;87;;0,026184695;;26,18469455;HFD;8;SOL;1;d;z;
0;88;;0,023373295;;23,37329453;HFD;8;SOL;1;d;z;
0;89;;0,03311489;;33,11489001;HFD;8;SOL;1;d;z;
0;90;;0,037766587;;37,76658746;HFD;8;SOL;1;d;z;
0;91;;0,035252119;;35,25211945;HFD;8;SOL;1;d;z;
0;92;;0,03726043;;37,26042989;HFD;8;SOL;1;d;z;
0;93;;0,033099001;;33,09900058;HFD;8;SOL;1;d;z;
0;94;;0,033038681;;33,03868089;HFD;8;SOL;1;d;z;
0;95;;0,035130592;;35,13059151;HFD;8;SOL;1;d;z;
0;96;;0,024595849;;24,59584905;HFD;8;SOL;1;d;z;
0;97;;0,040699964;;40,6999644;HFD;8;SOL;1;d;z;
0;98;;0,034775578;;34,77557833;HFD;8;SOL;1;d;z;
0;99;;0,035343022;;35,34302232;HFD;8;SOL;1;d;z;
0;100;;0,025802673;;25,80267315;HFD;8;SOL;1;d;z;
0;101;;0,037354044;;37,35404383;HFD;8;SOL;1;d;z;
0;102;;0,035967975;;35,96797494;HFD;8;SOL;1;d;z;
0;103;;0,039572029;;39,57202856;HFD;8;SOL;1;d;z;
0;104;;0,032119995;;32,11999504;HFD;8;SOL;1;d;z;
0;105;;0,035165511;;35,16551146;HFD;8;SOL;1;d;z;
0;106;;0,034262893;;34,2628933;HFD;8;SOL;1;d;z;
0;107;;0,032214824;;32,21482372;HFD;8;SOL;1;d;z;
0;108;;0,032537995;;32,53799514;HFD;8;SOL;1;d;z;
0;109;;0,037587;;37,58700041;HFD;8;SOL;1;d;z;
0;110;;0,038595711;;38,59571142;HFD;8;SOL;1;d;z;
0;111;;0,034220982;;34,22098234;HFD;8;SOL;1;d;z;
0;112;;0,037857598;;37,85759812;HFD;8;SOL;1;d;z;
0;113;;0,037080086;;37,08008637;HFD;8;SOL;1;d;z;
0;114;;0,038708997;;38,70899673;HFD;8;SOL;1;d;z;
0;115;;0,043757987;;43,75798744;HFD;8;SOL;1;d;z;
0;116;;0,037791473;;37,79147324;HFD;8;SOL;1;d;z;
0;117;;0,039672924;;39,67292408;HFD;8;SOL;1;d;z;
0;118;;0,037934737;;37,93473706;HFD;8;SOL;1;d;z;
0;119;;0,035358028;;35,35802772;HFD;8;SOL;1;d;z;
0;120;;0,039211306;;39,21130642;HFD;8;SOL;1;d;z;
0;121;;0,039668699;;39,66869922;HFD;8;SOL;1;d;z;
0;122;;0,034771222;;34,77122199;HFD;8;SOL;1;d;z;
0;123;;0,043757987;;43,75798744;HFD;8;SOL;1;d;z;
0;124;;0,035415442;;35,41544193;HFD;8;SOL;1;d;z;
0;125;;0,048591557;;48,59155726;HFD;8;SOL;1;d;z;
0;126;;0,042710662;;42,71066184;HFD;8;SOL;1;d;z;
0;127;;0,033846766;;33,84676618;HFD;8;SOL;1;d;z;
0;128;;0,045990675;;45,99067519;HFD;8;SOL;1;d;z;
0;129;;0,035713484;;35,71348435;HFD;8;SOL;1;d;z;
0;130;;0,044290989;;44,29098888;HFD;8;SOL;1;d;z;
0;131;;0,038147999;;38,14799857;HFD;8;SOL;1;d;z;
0;132;;0,052380836;;52,3808357;HFD;8;SOL;1;d;z;
0;133;;0,048845329;;48,84532894;HFD;8;SOL;1;d;z;
0;1;;0,020770835;;20,77083514;HFD;8;SOL;1;d;z002;
0;2;;0,024684006;;24,68400635;HFD;8;SOL;1;d;z002;
0;3;;0,026024558;;26,02455837;HFD;8;SOL;1;d;z002;
0;4;;0,019988122;;19,98812217;HFD;8;SOL;1;d;z002;
0;5;;0,028049995;;28,04999531;HFD;8;SOL;1;d;z002;
0;6;;0,024684006;;24,68400635;HFD;8;SOL;1;d;z002;
0;7;;0,01970085;;19,70085021;HFD;8;SOL;1;d;z002;
0;8;;0,022886777;;22,88677702;HFD;8;SOL;1;d;z002;
0;9;;0,025387971;;25,38797121;HFD;8;SOL;1;d;z002;
0;10;;0,025399281;;25,39928128;HFD;8;SOL;1;d;z002;
0;11;;0,017498495;;17,49849495;HFD;8;SOL;1;d;z002;
0;12;;0,020586225;;20,58622469;HFD;8;SOL;1;d;z002;
0;13;;0,024387324;;24,38732416;HFD;8;SOL;1;d;z002;
0;14;;0,019820311;;19,82031148;HFD;8;SOL;1;d;z002;
0;15;;0,023189531;;23,18953074;HFD;8;SOL;1;d;z002;
0;16;;0,023106387;;23,10638729;HFD;8;SOL;1;d;z002;
0;17;;0,023244377;;23,24437715;HFD;8;SOL;1;d;z002;
0;18;;0,02310194;;23,10193976;HFD;8;SOL;1;d;z002;
0;19;;0,023627541;;23,62754139;HFD;8;SOL;1;d;z002;
0;20;;0,019932731;;19,93273133;HFD;8;SOL;1;d;z002;
0;21;;0,024955034;;24,95503388;HFD;8;SOL;1;d;z002;
0;22;;0,027489004;;27,48900442;HFD;8;SOL;1;d;z002;
0;23;;0,021325405;;21,32540472;HFD;8;SOL;1;d;z002;
0;24;;0,020627734;;20,62773368;HFD;8;SOL;1;d;z002;
0;25;;0,024594621;;24,59462058;HFD;8;SOL;1;d;z002;
0;26;;0,025028161;;25,02816083;HFD;8;SOL;1;d;z002;
0;27;;0,023756254;;23,75625394;HFD;8;SOL;1;d;z002;
0;28;;0,027489004;;27,48900442;HFD;8;SOL;1;d;z002;
0;29;;0,022689566;;22,68956637;HFD;8;SOL;1;d;z002;
0;30;;0,017850919;;17,85091902;HFD;8;SOL;1;d;z002;
0;31;;0,0230816;;23,08160024;HFD;8;SOL;1;d;z002;
0;32;;0,025309386;;25,30938618;HFD;8;SOL;1;d;z002;
0;33;;0,021888403;;21,88840275;HFD;8;SOL;1;d;z002;
0;34;;0,029263023;;29,26302321;HFD;8;SOL;1;d;z002;
0;35;;0,026229722;;26,22972219;HFD;8;SOL;1;d;z002;
0;36;;0,028800315;;28,80031469;HFD;8;SOL;1;d;z002;
0;37;;0,018958769;;18,95876922;HFD;8;SOL;1;d;z002;
0;38;;0,025313961;;25,31396102;HFD;8;SOL;1;d;z002;
0;39;;0,02688697;;26,88696967;HFD;8;SOL;1;d;z002;
0;40;;0,02304242;;23,04241972;HFD;8;SOL;1;d;z002;
0;41;;0,023278093;;23,27809342;HFD;8;SOL;1;d;z002;
0;42;;0,022726359;;22,72635872;HFD;8;SOL;1;d;z002;
0;43;;0,022490541;;22,49054129;HFD;8;SOL;1;d;z002;
0;44;;0,024683977;;24,68397724;HFD;8;SOL;1;d;z002;
0;45;;0,02748899;;27,48898987;HFD;8;SOL;1;d;z002;
0;46;;0,030071559;;30,07155892;HFD;8;SOL;1;d;z002;
0;47;;0,025901034;;25,90103431;HFD;8;SOL;1;d;z002;
0;48;;0,023909425;;23,90942525;HFD;8;SOL;1;d;z002;
0;49;;0,030171884;;30,17188378;HFD;8;SOL;1;d;z002;
0;50;;0,023115002;;23,11500156;HFD;8;SOL;1;d;z002;
0;51;;0,026143685;;26,14368501;HFD;8;SOL;1;d;z002;
0;52;;0,027035634;;27,03563426;HFD;8;SOL;1;d;z002;
0;53;;0,023001019;;23,00101914;HFD;8;SOL;1;d;z002;
0;54;;0,028499511;;28,49951077;HFD;8;SOL;1;d;z002;
0;55;;0,026986693;;26,98669342;HFD;8;SOL;1;d;z002;
0;56;;0,024588881;;24,58888116;HFD;8;SOL;1;d;z002;
0;57;;0,019178592;;19,17859211;HFD;8;SOL;1;d;z002;
0;58;;0,028238965;;28,23896478;HFD;8;SOL;1;d;z002;
0;59;;0,025374755;;25,37475527;HFD;8;SOL;1;d;z002;
0;60;;0,02486175;;24,86175025;HFD;8;SOL;1;d;z002;
0;61;;0,029102881;;29,10288061;HFD;8;SOL;1;d;z002;
0;62;;0,025819257;;25,81925709;HFD;8;SOL;1;d;z002;
0;63;;0,019620583;;19,62058277;HFD;8;SOL;1;d;z002;
0;64;;0,028466733;;28,46673349;HFD;8;SOL;1;d;z002;
0;65;;0,023298672;;23,29867185;HFD;8;SOL;1;d;z002;
0;66;;0,024439628;;24,43962824;HFD;8;SOL;1;d;z002;
0;67;;0,030202663;;30,20266255;HFD;8;SOL;1;d;z002;
0;68;;0,025784657;;25,78465681;HFD;8;SOL;1;d;z002;
0;69;;0,025734795;;25,73479463;HFD;8;SOL;1;d;z002;
0;70;;0,029955505;;29,95550529;HFD;8;SOL;1;d;z002;
0;71;;0,028611015;;28,6110153;HFD;8;SOL;1;d;z002;
0;72;;0,024085134;;24,08513449;HFD;8;SOL;1;d;z002;
0;73;;0,028349092;;28,34909175;HFD;8;SOL;1;d;z002;
0;74;;0,029102874;;29,1028741;HFD;8;SOL;1;d;z002;
0;75;;0,025540857;;25,54085748;HFD;8;SOL;1;d;z002;
0;76;;0,025759756;;25,75975606;HFD;8;SOL;1;d;z002;
0;77;;0,021255818;;21,25581751;HFD;8;SOL;1;d;z002;
0;78;;0,032401317;;32,40131724;HFD;8;SOL;1;d;z002;
0;79;;0,024394281;;24,39428124;HFD;8;SOL;1;d;z002;
0;80;;0,027617085;;27,61708538;HFD;8;SOL;1;d;z002;
0;81;;0,031148482;;31,14848156;HFD;8;SOL;1;d;z002;
0;82;;0,030414974;;30,41497376;HFD;8;SOL;1;d;z002;
0;83;;0,022881744;;22,88174405;HFD;8;SOL;1;d;z002;
0;84;;0,030049354;;30,04935424;HFD;8;SOL;1;d;z002;
0;85;;0,027054948;;27,05494793;HFD;8;SOL;1;d;z002;
0;86;;0,030906339;;30,9063391;HFD;8;SOL;1;d;z002;
0;87;;0,030207154;;30,20715357;HFD;8;SOL;1;d;z002;
0;88;;0,024085134;;24,08513449;HFD;8;SOL;1;d;z002;
0;89;;0,025824691;;25,82469126;HFD;8;SOL;1;d;z002;
0;90;;0,028896707;;28,89670684;HFD;8;SOL;1;d;z002;
0;91;;0,026782078;;26,78207771;HFD;8;SOL;1;d;z002;
0;92;;0,026262813;;26,26281289;HFD;8;SOL;1;d;z002;
0;93;;0,022971685;;22,97168541;HFD;8;SOL;1;d;z002;
0;94;;0,031461667;;31,46166702;HFD;8;SOL;1;d;z002;
0;95;;0,029733026;;29,73302617;HFD;8;SOL;1;d;z002;
0;96;;0,028281903;;28,28190283;HFD;8;SOL;1;d;z002;
0;97;;0,028337798;;28,33779795;HFD;8;SOL;1;d;z002;
0;98;;0,031854105;;31,85410501;HFD;8;SOL;1;d;z002;
0;99;;0,029337976;;29,33797622;HFD;8;SOL;1;d;z002;
0;100;;0,031283652;;31,28365222;HFD;8;SOL;1;d;z002;
0;101;;0,030294002;;30,2940025;HFD;8;SOL;1;d;z002;
0;102;;0,023652729;;23,65272917;HFD;8;SOL;1;d;z002;
0;103;;0,033087007;;33,08700651;HFD;8;SOL;1;d;z002;
0;104;;0,03458326;;34,58325966;HFD;8;SOL;1;d;z002;
0;105;;0,029522888;;29,52288751;HFD;8;SOL;1;d;z002;
0;106;;0,030091668;;30,09166811;HFD;8;SOL;1;d;z002;
0;107;;0,025805988;;25,80598812;HFD;8;SOL;1;d;z002;
0;108;;0,03304436;;33,04435996;HFD;8;SOL;1;d;z002;
0;109;;0,029171992;;29,17199163;HFD;8;SOL;1;d;z002;
0;110;;0,031375132;;31,37513179;HFD;8;SOL;1;d;z002;
0;111;;0,030045948;;30,04594841;HFD;8;SOL;1;d;z002;
0;112;;0,03182961;;31,82961018;HFD;8;SOL;1;d;z002;
0;113;;0,03234267;;32,34267019;HFD;8;SOL;1;d;z002;
0;114;;0,031338303;;31,33830284;HFD;8;SOL;1;d;z002;
0;115;;0,032700448;;32,70044827;HFD;8;SOL;1;d;z002;
0;116;;0,029666961;;29,66696092;HFD;8;SOL;1;d;z002;
0;117;;0,026166486;;26,16648589;HFD;8;SOL;1;d;z002;
0;118;;0,030808517;;30,80851687;HFD;8;SOL;1;d;z002;
0;119;;0,028979105;;28,97910513;HFD;8;SOL;1;d;z002;
0;120;;0,034471516;;34,47151631;HFD;8;SOL;1;d;z002;
0;121;;0,028756951;;28,75695123;HFD;8;SOL;1;d;z002;
0;122;;0,027746428;;27,74642765;HFD;8;SOL;1;d;z002;
0;123;;0,023698953;;23,69895298;HFD;8;SOL;1;d;z002;
0;124;;0,026366994;;26,36699355;HFD;8;SOL;1;d;z002;
0;125;;0,027597584;;27,59758411;HFD;8;SOL;1;d;z002;
0;126;;0,030973029;;30,97302943;HFD;8;SOL;1;d;z002;
0;127;;0,028053374;;28,053374;HFD;8;SOL;1;d;z002;
0;128;;0,030730952;;30,73095203;HFD;8;SOL;1;d;z002;
0;129;;0,026763877;;26,76387679;HFD;8;SOL;1;d;z002;
0;130;;0,028058677;;28,05867744;HFD;8;SOL;1;d;z002;
0;131;;0,02613866;;26,13865974;HFD;8;SOL;1;d;z002;
0;132;;0,028946752;;28,9467515;HFD;8;SOL;1;d;z002;
0;133;;0,028350213;;28,35021283;HFD;8;SOL;1;d;z002;
0;134;;0,028564651;;28,56465096;HFD;8;SOL;1;d;z002;
0;135;;0,028839289;;28,83928931;HFD;8;SOL;1;d;z002;
0;136;;0,034294319;;34,29431886;HFD;8;SOL;1;d;z002;
0;137;;0,03149926;;31,49926012;HFD;8;SOL;1;d;z002;
0;138;;0,027888818;;27,88881839;HFD;8;SOL;1;d;z002;
0;139;;0,029171992;;29,17199163;HFD;8;SOL;1;d;z002;
0;140;;0,030104758;;30,10475821;HFD;8;SOL;1;d;z002;
0;141;;0,030913967;;30,91396711;HFD;8;SOL;1;d;z002;
0;142;;0,026288741;;26,28874137;HFD;8;SOL;1;d;z002;
0;143;;0,035194384;;35,19438431;HFD;8;SOL;1;d;z002;
0;144;;0,030419715;;30,4197146;HFD;8;SOL;1;d;z002;
0;145;;0,03286075;;32,86075025;HFD;8;SOL;1;d;z002;
0;146;;0,029172021;;29,17202073;HFD;8;SOL;1;d;z002;
0;147;;0,033117079;;33,11707945;HFD;8;SOL;1;d;z002;
0;148;;0,031294988;;31,29498828;HFD;8;SOL;1;d;z002;
0;149;;0,027346669;;27,34666882;HFD;8;SOL;1;d;z002;
0;150;;0,03386033;;33,86032954;HFD;8;SOL;1;d;z002;
0;151;;0,033652198;;33,65219812;HFD;8;SOL;1;d;z002;
0;152;;0,026578031;;26,57803059;HFD;8;SOL;1;d;z002;
0;153;;0,036258208;;36,25820775;HFD;8;SOL;1;d;z002;
0;154;;0,029568952;;29,56895206;HFD;8;SOL;1;d;z002;
0;155;;0,033302882;;33,30288157;HFD;8;SOL;1;d;z002;
0;156;;0,0293332;;29,33319987;HFD;8;SOL;1;d;z002;
0;157;;0,034267809;;34,26780894;HFD;8;SOL;1;d;z002;
0;158;;0,029803102;;29,80310182;HFD;8;SOL;1;d;z002;
0;159;;0,035903999;;35,90399865;HFD;8;SOL;1;d;z002;
0;160;;0,033575852;;33,57585156;HFD;8;SOL;1;d;z002;
0;161;;0,028715366;;28,71536622;HFD;8;SOL;1;d;z002;
0;162;;0,03015667;;30,15667011;HFD;8;SOL;1;d;z002;
0;163;;0,027557125;;27,55712503;HFD;8;SOL;1;d;z002;
0;164;;0,02985554;;29,85554025;HFD;8;SOL;1;d;z002;
0;165;;0,030777552;;30,77755215;HFD;8;SOL;1;d;z002;
0;166;;0,03117868;;31,17867969;HFD;8;SOL;1;d;z002;
0;167;;0,038612209;;38,6122089;HFD;8;SOL;1;d;z002;
0;168;;0,030585124;;30,58512408;HFD;8;SOL;1;d;z002;
0;169;;0,032891782;;32,89178223;HFD;8;SOL;1;d;z002;
0;170;;0,035376673;;35,37667299;HFD;8;SOL;1;d;z002;
0;171;;0,029732997;;29,73299706;HFD;8;SOL;1;d;z002;
0;172;;0,03365688;;33,6568802;HFD;8;SOL;1;d;z002;
0;173;;0,032410728;;32,41072771;HFD;8;SOL;1;d;z002;
0;174;;0,035470147;;35,47014693;HFD;8;SOL;1;d;z002;
0;175;;0,024717127;;24,71712697;HFD;8;SOL;1;d;z002;
0;176;;0,032414093;;32,41409315;HFD;8;SOL;1;d;z002;
0;177;;0,023826286;;23,82628624;HFD;8;SOL;1;d;z002;
0;178;;0,032452993;;32,45299255;HFD;8;SOL;1;d;z002;
0;179;;0,032934063;;32,93406309;HFD;8;SOL;1;d;z002;
0;180;;0,028049981;;28,04998076;HFD;8;SOL;1;d;z002;
0;181;;0,032847722;;32,84772249;HFD;8;SOL;1;d;z002;
0;182;;0,034184677;;34,18467668;HFD;8;SOL;1;d;z002;
0;183;;0,036880376;;36,88037602;HFD;8;SOL;1;d;z002;
0;184;;0,036066624;;36,06662401;HFD;8;SOL;1;d;z002;
0;185;;0,038708997;;38,70899673;HFD;8;SOL;1;d;z002;
0;186;;0,034459778;;34,45977844;HFD;8;SOL;1;d;z002;
0;187;;0,039270002;;39,27000216;HFD;8;SOL;1;d;z002;
0;188;;0,031297648;;31,29764832;HFD;8;SOL;1;d;z002;
0;189;;0,036287846;;36,28784628;HFD;8;SOL;1;d;z002;
0;190;;0,040952989;;40,95298937;HFD;8;SOL;1;d;z002;
0;191;;0,031905979;;31,9059788;HFD;8;SOL;1;d;z002;
0;192;;0,041566836;;41,56683589;HFD;8;SOL;1;d;z002;
0;193;;0,039374083;;39,37408262;HFD;8;SOL;1;d;z002;
0;194;;0,037587;;37,58700041;HFD;8;SOL;1;d;z002;
0;195;;0,049195818;;49,19581833;HFD;8;SOL;1;d;z002;
0;1;;0,021421115;;21,42111518;HFD;8;SOL;2;d;z;
0;2;;0,023562003;;23,56200275;HFD;8;SOL;2;d;z;
0;3;;0,026377733;;26,3777329;HFD;8;SOL;2;d;z;
0;4;;0,031023452;;31,02345247;HFD;8;SOL;2;d;z;
0;5;;0,021545361;;21,54536105;HFD;8;SOL;2;d;z;
0;6;;0,02960464;;29,6046396;HFD;8;SOL;2;d;z;
0;7;;0,030017452;;30,01745222;HFD;8;SOL;2;d;z;
0;8;;0,031120885;;31,12088481;HFD;8;SOL;2;d;z;
0;9;;0,026420802;;26,42080165;HFD;8;SOL;2;d;z;
0;10;;0,027738366;;27,73836603;HFD;8;SOL;2;d;z;
0;11;;0,031475648;;31,47564833;HFD;8;SOL;2;d;z;
0;12;;0,030508369;;30,5083689;HFD;8;SOL;2;d;z;
0;13;;0,027093012;;27,09301206;HFD;8;SOL;2;d;z;
0;14;;0,027874366;;27,87436624;HFD;8;SOL;2;d;z;
0;15;;0,035585477;;35,5854773;HFD;8;SOL;2;d;z;
0;16;;0,031509848;;31,50984789;HFD;8;SOL;2;d;z;
0;17;;0,030621411;;30,62141081;HFD;8;SOL;2;d;z;
0;18;;0,023852676;;23,85267638;HFD;8;SOL;2;d;z;
0;19;;0,029972246;;29,97224551;HFD;8;SOL;2;d;z;
0;20;;0,02586514;;25,86514042;HFD;8;SOL;2;d;z;
0;21;;0,027062853;;27,06285268;HFD;8;SOL;2;d;z;
0;22;;0,026925762;;26,92576241;HFD;8;SOL;2;d;z;
0;23;;0,027724448;;27,72444771;HFD;8;SOL;2;d;z;
0;24;;0,024864055;;24,86405487;HFD;8;SOL;2;d;z;
0;25;;0,031862643;;31,86264292;HFD;8;SOL;2;d;z;
0;26;;0,029604653;;29,60465262;HFD;8;SOL;2;d;z;
0;27;;0,027460809;;27,46080854;HFD;8;SOL;2;d;z;
0;28;;0,035903999;;35,90399865;HFD;8;SOL;2;d;z;
0;29;;0,036613695;;36,6136952;HFD;8;SOL;2;d;z;
0;30;;0,031416013;;31,41601337;HFD;8;SOL;2;d;z;
0;31;;0,035904;;35,90400047;HFD;8;SOL;2;d;z;
0;32;;0,026902731;;26,90273078;HFD;8;SOL;2;d;z;
0;33;;0,030780628;;30,78062831;HFD;8;SOL;2;d;z;
0;34;;0,033472706;;33,47270627;HFD;8;SOL;2;d;z;
0;35;;0,03483607;;34,83606999;HFD;8;SOL;2;d;z;
0;36;;0,027176312;;27,17631236;HFD;8;SOL;2;d;z;
0;37;;0,033698017;;33,69801652;HFD;8;SOL;2;d;z;
0;38;;0,030842199;;30,84219933;HFD;8;SOL;2;d;z;
0;39;;0,029751405;;29,75140464;HFD;8;SOL;2;d;z;
0;40;;0,033405341;;33,40534125;HFD;8;SOL;2;d;z;
0;41;;0,032280715;;32,28071485;HFD;8;SOL;2;d;z;
0;42;;0,033309255;;33,30925519;HFD;8;SOL;2;d;z;
0;43;;0,033541002;;33,54100162;HFD;8;SOL;2;d;z;
0;44;;0,032035038;;32,03503817;HFD;8;SOL;2;d;z;
0;45;;0,028851029;;28,85102948;HFD;8;SOL;2;d;z;
0;46;;0,033783564;;33,7835642;HFD;8;SOL;2;d;z;
0;47;;0,029517766;;29,51776615;HFD;8;SOL;2;d;z;
0;48;;0,038116209;;38,11620919;HFD;8;SOL;2;d;z;
0;49;;0,037798352;;37,79835208;HFD;8;SOL;2;d;z;
0;50;;0,031860529;;31,86052916;HFD;8;SOL;2;d;z;
0;51;;0,032537995;;32,53799514;HFD;8;SOL;2;d;z;
0;52;;0,037984524;;37,98452414;HFD;8;SOL;2;d;z;
0;53;;0,043243323;;43,24332303;HFD;8;SOL;2;d;z;
0;54;;0,029881875;;29,8818747;HFD;8;SOL;2;d;z;
0;55;;0,037669068;;37,66906799;HFD;8;SOL;2;d;z;
0;56;;0,035144039;;35,14403941;HFD;8;SOL;2;d;z;
0;57;;0,032148465;;32,14846543;HFD;8;SOL;2;d;z;
0;58;;0,040643669;;40,64366934;HFD;8;SOL;2;d;z;
0;59;;0,034120614;;34,12061371;HFD;8;SOL;2;d;z;
0;60;;0,035625936;;35,62593624;HFD;8;SOL;2;d;z;
0;61;;0,036464997;;36,46499681;HFD;8;SOL;2;d;z;
0;62;;0,039153397;;39,15339715;HFD;8;SOL;2;d;z;
0;63;;0,036981045;;36,98104524;HFD;8;SOL;2;d;z;
0;64;;0,028015792;;28,01579234;HFD;8;SOL;2;d;z;
0;65;;0,038614238;;38,61423768;HFD;8;SOL;2;d;z;
0;66;;0,029171992;;29,17199163;HFD;8;SOL;2;d;z;
0;67;;0,031516854;;31,51685443;HFD;8;SOL;2;d;z;
0;68;;0,038329466;;38,32946603;HFD;8;SOL;2;d;z;
0;69;;0,036969643;;36,96964315;HFD;8;SOL;2;d;z;
0;70;;0,027317092;;27,31709226;HFD;8;SOL;2;d;z;
0;71;;0,02991165;;29,91164989;HFD;8;SOL;2;d;z;
0;72;;0,035979051;;35,97905128;HFD;8;SOL;2;d;z;
0;73;;0,033753168;;33,75316787;HFD;8;SOL;2;d;z;
0;74;;0,03299063;;32,9906295;HFD;8;SOL;2;d;z;
0;75;;0,028133697;;28,13369662;HFD;8;SOL;2;d;z;
0;76;;0,041501762;;41,50176231;HFD;8;SOL;2;d;z;
0;77;;0,034669587;;34,66958676;HFD;8;SOL;2;d;z;
0;78;;0,036080799;;36,08079905;HFD;8;SOL;2;d;z;
0;79;;0,029347895;;29,34789478;HFD;8;SOL;2;d;z;
0;80;;0,041933221;;41,93322123;HFD;8;SOL;2;d;z;
0;81;;0,040867877;;40,86787696;HFD;8;SOL;2;d;z;
0;82;;0,031145992;;31,14599197;HFD;8;SOL;2;d;z;
0;83;;0,044971417;;44,97141743;HFD;8;SOL;2;d;z;
0;84;;0,040877869;;40,87786884;HFD;8;SOL;2;d;z;
0;85;;0,037954633;;37,95463321;HFD;8;SOL;2;d;z;
0;86;;0,040973892;;40,97389232;HFD;8;SOL;2;d;z;
0;87;;0,040856938;;40,8569376;HFD;8;SOL;2;d;z;
0;88;;0,035195804;;35,19580368;HFD;8;SOL;2;d;z;
0;89;;0,046170291;;46,1702905;HFD;8;SOL;2;d;z;
0;90;;0,04093996;;40,93995962;HFD;8;SOL;2;d;z;
0;91;;0,038552787;;38,55278709;HFD;8;SOL;2;d;z;
0;92;;0,036440624;;36,4406243;HFD;8;SOL;2;d;z;
0;93;;0,036264393;;36,26439334;HFD;8;SOL;2;d;z;
0;94;;0,032718661;;32,71866108;HFD;8;SOL;2;d;z;
0;95;;0,040643676;;40,64367585;HFD;8;SOL;2;d;z;
0;96;;0,035903999;;35,90399865;HFD;8;SOL;2;d;z;
0;97;;0,043881848;;43,88184804;HFD;8;SOL;2;d;z;
0;98;;0,033768254;;33,768254;HFD;8;SOL;2;d;z;
0;99;;0,038994158;;38,99415756;HFD;8;SOL;2;d;z;
0;100;;0,04213483;;42,13483043;HFD;8;SOL;2;d;z;
0;101;;0,041255444;;41,25544421;HFD;8;SOL;2;d;z;
0;102;;0,042529964;;42,52996364;HFD;8;SOL;2;d;z;
0;103;;0,035591472;;35,59147152;HFD;8;SOL;2;d;z;
0;104;;0,030703804;;30,70380366;HFD;8;SOL;2;d;z;
0;105;;0,045106217;;45,10621734;HFD;8;SOL;2;d;z;
0;106;;0,039296238;;39,29623794;HFD;8;SOL;2;d;z;
0;107;;0,043997093;;43,99709324;HFD;8;SOL;2;d;z;
0;108;;0,041329287;;41,32928712;HFD;8;SOL;2;d;z;
0;109;;0,04191783;;41,91782982;HFD;8;SOL;2;d;z;
0;110;;0,051051;;51,0509999;HFD;8;SOL;2;d;z;
0;111;;0,045637861;;45,63786116;HFD;8;SOL;2;d;z;
0;112;;0,047131901;;47,13190116;HFD;8;SOL;2;d;z;
0;113;;0,048593945;;48,5939446;HFD;8;SOL;2;d;z;
0;114;;0,042527076;;42,52707563;HFD;8;SOL;2;d;z;
0;1;;0,022323604;;22,32360391;HFD;8;SOL;2;d;z001;
0;2;;0,026312473;;26,31247337;HFD;8;SOL;2;d;z001;
0;3;;0,026560809;;26,560809;HFD;8;SOL;2;d;z001;
0;4;;0,024164913;;24,16491333;HFD;8;SOL;2;d;z001;
0;5;;0,021753049;;21,75304909;HFD;8;SOL;2;d;z001;
0;6;;0,030798538;;30,79853763;HFD;8;SOL;2;d;z001;
0;7;;0,026927999;;26,92799899;HFD;8;SOL;2;d;z001;
0;8;;0,029709918;;29,70991763;HFD;8;SOL;2;d;z001;
0;9;;0,031096083;;31,09608284;HFD;8;SOL;2;d;z001;
0;10;;0,028394764;;28,39476367;HFD;8;SOL;2;d;z001;
0;11;;0,024085134;;24,08513449;HFD;8;SOL;2;d;z001;
0;12;;0,024684006;;24,68400635;HFD;8;SOL;2;d;z001;
0;13;;0,025220915;;25,22091513;HFD;8;SOL;2;d;z001;
0;14;;0,025590594;;25,59059378;HFD;8;SOL;2;d;z001;
0;15;;0,024304486;;24,30448603;HFD;8;SOL;2;d;z001;
0;16;;0,028559932;;28,55993164;HFD;8;SOL;2;d;z001;
0;17;;0,029817547;;29,8175471;HFD;8;SOL;2;d;z001;
0;18;;0,025461547;;25,46154677;HFD;8;SOL;2;d;z001;
0;19;;0,028611001;;28,61100074;HFD;8;SOL;2;d;z001;
0;20;;0,022679958;;22,67995777;HFD;8;SOL;2;d;z001;
0;21;;0,023522321;;23,52232087;HFD;8;SOL;2;d;z001;
0;22;;0,025250353;;25,25035345;HFD;8;SOL;2;d;z001;
0;23;;0,028531283;;28,53128347;HFD;8;SOL;2;d;z001;
0;24;;0,027126739;;27,12673921;HFD;8;SOL;2;d;z001;
0;25;;0,026911488;;26,91148793;HFD;8;SOL;2;d;z001;
0;26;;0,029183893;;29,1838929;HFD;8;SOL;2;d;z001;
0;27;;0,022300543;;22,30054275;HFD;8;SOL;2;d;z001;
0;28;;0,027632751;;27,63275125;HFD;8;SOL;2;d;z001;
0;29;;0,027049769;;27,04976851;HFD;8;SOL;2;d;z001;
0;30;;0,025380988;;25,38098779;HFD;8;SOL;2;d;z001;
0;31;;0,032461381;;32,46138129;HFD;8;SOL;2;d;z001;
0;32;;0,027995964;;27,99596367;HFD;8;SOL;2;d;z001;
0;33;;0,027625202;;27,62520247;HFD;8;SOL;2;d;z001;
0;34;;0,026765867;;26,76586739;HFD;8;SOL;2;d;z001;
0;35;;0,028697094;;28,69709391;HFD;8;SOL;2;d;z001;
0;36;;0,029876986;;29,87698602;HFD;8;SOL;2;d;z001;
0;37;;0,031114111;;31,11411058;HFD;8;SOL;2;d;z001;
0;38;;0,030855008;;30,85500794;HFD;8;SOL;2;d;z001;
0;39;;0,02795865;;27,95865003;HFD;8;SOL;2;d;z001;
0;40;;0,025244997;;25,24499723;HFD;8;SOL;2;d;z001;
0;41;;0,025580246;;25,58024617;HFD;8;SOL;2;d;z001;
0;42;;0,029701942;;29,70194236;HFD;8;SOL;2;d;z001;
0;43;;0,029571481;;29,57148077;HFD;8;SOL;2;d;z001;
0;44;;0,028519609;;28,51960926;HFD;8;SOL;2;d;z001;
0;45;;0,03186263;;31,86262991;HFD;8;SOL;2;d;z001;
0;46;;0,030149829;;30,14982933;HFD;8;SOL;2;d;z001;
0;47;;0,029341582;;29,34158243;HFD;8;SOL;2;d;z001;
0;48;;0,030854993;;30,85499338;HFD;8;SOL;2;d;z001;
0;49;;0,02948415;;29,48415006;HFD;8;SOL;2;d;z001;
0;50;;0,024123001;;24,12300091;HFD;8;SOL;2;d;z001;
0;51;;0,034424892;;34,42489244;HFD;8;SOL;2;d;z001;
0;52;;0,03389268;;33,89267979;HFD;8;SOL;2;d;z001;
0;53;;0,030325437;;30,32543743;HFD;8;SOL;2;d;z001;
0;54;;0,025244997;;25,24499723;HFD;8;SOL;2;d;z001;
0;55;;0,025387966;;25,38796606;HFD;8;SOL;2;d;z001;
0;56;;0,027335934;;27,33593376;HFD;8;SOL;2;d;z001;
0;57;;0,028598021;;28,59802099;HFD;8;SOL;2;d;z001;
0;58;;0,029625487;;29,62548653;HFD;8;SOL;2;d;z001;
0;59;;0,027852137;;27,85213677;HFD;8;SOL;2;d;z001;
0;60;;0,030479058;;30,47905842;HFD;8;SOL;2;d;z001;
0;61;;0,030874006;;30,87400559;HFD;8;SOL;2;d;z001;
0;62;;0,029928979;;29,92897871;HFD;8;SOL;2;d;z001;
0;63;;0,028813379;;28,81337931;HFD;8;SOL;2;d;z001;
0;64;;0,032537995;;32,53799514;HFD;8;SOL;2;d;z001;
0;65;;0,035868952;;35,86895217;HFD;8;SOL;2;d;z001;
0;66;;0,035083291;;35,08329119;HFD;8;SOL;2;d;z001;
0;67;;0,030296712;;30,29671247;HFD;8;SOL;2;d;z001;
0;68;;0,034782017;;34,78201688;HFD;8;SOL;2;d;z001;
0;69;;0,034868195;;34,86819455;HFD;8;SOL;2;d;z001;
0;70;;0,031415999;;31,41599882;HFD;8;SOL;2;d;z001;
0;71;;0,033453399;;33,45339944;HFD;8;SOL;2;d;z001;
0;72;;0,041601474;;41,60147384;HFD;8;SOL;2;d;z001;
0;73;;0,033257987;;33,2579867;HFD;8;SOL;2;d;z001;
0;74;;0,027904073;;27,90407317;HFD;8;SOL;2;d;z001;
0;75;;0,032438809;;32,43880907;HFD;8;SOL;2;d;z001;
0;76;;0,040445304;;40,44530352;HFD;8;SOL;2;d;z001;
0;77;;0,026270929;;26,27092887;HFD;8;SOL;2;d;z001;
0;78;;0,034205137;;34,20513652;HFD;8;SOL;2;d;z001;
0;79;;0,030435101;;30,43510097;HFD;8;SOL;2;d;z001;
0;80;;0,03118264;;31,18263958;HFD;8;SOL;2;d;z001;
0;81;;0,028611015;;28,6110153;HFD;8;SOL;2;d;z001;
0;82;;0,032528348;;32,52834808;HFD;8;SOL;2;d;z001;
0;83;;0,02596507;;25,96507005;HFD;8;SOL;2;d;z001;
0;84;;0,033932531;;33,93253132;HFD;8;SOL;2;d;z001;
0;85;;0,03029401;;30,29400978;HFD;8;SOL;2;d;z001;
0;86;;0,031416013;;31,41601337;HFD;8;SOL;2;d;z001;
0;87;;0,032654002;;32,65400177;HFD;8;SOL;2;d;z001;
0;88;;0,037798333;;37,79833281;HFD;8;SOL;2;d;z001;
0;89;;0,038134813;;38,13481255;HFD;8;SOL;2;d;z001;
0;90;;0,026491029;;26,49102928;HFD;8;SOL;2;d;z001;
0;91;;0,030123312;;30,1233119;HFD;8;SOL;2;d;z001;
0;92;;0,037669068;;37,66906799;HFD;8;SOL;2;d;z001;
0;93;;0,038478653;;38,4786527;HFD;8;SOL;2;d;z001;
0;94;;0,032744097;;32,7440969;HFD;8;SOL;2;d;z001;
0;95;;0,038747835;;38,74783537;HFD;8;SOL;2;d;z001;
0;96;;0,032025484;;32,02548378;HFD;8;SOL;2;d;z001;
0;97;;0,037640029;;37,64002893;HFD;8;SOL;2;d;z001;
0;98;;0,040666285;;40,66628515;HFD;8;SOL;2;d;z001;
0;99;;0,034203835;;34,20383542;HFD;8;SOL;2;d;z001;
0;100;;0,035584707;;35,5847067;HFD;8;SOL;2;d;z001;
0;101;;0,037282571;;37,28257137;HFD;8;SOL;2;d;z001;
0;102;;0,034846735;;34,84673458;HFD;8;SOL;2;d;z001;
0;103;;0,03746202;;37,46201995;HFD;8;SOL;2;d;z001;
0;104;;0,030357312;;30,35731226;HFD;8;SOL;2;d;z001;
0;105;;0,036465004;;36,46500409;HFD;8;SOL;2;d;z001;
0;106;;0,036380374;;36,38037361;HFD;8;SOL;2;d;z001;
0;107;;0,033032169;;33,032169;HFD;8;SOL;2;d;z001;
0;108;;0,035823884;;35,82388403;HFD;8;SOL;2;d;z001;
0;109;;0,045241778;;45,24177795;HFD;8;SOL;2;d;z001;
0;110;;0,039516769;;39,5167688;HFD;8;SOL;2;d;z001;
0;111;;0,037587;;37,58700041;HFD;8;SOL;2;d;z001;
0;112;;0,042075;;42,07500024;HFD;8;SOL;2;d;z001;
0;113;;0,035065422;;35,06542243;HFD;8;SOL;2;d;z001;
0;114;;0,039831001;;39,83100123;HFD;8;SOL;2;d;z001;
0;115;;0,030988407;;30,988407;HFD;8;SOL;2;d;z001;
0;116;;0,03702601;;37,02600952;HFD;8;SOL;2;d;z001;
0;117;;0,040446389;;40,44638862;HFD;8;SOL;2;d;z001;
0;118;;0,042940877;;42,94087699;HFD;8;SOL;2;d;z001;
0;119;;0,041556796;;41,55679633;HFD;8;SOL;2;d;z001;
0;120;;0,040698205;;40,69820539;HFD;8;SOL;2;d;z001;
0;121;;0,040928805;;40,92880476;HFD;8;SOL;2;d;z001;
0;122;;0,040979358;;40,97935756;HFD;8;SOL;2;d;z001;
0;123;;0,038346433;;38,34643276;HFD;8;SOL;2;d;z001;
0;124;;0,035560942;;35,56094184;HFD;8;SOL;2;d;z001;
0;125;;0,048566153;;48,56615347;HFD;8;SOL;2;d;z001;
0;126;;0,040560947;;40,56094657;HFD;8;SOL;2;d;z001;
0;127;;0,044493431;;44,49343119;HFD;8;SOL;2;d;z001;
0;128;;0,04503889;;45,03889018;HFD;8;SOL;2;d;z001;
0;129;;0,036117231;;36,11723122;HFD;8;SOL;2;d;z001;
0;130;;0,042413252;;42,41325156;HFD;8;SOL;2;d;z001;
0;131;;0,052384955;;52,38495515;HFD;8;SOL;2;d;z001;
0;1;;0,025444488;;25,44448769;HFD;8;SOL;2;i;z;
0;2;;0,021675549;;21,67554899;HFD;8;SOL;2;i;z;
0;3;;0,020392095;;20,39209478;HFD;8;SOL;2;i;z;
0;4;;0,028569959;;28,56995864;HFD;8;SOL;2;i;z;
0;5;;0,023718747;;23,71874659;HFD;8;SOL;2;i;z;
0;6;;0,020469831;;20,46983055;HFD;8;SOL;2;i;z;
0;7;;0,027568108;;27,56810812;HFD;8;SOL;2;i;z;
0;8;;0,027668319;;27,66831873;HFD;8;SOL;2;i;z;
0;9;;0,028382325;;28,38232536;HFD;8;SOL;2;i;z;
0;10;;0,028049995;;28,04999531;HFD;8;SOL;2;i;z;
0;11;;0,026508532;;26,50853151;HFD;8;SOL;2;i;z;
0;12;;0,028232989;;28,23298877;HFD;8;SOL;2;i;z;
0;13;;0,033534645;;33,53464487;HFD;8;SOL;2;i;z;
0;14;;0,034261525;;34,26152482;HFD;8;SOL;2;i;z;
0;15;;0,027375716;;27,37571578;HFD;8;SOL;2;i;z;
0;16;;0,037857625;;37,85762519;HFD;8;SOL;2;i;z;
0;17;;0,032607514;;32,60751394;HFD;8;SOL;2;i;z;
0;18;;0,036939;;36,93899971;HFD;8;SOL;2;i;z;
0;19;;0,035343008;;35,34300777;HFD;8;SOL;2;i;z;
0;20;;0,032726923;;32,72692312;HFD;8;SOL;2;i;z;
0;21;;0,03214288;;32,14288047;HFD;8;SOL;2;i;z;
0;22;;0,031719914;;31,71991359;HFD;8;SOL;2;i;z;
0;23;;0,033099001;;33,09900058;HFD;8;SOL;2;i;z;
0;24;;0,034349732;;34,34973197;HFD;8;SOL;2;i;z;
0;25;;0,026003771;;26,00377144;HFD;8;SOL;2;i;z;
0;26;;0,027852945;;27,85294546;HFD;8;SOL;2;i;z;
0;27;;0,026047177;;26,04717656;HFD;8;SOL;2;i;z;
0;28;;0,036378604;;36,37860401;HFD;8;SOL;2;i;z;
0;29;;0,034115085;;34,11508535;HFD;8;SOL;2;i;z;
0;30;;0,029628848;;29,62884777;HFD;8;SOL;2;i;z;
0;31;;0,036465004;;36,46500409;HFD;8;SOL;2;i;z;
0;32;;0,034782017;;34,78201688;HFD;8;SOL;2;i;z;
0;33;;0,034599596;;34,59959602;HFD;8;SOL;2;i;z;
0;34;;0,032015734;;32,01573445;HFD;8;SOL;2;i;z;
0;35;;0,029732997;;29,73299706;HFD;8;SOL;2;i;z;
0;36;;0,032615291;;32,61529117;HFD;8;SOL;2;i;z;
0;37;;0,033624391;;33,6243911;HFD;8;SOL;2;i;z;
0;38;;0,034550683;;34,55068282;HFD;8;SOL;2;i;z;
0;39;;0,029732997;;29,73299706;HFD;8;SOL;2;i;z;
0;40;;0,031976935;;31,97693489;HFD;8;SOL;2;i;z;
0;41;;0,024445726;;24,44572555;HFD;8;SOL;2;i;z;
0;42;;0,035562475;;35,56247478;HFD;8;SOL;2;i;z;
0;43;;0,036515394;;36,51539428;HFD;8;SOL;2;i;z;
0;44;;0,035701833;;35,7018329;HFD;8;SOL;2;i;z;
0;45;;0,03286618;;32,86618043;HFD;8;SOL;2;i;z;
0;46;;0,034314934;;34,31493387;HFD;8;SOL;2;i;z;
0;47;;0,035903999;;35,90399865;HFD;8;SOL;2;i;z;
0;48;;0,035219404;;35,21940417;HFD;8;SOL;2;i;z;
0;49;;0,030181591;;30,18159097;HFD;8;SOL;2;i;z;
0;50;;0,034782002;;34,78200233;HFD;8;SOL;2;i;z;
0;51;;0,039356087;;39,35608702;HFD;8;SOL;2;i;z;
0;52;;0,044781861;;44,78186138;HFD;8;SOL;2;i;z;
0;53;;0,041671568;;41,67156764;HFD;8;SOL;2;i;z;
0;54;;0,033165453;;33,16545336;HFD;8;SOL;2;i;z;
0;55;;0,037587;;37,58700041;HFD;8;SOL;2;i;z;
0;56;;0,036917581;;36,91758091;HFD;8;SOL;2;i;z;
0;57;;0,045578534;;45,57853373;HFD;8;SOL;2;i;z;
0;58;;0,029967241;;29,96724104;HFD;8;SOL;2;i;z;
0;59;;0,034680782;;34,68078164;HFD;8;SOL;2;i;z;
0;60;;0,035342979;;35,34297866;HFD;8;SOL;2;i;z;
0;61;;0,033139072;;33,13907197;HFD;8;SOL;2;i;z;
0;62;;0,034713127;;34,71312715;HFD;8;SOL;2;i;z;
0;63;;0,044284362;;44,28436213;HFD;8;SOL;2;i;z;
0;64;;0,038901873;;38,90187253;HFD;8;SOL;2;i;z;
0;65;;0,034594661;;34,59466078;HFD;8;SOL;2;i;z;
0;66;;0,038866982;;38,86698217;HFD;8;SOL;2;i;z;
0;67;;0,050119268;;50,11926794;HFD;8;SOL;2;i;z;
0;68;;0,046712954;;46,71295403;HFD;8;SOL;2;i;z;
0;69;;0,048245995;;48,24599455;HFD;8;SOL;2;i;z;
0;1;;0,018180135;;18,1801353;HFD;8;SOL;3;d;z;
0;2;;0,024078416;;24,07841565;HFD;8;SOL;3;d;z;
0;3;;0,028040142;;28,04014169;HFD;8;SOL;3;d;z;
0;4;;0,031416013;;31,41601337;HFD;8;SOL;3;d;z;
0;5;;0,021141819;;21,141819;HFD;8;SOL;3;d;z;
0;6;;0,029515292;;29,51529161;HFD;8;SOL;3;d;z;
0;7;;0,029732968;;29,73296796;HFD;8;SOL;3;d;z;
0;8;;0,029537279;;29,53727906;HFD;8;SOL;3;d;z;
0;9;;0,029040288;;29,04028789;HFD;8;SOL;3;d;z;
0;10;;0,03003319;;30,03318987;HFD;8;SOL;3;d;z;
0;11;;0,026366994;;26,36699355;HFD;8;SOL;3;d;z;
0;12;;0,03146739;;31,46739002;HFD;8;SOL;3;d;z;
0;13;;0,030855008;;30,85500794;HFD;8;SOL;3;d;z;
0;14;;0,032364415;;32,36441493;HFD;8;SOL;3;d;z;
0;15;;0,033391995;;33,39199512;HFD;8;SOL;3;d;z;
0;16;;0,034723081;;34,72308056;HFD;8;SOL;3;d;z;
0;17;;0,030350789;;30,35078882;HFD;8;SOL;3;d;z;
0;18;;0,021500431;;21,50043137;HFD;8;SOL;3;d;z;
0;19;;0,03702601;;37,02600952;HFD;8;SOL;3;d;z;
0;20;;0,029565821;;29,56582053;HFD;8;SOL;3;d;z;
0;21;;0,033116598;;33,11659778;HFD;8;SOL;3;d;z;
0;22;;0,031652657;;31,65265714;HFD;8;SOL;3;d;z;
0;23;;0,030608216;;30,60821616;HFD;8;SOL;3;d;z;
0;24;;0,031416013;;31,41601337;HFD;8;SOL;3;d;z;
0;25;;0,036861575;;36,86157535;HFD;8;SOL;3;d;z;
0;26;;0,033401972;;33,4019723;HFD;8;SOL;3;d;z;
0;27;;0,032545524;;32,54552389;HFD;8;SOL;3;d;z;
0;28;;0,034745692;;34,74569202;HFD;8;SOL;3;d;z;
0;29;;0,037131265;;37,13126528;HFD;8;SOL;3;d;z;
0;30;;0,029312687;;29,31268733;HFD;8;SOL;3;d;z;
0;31;;0,037093885;;37,09388466;HFD;8;SOL;3;d;z;
0;32;;0,030855008;;30,85500794;HFD;8;SOL;3;d;z;
0;33;;0,036420418;;36,42041777;HFD;8;SOL;3;d;z;
0;34;;0,031424866;;31,42486631;HFD;8;SOL;3;d;z;
0;35;;0,032567396;;32,5673962;HFD;8;SOL;3;d;z;
0;36;;0,039121031;;39,12103091;HFD;8;SOL;3;d;z;
0;37;;0,034220997;;34,22099689;HFD;8;SOL;3;d;z;
0;38;;0,030764359;;30,76435943;HFD;8;SOL;3;d;z;
0;39;;0,037558384;;37,5583842;HFD;8;SOL;3;d;z;
0;40;;0,036465004;;36,46500409;HFD;8;SOL;3;d;z;
0;41;;0,037441331;;37,44133083;HFD;8;SOL;3;d;z;
0;42;;0,039603865;;39,60386493;HFD;8;SOL;3;d;z;
0;43;;0,036465004;;36,46500409;HFD;8;SOL;3;d;z;
0;44;;0,041772894;;41,77289371;HFD;8;SOL;3;d;z;
0;45;;0,035903846;;35,90384572;HFD;8;SOL;3;d;z;
0;46;;0,033995242;;33,99524199;HFD;8;SOL;3;d;z;
0;47;;0,039668704;;39,66870437;HFD;8;SOL;3;d;z;
0;48;;0,032797976;;32,7979761;HFD;8;SOL;3;d;z;
0;49;;0,040936885;;40,93688543;HFD;8;SOL;3;d;z;
0;50;;0,043272412;;43,27241165;HFD;8;SOL;3;d;z;
0;51;;0,049368002;;49,36800178;HFD;8;SOL;3;d;z;
0;52;;0,043548329;;43,54832923;HFD;8;SOL;3;d;z;
0;53;;0,043062511;;43,06251083;HFD;8;SOL;3;d;z;
0;54;;0,041514009;;41,51400935;HFD;8;SOL;3;d;z;
0;55;;0,034996999;;34,99699858;HFD;8;SOL;3;d;z;
0;56;;0,043546339;;43,54633899;HFD;8;SOL;3;d;z;
0;57;;0,033613358;;33,61335753;HFD;8;SOL;3;d;z;
0;58;;0,039968615;;39,96861549;HFD;8;SOL;3;d;z;
0;59;;0,042226127;;42,22612709;HFD;8;SOL;3;d;z;
0;60;;0,051612005;;51,61200534;HFD;8;SOL;3;d;z;
0;61;;0,037288575;;37,28857531;HFD;8;SOL;3;d;z;
0;62;;0,046143575;;46,14357464;HFD;8;SOL;3;d;z;
0;63;;0,043817021;;43,8170209;HFD;8;SOL;3;d;z;
0;64;;0,05737461;;57,37460952;HFD;8;SOL;3;d;z;
0;65;;0,065192077;;65,19207705;HFD;8;SOL;3;d;z;
0;66;;0,061196725;;61,19672458;HFD;8;SOL;3;d;z;
0;67;;0,060378523;;60,37852268;HFD;8;SOL;3;d;z;
0;1;;0,01544741;;15,44740978;HFD;8;SOL;3;i;z;
0;2;;0,019073981;;19,07398109;HFD;8;SOL;3;i;z;
0;3;;0,020455535;;20,45553473;HFD;8;SOL;3;i;z;
0;4;;0,027093013;;27,0930126;HFD;8;SOL;3;i;z;
0;5;;0,022214486;;22,21448638;HFD;8;SOL;3;i;z;
0;6;;0,020031112;;20,03111192;HFD;8;SOL;3;i;z;
0;7;;0,01845846;;18,45845977;HFD;8;SOL;3;i;z;
0;8;;0,01934611;;19,34611041;HFD;8;SOL;3;i;z;
0;9;;0,022078046;;22,07804646;HFD;8;SOL;3;i;z;
0;10;;0,026358777;;26,35877672;HFD;8;SOL;3;i;z;
0;11;;0,028922584;;28,92258415;HFD;8;SOL;3;i;z;
0;12;;0,030087317;;30,08731732;HFD;8;SOL;3;i;z;
0;13;;0,025784662;;25,78466196;HFD;8;SOL;3;i;z;
0;14;;0,028779153;;28,77915315;HFD;8;SOL;3;i;z;
0;15;;0,028447652;;28,44765195;HFD;8;SOL;3;i;z;
0;16;;0,028958136;;28,95813649;HFD;8;SOL;3;i;z;
0;17;;0,021512724;;21,51272413;HFD;8;SOL;3;i;z;
0;18;;0,025437498;;25,43749823;HFD;8;SOL;3;i;z;
0;19;;0,026578043;;26,57804345;HFD;8;SOL;3;i;z;
0;20;;0,029749451;;29,7494509;HFD;8;SOL;3;i;z;
0;21;;0,023482446;;23,4824455;HFD;8;SOL;3;i;z;
0;22;;0,02199;;21,98999964;HFD;8;SOL;3;i;z;
0;23;;0,026092249;;26,09224856;HFD;8;SOL;3;i;z;
0;24;;0,028802341;;28,80234127;HFD;8;SOL;3;i;z;
0;25;;0,020652188;;20,6521876;HFD;8;SOL;3;i;z;
0;26;;0,029732997;;29,73299706;HFD;8;SOL;3;i;z;
0;27;;0,028152729;;28,15272906;HFD;8;SOL;3;i;z;
0;28;;0,028397578;;28,39757794;HFD;8;SOL;3;i;z;
0;29;;0,024668172;;24,66817189;HFD;8;SOL;3;i;z;
0;30;;0,02178482;;21,78482041;HFD;8;SOL;3;i;z;
0;31;;0,03171841;;31,71840996;HFD;8;SOL;3;i;z;
0;32;;0,03561288;;35,61288025;HFD;8;SOL;3;i;z;
0;33;;0,032537995;;32,53799514;HFD;8;SOL;3;i;z;
0;34;;0,02925743;;29,25742961;HFD;8;SOL;3;i;z;
0;35;;0,022108834;;22,10883443;HFD;8;SOL;3;i;z;
0;36;;0,030217487;;30,21748744;HFD;8;SOL;3;i;z;
0;37;;0,033994047;;33,9940472;HFD;8;SOL;3;i;z;
0;38;;0,031109988;;31,10998817;HFD;8;SOL;3;i;z;
0;39;;0,03690858;;36,90858042;HFD;8;SOL;3;i;z;
0;40;;0,023450836;;23,45083566;HFD;8;SOL;3;i;z;
0;41;;0,027588672;;27,5886722;HFD;8;SOL;3;i;z;
0;42;;0,033858484;;33,85848423;HFD;8;SOL;3;i;z;
0;43;;0,027280588;;27,28058825;HFD;8;SOL;3;i;z;
0;44;;0,037542213;;37,54221256;HFD;8;SOL;3;i;z;
0;45;;0,029038706;;29,0387055;HFD;8;SOL;3;i;z;
0;46;;0,028334442;;28,33444222;HFD;8;SOL;3;i;z;
0;47;;0,033199201;;33,19920069;HFD;8;SOL;3;i;z;
0;48;;0,027883995;;27,88399495;HFD;8;SOL;3;i;z;
0;49;;0,032294808;;32,29480792;HFD;8;SOL;3;i;z;
0;50;;0,031435046;;31,43504618;HFD;8;SOL;3;i;z;
0;51;;0,029220086;;29,22008555;HFD;8;SOL;3;i;z;
0;52;;0,035305147;;35,3051473;HFD;8;SOL;3;i;z;
0;53;;0,028043503;;28,04350263;HFD;8;SOL;3;i;z;
0;54;;0,03746304;;37,4630405;HFD;8;SOL;3;i;z;
0;55;;0,033192842;;33,19284237;HFD;8;SOL;3;i;z;
0;56;;0,032537995;;32,53799514;HFD;8;SOL;3;i;z;
0;57;;0,033659991;;33,65999146;HFD;8;SOL;3;i;z;
0;58;;0,02927114;;29,27114001;HFD;8;SOL;3;i;z;
0;59;;0,029354848;;29,35484782;HFD;8;SOL;3;i;z;
0;60;;0,022821449;;22,8214493;HFD;8;SOL;3;i;z;
0;61;;0,032469936;;32,46993642;HFD;8;SOL;3;i;z;
0;62;;0,029402545;;29,40254533;HFD;8;SOL;3;i;z;
0;63;;0,041245598;;41,24559753;HFD;8;SOL;3;i;z;
0;64;;0,039597756;;39,59775605;HFD;8;SOL;3;i;z;
0;65;;0,027102077;;27,10207718;HFD;8;SOL;3;i;z;
0;66;;0,039808073;;39,80807274;HFD;8;SOL;3;i;z;
0;67;;0,033098993;;33,0989933;HFD;8;SOL;3;i;z;
0;68;;0,037258341;;37,25834146;HFD;8;SOL;3;i;z;
0;69;;0,027873442;;27,8734423;HFD;8;SOL;3;i;z;
0;70;;0,040003198;;40,00319807;HFD;8;SOL;3;i;z;
0;71;;0,027278082;;27,27808199;HFD;8;SOL;3;i;z;
0;72;;0,034902124;;34,90212379;HFD;8;SOL;3;i;z;
0;73;;0,031092708;;31,09270842;HFD;8;SOL;3;i;z;
0;74;;0,03651568;;36,51567993;HFD;8;SOL;3;i;z;
0;75;;0,039830993;;39,83099305;HFD;8;SOL;3;i;z;
0;76;;0,029574742;;29,57474214;HFD;8;SOL;3;i;z;
0;77;;0,037122134;;37,12213439;HFD;8;SOL;3;i;z;
0;78;;0,043105722;;43,10572246;HFD;8;SOL;3;i;z;
0;79;;0,036408023;;36,40802252;HFD;8;SOL;3;i;z;
0;80;;0,040038142;;40,03814233;HFD;8;SOL;3;i;z;
0;81;;0,038350011;;38,35001071;HFD;8;SOL;3;i;z;
0;82;;0,039240357;;39,24035745;HFD;8;SOL;3;i;z;
0;83;;0,030850079;;30,85007929;HFD;8;SOL;3;i;z;
0;84;;0,04361232;;43,6123203;HFD;8;SOL;3;i;z;
0;85;;0,042133113;;42,13311327;HFD;8;SOL;3;i;z;
0;86;;0,038709004;;38,709004;HFD;8;SOL;3;i;z;
0;87;;0,034836042;;34,83604189;HFD;8;SOL;3;i;z;
0;88;;0,042030597;;42,03059721;HFD;8;SOL;3;i;z;
0;89;;0,035903999;;35,90399865;HFD;8;SOL;3;i;z;
0;90;;0,040784551;;40,78455108;HFD;8;SOL;3;i;z;
0;91;;0,042757192;;42,757192;HFD;8;SOL;3;i;z;
0;92;;0,043477591;;43,47759068;HFD;8;SOL;3;i;z;
0;93;;0,036571501;;36,57150075;HFD;8;SOL;3;i;z;
0;94;;0,055176496;;55,17649604;HFD;8;SOL;3;i;z;
0;95;;0,046523206;;46,52320619;HFD;8;SOL;3;i;z;
0;96;;0,047684996;;47,68499639;HFD;8;SOL;3;i;z;
0;97;;0,043971584;;43,9715838;HFD;8;SOL;3;i;z;
0;98;;0,042707017;;42,70701671;HFD;8;SOL;3;i;z;
0;99;;0,042689566;;42,68956572;HFD;8;SOL;3;i;z;
0;100;;0,053294993;;53,29499254;HFD;8;SOL;3;i;z;
0;101;;0,054155898;;54,15589772;HFD;8;SOL;3;i;z;
0;102;;0,048364499;;48,36449943;HFD;8;SOL;3;i;z;
0;103;;0,048170289;;48,17028851;HFD;8;SOL;3;i;z;
0;104;;0,061710016;;61,71001587;HFD;8;SOL;3;i;z;
0;1;;0,011535388;;11,53538829;HFD;8;SOL;4;d;z;
0;2;;0,017850929;;17,85092931;HFD;8;SOL;4;d;z;
0;3;;0,014666979;;14,66697922;HFD;8;SOL;4;d;z;
0;4;;0,020197575;;20,19757502;HFD;8;SOL;4;d;z;
0;5;;0,01378561;;13,7856099;HFD;8;SOL;4;d;z;
0;6;;0,019635001;;19,63500108;HFD;8;SOL;4;d;z;
0;7;;0,018377898;;18,37789793;HFD;8;SOL;4;d;z;
0;8;;0,017850508;;17,85050776;HFD;8;SOL;4;d;z;
0;9;;0,018816525;;18,81652515;HFD;8;SOL;4;d;z;
0;10;;0,02300099;;23,00099004;HFD;8;SOL;4;d;z;
0;11;;0,021542412;;21,5424117;HFD;8;SOL;4;d;z;
0;12;;0,024122986;;24,12298636;HFD;8;SOL;4;d;z;
0;13;;0,021264664;;21,26466376;HFD;8;SOL;4;d;z;
0;14;;0,019078805;;19,07880484;HFD;8;SOL;4;d;z;
0;15;;0,025088698;;25,08869803;HFD;8;SOL;4;d;z;
0;16;;0,016713678;;16,71367773;HFD;8;SOL;4;d;z;
0;17;;0,024085138;;24,08513775;HFD;8;SOL;4;d;z;
0;18;;0,026842337;;26,84233726;HFD;8;SOL;4;d;z;
0;19;;0,024633449;;24,63344878;HFD;8;SOL;4;d;z;
0;20;;0,017951999;;17,95199933;HFD;8;SOL;4;d;z;
0;21;;0,023572005;;23,57200504;HFD;8;SOL;4;d;z;
0;22;;0,024852711;;24,85271136;HFD;8;SOL;4;d;z;
0;23;;0,021408639;;21,40863921;HFD;8;SOL;4;d;z;
0;24;;0,023721137;;23,72113748;HFD;8;SOL;4;d;z;
0;25;;0,026539752;;26,5397522;HFD;8;SOL;4;d;z;
0;26;;0,019426244;;19,42624417;HFD;8;SOL;4;d;z;
0;27;;0,021878994;;21,87899372;HFD;8;SOL;4;d;z;
0;28;;0,023779764;;23,7797643;HFD;8;SOL;4;d;z;
0;29;;0,02080835;;20,80835016;HFD;8;SOL;4;d;z;
0;30;;0,022439999;;22,43999916;HFD;8;SOL;4;d;z;
0;31;;0,025503056;;25,50305616;HFD;8;SOL;4;d;z;
0;32;;0,028958157;;28,95815707;HFD;8;SOL;4;d;z;
0;33;;0,025313973;;25,31397326;HFD;8;SOL;4;d;z;
0;34;;0,023110323;;23,11032257;HFD;8;SOL;4;d;z;
0;35;;0,025953042;;25,95304211;HFD;8;SOL;4;d;z;
0;36;;0,017850929;;17,85092931;HFD;8;SOL;4;d;z;
0;37;;0,02578467;;25,78466967;HFD;8;SOL;4;d;z;
0;38;;0,025083429;;25,08342864;HFD;8;SOL;4;d;z;
0;39;;0,020023665;;20,02366538;HFD;8;SOL;4;d;z;
0;40;;0,022858986;;22,85898578;HFD;8;SOL;4;d;z;
0;41;;0,023473099;;23,47309892;HFD;8;SOL;4;d;z;
0;42;;0,028049995;;28,04999531;HFD;8;SOL;4;d;z;
0;43;;0,025245012;;25,24501178;HFD;8;SOL;4;d;z;
0;44;;0,028239683;;28,23968322;HFD;8;SOL;4;d;z;
0;45;;0,025244983;;25,24498268;HFD;8;SOL;4;d;z;
0;46;;0,028929742;;28,92974238;HFD;8;SOL;4;d;z;
0;47;;0,023792234;;23,79223388;HFD;8;SOL;4;d;z;
0;48;;0,025280578;;25,28057763;HFD;8;SOL;4;d;z;
0;49;;0,02455187;;24,55187002;HFD;8;SOL;4;d;z;
0;50;;0,030294002;;30,2940025;HFD;8;SOL;4;d;z;
0;51;;0,032054886;;32,05488556;HFD;8;SOL;4;d;z;
0;52;;0,029172;;29,17199981;HFD;8;SOL;4;d;z;
0;53;;0,027152802;;27,15280235;HFD;8;SOL;4;d;z;
0;54;;0,020681417;;20,68141708;HFD;8;SOL;4;d;z;
0;55;;0,029732997;;29,73299706;HFD;8;SOL;4;d;z;
0;56;;0,025134202;;25,13420206;HFD;8;SOL;4;d;z;
0;57;;0,024561981;;24,56198078;HFD;8;SOL;4;d;z;
0;58;;0,03197699;;31,9769897;HFD;8;SOL;4;d;z;
0;59;;0,024942408;;24,94240786;HFD;8;SOL;4;d;z;
0;60;;0,028224132;;28,22413178;HFD;8;SOL;4;d;z;
0;61;;0,026121116;;26,12111614;HFD;8;SOL;4;d;z;
0;62;;0,02368345;;23,68344976;HFD;8;SOL;4;d;z;
0;63;;0,027346682;;27,34668183;HFD;8;SOL;4;d;z;
0;64;;0,02647116;;26,47115993;HFD;8;SOL;4;d;z;
0;65;;0,020408841;;20,40884147;HFD;8;SOL;4;d;z;
0;66;;0,018610526;;18,61052575;HFD;8;SOL;4;d;z;
0;67;;0,030899576;;30,8995763;HFD;8;SOL;4;d;z;
0;68;;0,029171992;;29,17199163;HFD;8;SOL;4;d;z;
0;69;;0,028088059;;28,08805939;HFD;8;SOL;4;d;z;
0;70;;0,029359751;;29,35975053;HFD;8;SOL;4;d;z;
0;71;;0,030616396;;30,61639552;HFD;8;SOL;4;d;z;
0;72;;0,030272417;;30,27241662;HFD;8;SOL;4;d;z;
0;73;;0,031416013;;31,41601337;HFD;8;SOL;4;d;z;
0;74;;0,026366994;;26,36699355;HFD;8;SOL;4;d;z;
0;75;;0,026079848;;26,07984781;HFD;8;SOL;4;d;z;
0;76;;0,033718395;;33,7183946;HFD;8;SOL;4;d;z;
0;77;;0,030042424;;30,04242438;HFD;8;SOL;4;d;z;
0;78;;0,034279102;;34,27910171;HFD;8;SOL;4;d;z;
0;79;;0,031929951;;31,92995119;HFD;8;SOL;4;d;z;
0;80;;0,032274426;;32,27442644;HFD;8;SOL;4;d;z;
0;81;;0,018828176;;18,82817571;HFD;8;SOL;4;d;z;
0;82;;0,03163111;;31,63111021;HFD;8;SOL;4;d;z;
0;83;;0,033261663;;33,26166335;HFD;8;SOL;4;d;z;
0;84;;0,035734835;;35,73483505;HFD;8;SOL;4;d;z;
0;85;;0,031360861;;31,36086115;HFD;8;SOL;4;d;z;
0;86;;0,038044391;;38,04439072;HFD;8;SOL;4;d;z;
0;87;;0,029412667;;29,41266667;HFD;8;SOL;4;d;z;
0;88;;0,024123001;;24,12300091;HFD;8;SOL;4;d;z;
0;89;;0,033618848;;33,61884821;HFD;8;SOL;4;d;z;
0;90;;0,030859092;;30,8590924;HFD;8;SOL;4;d;z;
0;91;;0,032108597;;32,10859729;HFD;8;SOL;4;d;z;
0;92;;0,03186263;;31,86262991;HFD;8;SOL;4;d;z;
0;93;;0,02419795;;24,19795041;HFD;8;SOL;4;d;z;
0;94;;0,027489004;;27,48900442;HFD;8;SOL;4;d;z;
0;95;;0,022534892;;22,53489151;HFD;8;SOL;4;d;z;
0;96;;0,026454151;;26,45415081;HFD;8;SOL;4;d;z;
0;97;;0,029323743;;29,32374304;HFD;8;SOL;4;d;z;
0;98;;0,028501249;;28,50124881;HFD;8;SOL;4;d;z;
0;99;;0,028759871;;28,7598711;HFD;8;SOL;4;d;z;
0;100;;0,035755183;;35,75518346;HFD;8;SOL;4;d;z;
0;101;;0,036465004;;36,46500409;HFD;8;SOL;4;d;z;
0;102;;0,021050929;;21,05092863;HFD;8;SOL;4;d;z;
0;103;;0,023464098;;23,46409831;HFD;8;SOL;4;d;z;
0;104;;0,038147991;;38,14799129;HFD;8;SOL;4;d;z;
0;105;;0,041117146;;41,11714566;HFD;8;SOL;4;d;z;
0;106;;0,022901427;;22,90142684;HFD;8;SOL;4;d;z;
0;107;;0,033050968;;33,05096818;HFD;8;SOL;4;d;z;
0;108;;0,045116592;;45,11659201;HFD;8;SOL;4;d;z;
0;109;;0,033493453;;33,49345281;HFD;8;SOL;4;d;z;
0;110;;0,038902265;;38,90226464;HFD;8;SOL;4;d;z;
0;111;;0,034685258;;34,68525792;HFD;8;SOL;4;d;z;
0;112;;0,03361827;;33,61827029;HFD;8;SOL;4;d;z;
0;113;;0,041555096;;41,55509569;HFD;8;SOL;4;d;z;
0;114;;0,04396448;;43,96447998;HFD;8;SOL;4;d;z;
0;115;;0,040952989;;40,95298937;HFD;8;SOL;4;d;z;
0;116;;0,033821806;;33,82180583;HFD;8;SOL;4;d;z;
0;117;;0,028096897;;28,09689668;HFD;8;SOL;4;d;z;
0;118;;0,026401742;;26,40174232;HFD;8;SOL;4;d;z;
0;119;;0,023122067;;23,1220666;HFD;8;SOL;4;d;z;
0;120;;0,04341192;;43,4119198;HFD;8;SOL;4;d;z;
0;121;;0,041952522;;41,95252151;HFD;8;SOL;4;d;z;
0;122;;0,029014769;;29,01476882;HFD;8;SOL;4;d;z;
0;123;;0,052932838;;52,9328377;HFD;8;SOL;4;d;z;
0;124;;0,029581837;;29,58183678;HFD;8;SOL;4;d;z;
0;125;;0,049532796;;49,53279615;HFD;8;SOL;4;d;z;
0;126;;0,034292997;;34,29299742;HFD;8;SOL;4;d;z;
0;127;;0,036678235;;36,67823471;HFD;8;SOL;4;d;z;
0;1;;0,015322332;;15,32233213;HFD;8;SOL;4;d;z001;
0;2;;0,019709205;;19,70920463;HFD;8;SOL;4;d;z001;
0;3;;0,017391001;;17,39100117;HFD;8;SOL;4;d;z001;
0;4;;0,023007868;;23,00786788;HFD;8;SOL;4;d;z001;
0;5;;0,027180894;;27,18089416;HFD;8;SOL;4;d;z001;
0;6;;0,025904276;;25,90427606;HFD;8;SOL;4;d;z001;
0;7;;0,024818126;;24,818126;HFD;8;SOL;4;d;z001;
0;8;;0,030294002;;30,2940025;HFD;8;SOL;4;d;z001;
0;9;;0,026928028;;26,92802809;HFD;8;SOL;4;d;z001;
0;10;;0,025299059;;25,29905867;HFD;8;SOL;4;d;z001;
0;11;;0,024684006;;24,68400635;HFD;8;SOL;4;d;z001;
0;12;;0,025218478;;25,21847831;HFD;8;SOL;4;d;z001;
0;13;;0,026974734;;26,9747342;HFD;8;SOL;4;d;z001;
0;14;;0,023695755;;23,69575502;HFD;8;SOL;4;d;z001;
0;15;;0,025349892;;25,34989158;HFD;8;SOL;4;d;z001;
0;16;;0,026926968;;26,92696785;HFD;8;SOL;4;d;z001;
0;17;;0,030826716;;30,82671566;HFD;8;SOL;4;d;z001;
0;18;;0,026756457;;26,75645678;HFD;8;SOL;4;d;z001;
0;19;;0,028129094;;28,12909367;HFD;8;SOL;4;d;z001;
0;20;;0,020053161;;20,05316101;HFD;8;SOL;4;d;z001;
0;21;;0,028344232;;28,34423193;HFD;8;SOL;4;d;z001;
0;22;;0,028079846;;28,07984561;HFD;8;SOL;4;d;z001;
0;23;;0,028714737;;28,7147368;HFD;8;SOL;4;d;z001;
0;24;;0,030414207;;30,41420686;HFD;8;SOL;4;d;z001;
0;25;;0,031805005;;31,80500474;HFD;8;SOL;4;d;z001;
0;26;;0,02434944;;24,34944025;HFD;8;SOL;4;d;z001;
0;27;;0,02833578;;28,33577986;HFD;8;SOL;4;d;z001;
0;28;;0,032182363;;32,18236252;HFD;8;SOL;4;d;z001;
0;29;;0,027371415;;27,37141466;HFD;8;SOL;4;d;z001;
0;30;;0,028603598;;28,60359816;HFD;8;SOL;4;d;z001;
0;31;;0,026865976;;26,8659762;HFD;8;SOL;4;d;z001;
0;32;;0,029948203;;29,94820269;HFD;8;SOL;4;d;z001;
0;33;;0,029122662;;29,1226623;HFD;8;SOL;4;d;z001;
0;34;;0,031276042;;31,27604198;HFD;8;SOL;4;d;z001;
0;35;;0,035990533;;35,99053317;HFD;8;SOL;4;d;z001;
0;36;;0,031929926;;31,92992597;HFD;8;SOL;4;d;z001;
0;37;;0,028488461;;28,48846097;HFD;8;SOL;4;d;z001;
0;38;;0,028164796;;28,16479615;HFD;8;SOL;4;d;z001;
0;39;;0,026186093;;26,18609313;HFD;8;SOL;4;d;z001;
0;40;;0,028956725;;28,95672482;HFD;8;SOL;4;d;z001;
0;41;;0,028135832;;28,13583213;HFD;8;SOL;4;d;z001;
0;42;;0,029641664;;29,64166439;HFD;8;SOL;4;d;z001;
0;43;;0,035967004;;35,96700401;HFD;8;SOL;4;d;z001;
0;44;;0,033367959;;33,36795895;HFD;8;SOL;4;d;z001;
0;45;;0,034609886;;34,60988583;HFD;8;SOL;4;d;z001;
0;46;;0,033808585;;33,80858483;HFD;8;SOL;4;d;z001;
0;47;;0,031976538;;31,97653785;HFD;8;SOL;4;d;z001;
0;48;;0,026739255;;26,73925523;HFD;8;SOL;4;d;z001;
0;49;;0,027848421;;27,8484213;HFD;8;SOL;4;d;z001;
0;50;;0,029867126;;29,86712599;HFD;8;SOL;4;d;z001;
0;51;;0,037685269;;37,68526864;HFD;8;SOL;4;d;z001;
0;52;;0,036578846;;36,5788459;HFD;8;SOL;4;d;z001;
0;53;;0,036472216;;36,47221622;HFD;8;SOL;4;d;z001;
0;54;;0,034226173;;34,22617261;HFD;8;SOL;4;d;z001;
0;55;;0,031069687;;31,0696872;HFD;8;SOL;4;d;z001;
0;56;;0,030403175;;30,40317469;HFD;8;SOL;4;d;z001;
0;57;;0,02805001;;28,05000986;HFD;8;SOL;4;d;z001;
0;58;;0,033448296;;33,44829553;HFD;8;SOL;4;d;z001;
0;59;;0,030294002;;30,2940025;HFD;8;SOL;4;d;z001;
0;60;;0,033589554;;33,58955445;HFD;8;SOL;4;d;z001;
0;61;;0,028554529;;28,55452886;HFD;8;SOL;4;d;z001;
0;62;;0,029079989;;29,07998938;HFD;8;SOL;4;d;z001;
0;63;;0,032459873;;32,45987262;HFD;8;SOL;4;d;z001;
0;64;;0,029628876;;29,62887644;HFD;8;SOL;4;d;z001;
0;65;;0,035305142;;35,30514215;HFD;8;SOL;4;d;z001;
0;66;;0,030967744;;30,96774355;HFD;8;SOL;4;d;z001;
0;67;;0,032746538;;32,74653784;HFD;8;SOL;4;d;z001;
0;68;;0,029071041;;29,07104119;HFD;8;SOL;4;d;z001;
0;69;;0,030443385;;30,44338489;HFD;8;SOL;4;d;z001;
0;70;;0,030898629;;30,8986289;HFD;8;SOL;4;d;z001;
0;71;;0,034908457;;34,90845655;HFD;8;SOL;4;d;z001;
0;72;;0,032652104;;32,65210443;HFD;8;SOL;4;d;z001;
0;73;;0,034221004;;34,22100417;HFD;8;SOL;4;d;z001;
0;74;;0,034385268;;34,38526767;HFD;8;SOL;4;d;z001;
0;75;;0,033362721;;33,3627215;HFD;8;SOL;4;d;z001;
0;76;;0,038616611;;38,61661104;HFD;8;SOL;4;d;z001;
0;77;;0,031638742;;31,63874184;HFD;8;SOL;4;d;z001;
0;78;;0,032283164;;32,28316367;HFD;8;SOL;4;d;z001;
0;79;;0,036333375;;36,33337537;HFD;8;SOL;4;d;z001;
0;80;;0,032975438;;32,97543828;HFD;8;SOL;4;d;z001;
0;81;;0,034089365;;34,08936454;HFD;8;SOL;4;d;z001;
0;82;;0,032062505;;32,0625049;HFD;8;SOL;4;d;z001;
0;83;;0,027707279;;27,70727931;HFD;8;SOL;4;d;z001;
0;84;;0,035615356;;35,61535647;HFD;8;SOL;4;d;z001;
0;85;;0,030098112;;30,09811233;HFD;8;SOL;4;d;z001;
0;86;;0,038902737;;38,90273739;HFD;8;SOL;4;d;z001;
0;87;;0,03842476;;38,42475958;HFD;8;SOL;4;d;z001;
0;88;;0,041729154;;41,72915362;HFD;8;SOL;4;d;z001;
0;89;;0,04332774;;43,32773986;HFD;8;SOL;4;d;z001;
0;90;;0,03901338;;39,01337954;HFD;8;SOL;4;d;z001;
0;91;;0,042557488;;42,55748769;HFD;8;SOL;4;d;z001;
0;92;;0,039982551;;39,98255093;HFD;8;SOL;4;d;z001;
0;93;;0,032256058;;32,25605833;HFD;8;SOL;4;d;z001;
0;94;;0,037288575;;37,28857531;HFD;8;SOL;4;d;z001;
0;95;;0,033731892;;33,73189189;HFD;8;SOL;4;d;z001;
0;96;;0,04259614;;42,59613985;HFD;8;SOL;4;d;z001;
0;97;;0,040937133;;40,93713277;HFD;8;SOL;4;d;z001;
0;98;;0,036231279;;36,23127862;HFD;8;SOL;4;d;z001;
0;99;;0,037441331;;37,44133083;HFD;8;SOL;4;d;z001;
0;100;;0,036943186;;36,94318572;HFD;8;SOL;4;d;z001;
0;101;;0,042700562;;42,70056223;HFD;8;SOL;4;d;z001;
0;102;;0,042861684;;42,86168375;HFD;8;SOL;4;d;z001;
0;103;;0,042259031;;42,25903102;HFD;8;SOL;4;d;z001;
0;104;;0,047853923;;47,85392278;HFD;8;SOL;4;d;z001;
0;105;;0,048606716;;48,60671648;HFD;8;SOL;4;d;z001;
0;1;;0,00978459;;9,784589956;HFD;8;SOL;4;i;z;
0;2;;0,013493345;;13,49334544;HFD;8;SOL;4;i;z;
0;3;;0,016040435;;16,04043531;HFD;8;SOL;4;i;z;
0;4;;0,014233369;;14,23336856;HFD;8;SOL;4;i;z;
0;5;;0,016830018;;16,83001756;HFD;8;SOL;4;i;z;
0;6;;0,015470816;;15,47081569;HFD;8;SOL;4;i;z;
0;7;;0,018998554;;18,99855383;HFD;8;SOL;4;i;z;
0;8;;0,016829988;;16,82998845;HFD;8;SOL;4;i;z;
0;9;;0,017421563;;17,42156348;HFD;8;SOL;4;i;z;
0;10;;0,021621761;;21,62176139;HFD;8;SOL;4;i;z;
0;11;;0,020238781;;20,23878135;HFD;8;SOL;4;i;z;
0;12;;0,012104838;;12,10483819;HFD;8;SOL;4;i;z;
0;13;;0,017498395;;17,49839543;HFD;8;SOL;4;i;z;
0;14;;0,019996919;;19,99691875;HFD;8;SOL;4;i;z;
0;15;;0,022439985;;22,4399846;HFD;8;SOL;4;i;z;
0;16;;0,022834925;;22,83492494;HFD;8;SOL;4;i;z;
0;17;;0,025244983;;25,24498268;HFD;8;SOL;4;i;z;
0;18;;0,021325379;;21,32537869;HFD;8;SOL;4;i;z;
0;19;;0,020664333;;20,66433301;HFD;8;SOL;4;i;z;
0;20;;0,024085143;;24,08514263;HFD;8;SOL;4;i;z;
0;21;;0,022929782;;22,929782;HFD;8;SOL;4;i;z;
0;22;;0,021576268;;21,57626794;HFD;8;SOL;4;i;z;
0;23;;0,021913832;;21,91383218;HFD;8;SOL;4;i;z;
0;24;;0,027489004;;27,48900442;HFD;8;SOL;4;i;z;
0;25;;0,019153334;;19,15333428;HFD;8;SOL;4;i;z;
0;26;;0,017024986;;17,02498637;HFD;8;SOL;4;i;z;
0;27;;0,026974724;;26,97472391;HFD;8;SOL;4;i;z;
0;28;;0,026120443;;26,12044253;HFD;8;SOL;4;i;z;
0;29;;0,023307215;;23,30721487;HFD;8;SOL;4;i;z;
0;30;;0,026335082;;26,3350822;HFD;8;SOL;4;i;z;
0;31;;0,021404334;;21,40433381;HFD;8;SOL;4;i;z;
0;32;;0,028164796;;28,16479615;HFD;8;SOL;4;i;z;
0;33;;0,025387971;;25,38797121;HFD;8;SOL;4;i;z;
0;34;;0,029145516;;29,14551618;HFD;8;SOL;4;i;z;
0;35;;0,027489004;;27,48900442;HFD;8;SOL;4;i;z;
0;36;;0,019246925;;19,24692486;HFD;8;SOL;4;i;z;
0;37;;0,028192852;;28,19285195;HFD;8;SOL;4;i;z;
0;38;;0,030171554;;30,17155379;HFD;8;SOL;4;i;z;
0;39;;0,031416002;;31,41600246;HFD;8;SOL;4;i;z;
0;40;;0,02069514;;20,69513996;HFD;8;SOL;4;i;z;
0;41;;0,027666948;;27,66694794;HFD;8;SOL;4;i;z;
0;42;;0,037662883;;37,6628825;HFD;8;SOL;4;i;z;
0;1;;0,015711902;;15,71190177;NCD;8;SOL;1;d;z;
0;2;;0,021421102;;21,42110167;NCD;8;SOL;1;d;z;
0;3;;0,019798877;;19,79887678;NCD;8;SOL;1;d;z;
0;4;;0,023659992;;23,65999187;NCD;8;SOL;1;d;z;
0;5;;0,019416528;;19,41652815;NCD;8;SOL;1;d;z;
0;6;;0,021318003;;21,31800284;NCD;8;SOL;1;d;z;
0;7;;0,02181779;;21,81779049;NCD;8;SOL;1;d;z;
0;8;;0,025825304;;25,82530371;NCD;8;SOL;1;d;z;
0;9;;0,023404528;;23,40452776;NCD;8;SOL;1;d;z;
0;10;;0,025784666;;25,78466581;NCD;8;SOL;1;d;z;
0;11;;0,023351106;;23,3511055;NCD;8;SOL;1;d;z;
0;12;;0,025947761;;25,94776054;NCD;8;SOL;1;d;z;
0;13;;0,025784672;;25,78467225;NCD;8;SOL;1;d;z;
0;14;;0,021785511;;21,78551072;NCD;8;SOL;1;d;z;
0;15;;0,027489034;;27,48903353;NCD;8;SOL;1;d;z;
0;16;;0,020965568;;20,96556789;NCD;8;SOL;1;d;z;
0;17;;0,026961236;;26,96123638;NCD;8;SOL;1;d;z;
0;18;;0,026524635;;26,52463488;NCD;8;SOL;1;d;z;
0;19;;0,020756997;;20,7569974;NCD;8;SOL;1;d;z;
0;20;;0,022640401;;22,6404014;NCD;8;SOL;1;d;z;
0;21;;0,027597558;;27,59755808;NCD;8;SOL;1;d;z;
0;22;;0,025978156;;25,97815609;NCD;8;SOL;1;d;z;
0;23;;0,023541927;;23,54192707;NCD;8;SOL;1;d;z;
0;24;;0,024123001;;24,12300091;NCD;8;SOL;1;d;z;
0;25;;0,028537772;;28,53777223;NCD;8;SOL;1;d;z;
0;26;;0,026850222;;26,85022153;NCD;8;SOL;1;d;z;
0;27;;0,028350226;;28,35022585;NCD;8;SOL;1;d;z;
0;28;;0,027346687;;27,34668671;NCD;8;SOL;1;d;z;
0;29;;0,024965414;;24,96541392;NCD;8;SOL;1;d;z;
0;30;;0,02333108;;23,33108016;NCD;8;SOL;1;d;z;
0;31;;0,033202547;;33,20254663;NCD;8;SOL;1;d;z;
0;32;;0,028386324;;28,3863236;NCD;8;SOL;1;d;z;
0;33;;0,03107569;;31,07569021;NCD;8;SOL;1;d;z;
0;34;;0,029510529;;29,51052851;NCD;8;SOL;1;d;z;
0;35;;0,028851985;;28,85198484;NCD;8;SOL;1;d;z;
0;36;;0,027205023;;27,20502258;NCD;8;SOL;1;d;z;
0;37;;0,027137355;;27,13735524;NCD;8;SOL;1;d;z;
0;38;;0,022927969;;22,92796913;NCD;8;SOL;1;d;z;
0;39;;0,02039016;;20,39016017;NCD;8;SOL;1;d;z;
0;40;;0,028852004;;28,85200437;NCD;8;SOL;1;d;z;
0;41;;0,02836426;;28,36425958;NCD;8;SOL;1;d;z;
0;42;;0,030941601;;30,94160052;NCD;8;SOL;1;d;z;
0;43;;0,034115096;;34,11509563;NCD;8;SOL;1;d;z;
0;44;;0,02805001;;28,05000986;NCD;8;SOL;1;d;z;
0;45;;0,025143064;;25,14306408;NCD;8;SOL;1;d;z;
0;46;;0,029089624;;29,08962441;NCD;8;SOL;1;d;z;
0;47;;0,025248769;;25,24876893;NCD;8;SOL;1;d;z;
0;48;;0,028283925;;28,28392521;NCD;8;SOL;1;d;z;
0;49;;0,032550485;;32,55048496;NCD;8;SOL;1;d;z;
0;50;;0,029410789;;29,41078877;NCD;8;SOL;1;d;z;
0;51;;0,029777481;;29,77748088;NCD;8;SOL;1;d;z;
0;52;;0,023610243;;23,6102425;NCD;8;SOL;1;d;z;
0;53;;0,034782002;;34,78200233;NCD;8;SOL;1;d;z;
0;54;;0,03746833;;37,46833005;NCD;8;SOL;1;d;z;
0;55;;0,027059987;;27,05998699;NCD;8;SOL;1;d;z;
0;56;;0,033484911;;33,48491088;NCD;8;SOL;1;d;z;
0;57;;0,022466509;;22,46650868;NCD;8;SOL;1;d;z;
0;58;;0,030855008;;30,85500794;NCD;8;SOL;1;d;z;
0;59;;0,030883304;;30,88330371;NCD;8;SOL;1;d;z;
0;60;;0,03470542;;34,70542037;NCD;8;SOL;1;d;z;
0;61;;0,032012537;;32,01253734;NCD;8;SOL;1;d;z;
0;62;;0,037587015;;37,58701496;NCD;8;SOL;1;d;z;
0;63;;0,035688887;;35,68888719;NCD;8;SOL;1;d;z;
0;64;;0,031109969;;31,10996864;NCD;8;SOL;1;d;z;
0;65;;0,028961148;;28,96114802;NCD;8;SOL;1;d;z;
0;66;;0,028137787;;28,13778728;NCD;8;SOL;1;d;z;
0;67;;0,027599175;;27,59917499;NCD;8;SOL;1;d;z;
0;68;;0,032644035;;32,64403475;NCD;8;SOL;1;d;z;
0;69;;0,029766436;;29,76643637;NCD;8;SOL;1;d;z;
0;70;;0,032525052;;32,52505178;NCD;8;SOL;1;d;z;
0;71;;0,030362691;;30,36269147;NCD;8;SOL;1;d;z;
0;72;;0,028556657;;28,55665662;NCD;8;SOL;1;d;z;
0;73;;0,02411403;;24,11402969;NCD;8;SOL;1;d;z;
0;74;;0,028884178;;28,88417766;NCD;8;SOL;1;d;z;
0;75;;0,03237708;;32,37707963;NCD;8;SOL;1;d;z;
0;76;;0,024299303;;24,2993032;NCD;8;SOL;1;d;z;
0;77;;0,03958393;;39,58392963;NCD;8;SOL;1;d;z;
0;78;;0,032594805;;32,59480487;NCD;8;SOL;1;d;z;
0;79;;0,034955232;;34,95523202;NCD;8;SOL;1;d;z;
0;80;;0,033321714;;33,32171414;NCD;8;SOL;1;d;z;
0;81;;0,030626064;;30,62606398;NCD;8;SOL;1;d;z;
0;82;;0,034823124;;34,82312354;NCD;8;SOL;1;d;z;
0;83;;0,036718345;;36,71834545;NCD;8;SOL;1;d;z;
0;84;;0,036554933;;36,5549329;NCD;8;SOL;1;d;z;
0;85;;0,035342993;;35,34299321;NCD;8;SOL;1;d;z;
0;86;;0,031023539;;31,02353864;NCD;8;SOL;1;d;z;
0;87;;0,026184695;;26,18469455;NCD;8;SOL;1;d;z;
0;88;;0,023373295;;23,37329453;NCD;8;SOL;1;d;z;
0;89;;0,03311489;;33,11489001;NCD;8;SOL;1;d;z;
0;90;;0,037766587;;37,76658746;NCD;8;SOL;1;d;z;
0;91;;0,035252119;;35,25211945;NCD;8;SOL;1;d;z;
0;92;;0,03726043;;37,26042989;NCD;8;SOL;1;d;z;
0;93;;0,033099001;;33,09900058;NCD;8;SOL;1;d;z;
0;94;;0,033038681;;33,03868089;NCD;8;SOL;1;d;z;
0;95;;0,035130592;;35,13059151;NCD;8;SOL;1;d;z;
0;96;;0,024595849;;24,59584905;NCD;8;SOL;1;d;z;
0;97;;0,040699964;;40,6999644;NCD;8;SOL;1;d;z;
0;98;;0,034775578;;34,77557833;NCD;8;SOL;1;d;z;
0;99;;0,035343022;;35,34302232;NCD;8;SOL;1;d;z;
0;100;;0,025802673;;25,80267315;NCD;8;SOL;1;d;z;
0;101;;0,037354044;;37,35404383;NCD;8;SOL;1;d;z;
0;102;;0,035967975;;35,96797494;NCD;8;SOL;1;d;z;
0;103;;0,039572029;;39,57202856;NCD;8;SOL;1;d;z;
0;104;;0,032119995;;32,11999504;NCD;8;SOL;1;d;z;
0;105;;0,035165511;;35,16551146;NCD;8;SOL;1;d;z;
0;106;;0,034262893;;34,2628933;NCD;8;SOL;1;d;z;
0;107;;0,032214824;;32,21482372;NCD;8;SOL;1;d;z;
0;108;;0,032537995;;32,53799514;NCD;8;SOL;1;d;z;
0;109;;0,037587;;37,58700041;NCD;8;SOL;1;d;z;
0;110;;0,038595711;;38,59571142;NCD;8;SOL;1;d;z;
0;111;;0,034220982;;34,22098234;NCD;8;SOL;1;d;z;
0;112;;0,037857598;;37,85759812;NCD;8;SOL;1;d;z;
0;113;;0,037080086;;37,08008637;NCD;8;SOL;1;d;z;
0;114;;0,038708997;;38,70899673;NCD;8;SOL;1;d;z;
0;115;;0,043757987;;43,75798744;NCD;8;SOL;1;d;z;
0;116;;0,037791473;;37,79147324;NCD;8;SOL;1;d;z;
0;117;;0,039672924;;39,67292408;NCD;8;SOL;1;d;z;
0;118;;0,037934737;;37,93473706;NCD;8;SOL;1;d;z;
0;119;;0,035358028;;35,35802772;NCD;8;SOL;1;d;z;
0;120;;0,039211306;;39,21130642;NCD;8;SOL;1;d;z;
0;121;;0,039668699;;39,66869922;NCD;8;SOL;1;d;z;
0;122;;0,034771222;;34,77122199;NCD;8;SOL;1;d;z;
0;123;;0,043757987;;43,75798744;NCD;8;SOL;1;d;z;
0;124;;0,035415442;;35,41544193;NCD;8;SOL;1;d;z;
0;125;;0,048591557;;48,59155726;NCD;8;SOL;1;d;z;
0;126;;0,042710662;;42,71066184;NCD;8;SOL;1;d;z;
0;127;;0,033846766;;33,84676618;NCD;8;SOL;1;d;z;
0;128;;0,045990675;;45,99067519;NCD;8;SOL;1;d;z;
0;129;;0,035713484;;35,71348435;NCD;8;SOL;1;d;z;
0;130;;0,044290989;;44,29098888;NCD;8;SOL;1;d;z;
0;131;;0,038147999;;38,14799857;NCD;8;SOL;1;d;z;
0;132;;0,052380836;;52,3808357;NCD;8;SOL;1;d;z;
0;133;;0,048845329;;48,84532894;NCD;8;SOL;1;d;z;
0;1;;0,011443591;;11,44359086;NCD;8;SOL;1;d;z001;
0;2;;0,020509796;;20,50979629;NCD;8;SOL;1;d;z001;
0;3;;0,026935946;;26,93594633;NCD;8;SOL;1;d;z001;
0;4;;0,025244997;;25,24499723;NCD;8;SOL;1;d;z001;
0;5;;0,027000521;;27,00052067;NCD;8;SOL;1;d;z001;
0;6;;0,020756983;;20,75698285;NCD;8;SOL;1;d;z001;
0;7;;0,022894922;;22,89492212;NCD;8;SOL;1;d;z001;
0;8;;0,023618416;;23,61841643;NCD;8;SOL;1;d;z001;
0;9;;0,027342636;;27,34263591;NCD;8;SOL;1;d;z001;
0;10;;0,027095778;;27,09577793;NCD;8;SOL;1;d;z001;
0;11;;0,021747259;;21,74725913;NCD;8;SOL;1;d;z001;
0;12;;0,026366964;;26,36696445;NCD;8;SOL;1;d;z001;
0;13;;0,02981157;;29,81157033;NCD;8;SOL;1;d;z001;
0;14;;0,024684006;;24,68400635;NCD;8;SOL;1;d;z001;
0;15;;0,026621656;;26,62165575;NCD;8;SOL;1;d;z001;
0;16;;0,026706778;;26,70677773;NCD;8;SOL;1;d;z001;
0;17;;0,02593476;;25,93476003;NCD;8;SOL;1;d;z001;
0;18;;0,02807434;;28,07433987;NCD;8;SOL;1;d;z001;
0;19;;0,025178714;;25,17871405;NCD;8;SOL;1;d;z001;
0;20;;0,02598684;;25,98683984;NCD;8;SOL;1;d;z001;
0;21;;0,025953029;;25,95302929;NCD;8;SOL;1;d;z001;
0;22;;0,031415955;;31,41595516;NCD;8;SOL;1;d;z001;
0;23;;0,021761106;;21,76110631;NCD;8;SOL;1;d;z001;
0;24;;0,02782882;;27,8288197;NCD;8;SOL;1;d;z001;
0;25;;0,030801211;;30,8012107;NCD;8;SOL;1;d;z001;
0;26;;0,028049981;;28,04998076;NCD;8;SOL;1;d;z001;
0;27;;0,028895467;;28,89546655;NCD;8;SOL;1;d;z001;
0;28;;0,030544899;;30,54489948;NCD;8;SOL;1;d;z001;
0;29;;0,028341617;;28,34161699;NCD;8;SOL;1;d;z001;
0;30;;0,027117137;;27,11713655;NCD;8;SOL;1;d;z001;
0;31;;0,028483839;;28,48383901;NCD;8;SOL;1;d;z001;
0;32;;0,028225885;;28,22588542;NCD;8;SOL;1;d;z001;
0;33;;0,029732997;;29,73299706;NCD;8;SOL;1;d;z001;
0;34;;0,031574929;;31,57492937;NCD;8;SOL;1;d;z001;
0;35;;0,02378195;;23,78195039;NCD;8;SOL;1;d;z001;
0;36;;0,033091588;;33,0915876;NCD;8;SOL;1;d;z001;
0;37;;0,032531559;;32,53155887;NCD;8;SOL;1;d;z001;
0;38;;0,029751539;;29,75153857;NCD;8;SOL;1;d;z001;
0;39;;0,03258446;;32,58446013;NCD;8;SOL;1;d;z001;
0;40;;0,028549301;;28,54930127;NCD;8;SOL;1;d;z001;
0;41;;0,028350226;;28,35022585;NCD;8;SOL;1;d;z001;
0;42;;0,028328084;;28,32808412;NCD;8;SOL;1;d;z001;
0;43;;0,028586827;;28,58682657;NCD;8;SOL;1;d;z001;
0;44;;0,029604646;;29,60464611;NCD;8;SOL;1;d;z001;
0;45;;0,033099001;;33,09900058;NCD;8;SOL;1;d;z001;
0;46;;0,032677643;;32,67764268;NCD;8;SOL;1;d;z001;
0;47;;0,032257945;;32,25794495;NCD;8;SOL;1;d;z001;
0;48;;0,030407999;;30,40799946;NCD;8;SOL;1;d;z001;
0;49;;0,032982119;;32,98211893;NCD;8;SOL;1;d;z001;
0;50;;0,028096902;;28,09690202;NCD;8;SOL;1;d;z001;
0;51;;0,029732997;;29,73299706;NCD;8;SOL;1;d;z001;
0;52;;0,027127826;;27,12782646;NCD;8;SOL;1;d;z001;
0;53;;0,034511786;;34,51178638;NCD;8;SOL;1;d;z001;
0;54;;0,032537995;;32,53799514;NCD;8;SOL;1;d;z001;
0;55;;0,022747759;;22,74775915;NCD;8;SOL;1;d;z001;
0;56;;0,032653012;;32,6530125;NCD;8;SOL;1;d;z001;
0;57;;0,035113323;;35,1133229;NCD;8;SOL;1;d;z001;
0;58;;0,022554195;;22,55419478;NCD;8;SOL;1;d;z001;
0;59;;0,02786646;;27,8664601;NCD;8;SOL;1;d;z001;
0;60;;0,026428252;;26,42825154;NCD;8;SOL;1;d;z001;
0;61;;0,030333358;;30,33335842;NCD;8;SOL;1;d;z001;
0;62;;0,030294002;;30,2940025;NCD;8;SOL;1;d;z001;
0;63;;0,031904403;;31,90440279;NCD;8;SOL;1;d;z001;
0;64;;0,033928738;;33,92873761;NCD;8;SOL;1;d;z001;
0;65;;0,03542101;;35,42100963;NCD;8;SOL;1;d;z001;
0;66;;0,031470041;;31,47004101;NCD;8;SOL;1;d;z001;
0;67;;0,028598934;;28,59893386;NCD;8;SOL;1;d;z001;
0;68;;0,030741189;;30,7411893;NCD;8;SOL;1;d;z001;
0;69;;0,032531689;;32,53168903;NCD;8;SOL;1;d;z001;
0;70;;0,026871064;;26,87106384;NCD;8;SOL;1;d;z001;
0;71;;0,035211732;;35,21173219;NCD;8;SOL;1;d;z001;
0;72;;0,033590574;;33,59057381;NCD;8;SOL;1;d;z001;
0;73;;0,032591524;;32,59152406;NCD;8;SOL;1;d;z001;
0;74;;0,03725513;;37,25512953;NCD;8;SOL;1;d;z001;
0;75;;0,034315479;;34,31547878;NCD;8;SOL;1;d;z001;
0;76;;0,031932566;;31,93256611;NCD;8;SOL;1;d;z001;
0;77;;0,033329747;;33,32974715;NCD;8;SOL;1;d;z001;
0;78;;0,032873598;;32,87359805;NCD;8;SOL;1;d;z001;
0;79;;0,03332113;;33,32113045;NCD;8;SOL;1;d;z001;
0;80;;0,034873281;;34,87328148;NCD;8;SOL;1;d;z001;
0;81;;0,031004286;;31,00428578;NCD;8;SOL;1;d;z001;
0;82;;0,02655062;;26,55062022;NCD;8;SOL;1;d;z001;
0;83;;0,024910327;;24,91032732;NCD;8;SOL;1;d;z001;
0;84;;0,038831659;;38,83165922;NCD;8;SOL;1;d;z001;
0;85;;0,034836782;;34,83678216;NCD;8;SOL;1;d;z001;
0;86;;0,03453149;;34,53148974;NCD;8;SOL;1;d;z001;
0;87;;0,039755751;;39,7557508;NCD;8;SOL;1;d;z001;
0;88;;0,036206146;;36,20614553;NCD;8;SOL;1;d;z001;
0;89;;0,036610466;;36,61046593;NCD;8;SOL;1;d;z001;
0;90;;0,03974252;;39,74252044;NCD;8;SOL;1;d;z001;
0;91;;0,036235056;;36,23505593;NCD;8;SOL;1;d;z001;
0;92;;0,034483429;;34,48342859;NCD;8;SOL;1;d;z001;
0;93;;0,036785833;;36,78583297;NCD;8;SOL;1;d;z001;
0;94;;0,035000898;;35,00089756;NCD;8;SOL;1;d;z001;
0;95;;0,037207358;;37,20735808;NCD;8;SOL;1;d;z001;
0;96;;0,036571903;;36,5719029;NCD;8;SOL;1;d;z001;
0;97;;0,037411368;;37,41136758;NCD;8;SOL;1;d;z001;
0;98;;0,040584065;;40,58406532;NCD;8;SOL;1;d;z001;
0;99;;0,036279104;;36,2791044;NCD;8;SOL;1;d;z001;
0;100;;0,034796523;;34,79652252;NCD;8;SOL;1;d;z001;
0;101;;0,03702598;;37,02598042;NCD;8;SOL;1;d;z001;
0;102;;0,040953018;;40,95301847;NCD;8;SOL;1;d;z001;
0;103;;0,037367062;;37,36706176;NCD;8;SOL;1;d;z001;
0;104;;0,038708997;;38,70899673;NCD;8;SOL;1;d;z001;
0;105;;0,037382145;;37,38214478;NCD;8;SOL;1;d;z001;
0;106;;0,036387421;;36,38742095;NCD;8;SOL;1;d;z001;
0;107;;0,043134401;;43,13440113;NCD;8;SOL;1;d;z001;
0;108;;0,037587015;;37,58701496;NCD;8;SOL;1;d;z001;
0;109;;0,034530003;;34,53000278;NCD;8;SOL;1;d;z001;
0;110;;0,038901163;;38,90116304;NCD;8;SOL;1;d;z001;
0;111;;0,036464555;;36,46455532;NCD;8;SOL;1;d;z001;
0;112;;0,027452306;;27,45230649;NCD;8;SOL;1;d;z001;
0;113;;0,036212527;;36,21252699;NCD;8;SOL;1;d;z001;
0;114;;0,032603763;;32,60376333;NCD;8;SOL;1;d;z001;
0;115;;0,037308204;;37,30820431;NCD;8;SOL;1;d;z001;
0;116;;0,040197346;;40,1973464;NCD;8;SOL;1;d;z001;
0;117;;0,044649186;;44,64918636;NCD;8;SOL;1;d;z001;
0;118;;0,039831008;;39,8310076;NCD;8;SOL;1;d;z001;
0;119;;0,039595483;;39,59548329;NCD;8;SOL;1;d;z001;
0;120;;0,032342236;;32,34223635;NCD;8;SOL;1;d;z001;
0;121;;0,042252209;;42,25220889;NCD;8;SOL;1;d;z001;
0;122;;0,036840921;;36,8409207;NCD;8;SOL;1;d;z001;
0;123;;0,04469261;;44,69260977;NCD;8;SOL;1;d;z001;
0;124;;0,043655957;;43,65595749;NCD;8;SOL;1;d;z001;
0;125;;0,043816299;;43,81629949;NCD;8;SOL;1;d;z001;
0;126;;0,046002009;;46,00200919;NCD;8;SOL;1;d;z001;
0;127;;0,044319007;;44,31900743;NCD;8;SOL;1;d;z001;
0;128;;0,036827394;;36,82739363;NCD;8;SOL;1;d;z001;
0;129;;0,044577062;;44,57706169;NCD;8;SOL;1;d;z001;
0;130;;0,033605088;;33,60508845;NCD;8;SOL;1;d;z001;
0;131;;0,051611976;;51,61197623;NCD;8;SOL;1;d;z001;
0;132;;0,038062871;;38,06287107;NCD;8;SOL;1;d;z001;
0;133;;0,052114691;;52,1146907;NCD;8;SOL;1;d;z001;
0;134;;0,052641664;;52,64166435;NCD;8;SOL;1;d;z001;
0;135;;0,043757987;;43,75798744;NCD;8;SOL;1;d;z001;
0;136;;0,061920867;;61,92086704;NCD;8;SOL;1;d;z001;
0;1;;0,019070708;;19,07070807;NCD;8;SOL;1;d;z003;
0;2;;0,027367288;;27,3672883;NCD;8;SOL;1;d;z003;
0;3;;0,025837503;;25,83750335;NCD;8;SOL;1;d;z003;
0;4;;0,023781963;;23,78196257;NCD;8;SOL;1;d;z003;
0;5;;0,021585932;;21,58593186;NCD;8;SOL;1;d;z003;
0;6;;0,026712239;;26,71223935;NCD;8;SOL;1;d;z003;
0;7;;0,020180084;;20,18008373;NCD;8;SOL;1;d;z003;
0;8;;0,022610258;;22,61025815;NCD;8;SOL;1;d;z003;
0;9;;0,026123026;;26,12302556;NCD;8;SOL;1;d;z003;
0;10;;0,024618546;;24,61854638;NCD;8;SOL;1;d;z003;
0;11;;0,02632542;;26,32542024;NCD;8;SOL;1;d;z003;
0;12;;0,026471648;;26,47164849;NCD;8;SOL;1;d;z003;
0;13;;0,026477924;;26,47792387;NCD;8;SOL;1;d;z003;
0;14;;0,022912385;;22,91238491;NCD;8;SOL;1;d;z003;
0;15;;0,026221013;;26,22101311;NCD;8;SOL;1;d;z003;
0;16;;0,025380414;;25,38041371;NCD;8;SOL;1;d;z003;
0;17;;0,030855008;;30,85500794;NCD;8;SOL;1;d;z003;
0;18;;0,027899202;;27,8992017;NCD;8;SOL;1;d;z003;
0;19;;0,032905469;;32,90546889;NCD;8;SOL;1;d;z003;
0;20;;0,028936373;;28,93637337;NCD;8;SOL;1;d;z003;
0;21;;0,024123001;;24,12300091;NCD;8;SOL;1;d;z003;
0;22;;0,027742717;;27,74271713;NCD;8;SOL;1;d;z003;
0;23;;0,02869037;;28,69037047;NCD;8;SOL;1;d;z003;
0;24;;0,030604428;;30,6044281;NCD;8;SOL;1;d;z003;
0;25;;0,031569757;;31,56975704;NCD;8;SOL;1;d;z003;
0;26;;0,025494577;;25,49457705;NCD;8;SOL;1;d;z003;
0;27;;0,034354104;;34,35410421;NCD;8;SOL;1;d;z003;
0;28;;0,028689775;;28,68977504;NCD;8;SOL;1;d;z003;
0;29;;0,03253801;;32,53800969;NCD;8;SOL;1;d;z003;
0;30;;0,032178015;;32,17801511;NCD;8;SOL;1;d;z003;
0;31;;0,031541497;;31,5414971;NCD;8;SOL;1;d;z003;
0;32;;0,028565302;;28,56530179;NCD;8;SOL;1;d;z003;
0;33;;0,030300735;;30,30073506;NCD;8;SOL;1;d;z003;
0;34;;0,028206137;;28,20613722;NCD;8;SOL;1;d;z003;
0;35;;0,028595696;;28,59569598;NCD;8;SOL;1;d;z003;
0;36;;0,033093236;;33,09323632;NCD;8;SOL;1;d;z003;
0;37;;0,031415999;;31,41599882;NCD;8;SOL;1;d;z003;
0;38;;0,027799891;;27,79989099;NCD;8;SOL;1;d;z003;
0;39;;0,027708156;;27,70815564;NCD;8;SOL;1;d;z003;
0;40;;0,028040658;;28,04065816;NCD;8;SOL;1;d;z003;
0;41;;0,029070133;;29,07013275;NCD;8;SOL;1;d;z003;
0;42;;0,029812099;;29,81209907;NCD;8;SOL;1;d;z003;
0;43;;0,030636375;;30,63637486;NCD;8;SOL;1;d;z003;
0;44;;0,029245368;;29,24536832;NCD;8;SOL;1;d;z003;
0;45;;0,035244765;;35,24476492;NCD;8;SOL;1;d;z003;
0;46;;0,033352287;;33,3522875;NCD;8;SOL;1;d;z003;
0;47;;0,031501044;;31,50104361;NCD;8;SOL;1;d;z003;
0;48;;0,030477597;;30,47759652;NCD;8;SOL;1;d;z003;
0;49;;0,028187318;;28,18731833;NCD;8;SOL;1;d;z003;
0;50;;0,033869737;;33,86973747;NCD;8;SOL;1;d;z003;
0;51;;0,027597552;;27,59755157;NCD;8;SOL;1;d;z003;
0;52;;0,036361332;;36,36133214;NCD;8;SOL;1;d;z003;
0;53;;0,036518575;;36,51857504;NCD;8;SOL;1;d;z003;
0;54;;0,036465004;;36,46500409;NCD;8;SOL;1;d;z003;
0;55;;0,031328374;;31,32837409;NCD;8;SOL;1;d;z003;
0;56;;0,031775416;;31,77541644;NCD;8;SOL;1;d;z003;
0;57;;0,029236545;;29,23654478;NCD;8;SOL;1;d;z003;
0;58;;0,028715591;;28,71559056;NCD;8;SOL;1;d;z003;
0;59;;0,030547028;;30,5470281;NCD;8;SOL;1;d;z003;
0;60;;0,038134803;;38,13480279;NCD;8;SOL;1;d;z003;
0;61;;0,037821234;;37,82123399;NCD;8;SOL;1;d;z003;
0;62;;0,031479002;;31,4790018;NCD;8;SOL;1;d;z003;
0;63;;0,034523852;;34,5238523;NCD;8;SOL;1;d;z003;
0;64;;0,032464004;;32,46400426;NCD;8;SOL;1;d;z003;
0;65;;0,03740574;;37,40574024;NCD;8;SOL;1;d;z003;
0;66;;0,032259136;;32,25913562;NCD;8;SOL;1;d;z003;
0;67;;0,029155533;;29,15553308;NCD;8;SOL;1;d;z003;
0;68;;0,036487034;;36,48703366;NCD;8;SOL;1;d;z003;
0;69;;0,037559018;;37,55901814;NCD;8;SOL;1;d;z003;
0;70;;0,034221302;;34,22130214;NCD;8;SOL;1;d;z003;
0;71;;0,033608633;;33,60863273;NCD;8;SOL;1;d;z003;
0;72;;0,037548618;;37,54861798;NCD;8;SOL;1;d;z003;
0;73;;0,037026002;;37,02600225;NCD;8;SOL;1;d;z003;
0;74;;0,038931925;;38,93192518;NCD;8;SOL;1;d;z003;
0;75;;0,038708997;;38,70899673;NCD;8;SOL;1;d;z003;
0;76;;0,036064869;;36,0648688;NCD;8;SOL;1;d;z003;
0;77;;0,037205637;;37,20563652;NCD;8;SOL;1;d;z003;
0;78;;0,03151768;;31,51767984;NCD;8;SOL;1;d;z003;
0;79;;0,024123001;;24,12300091;NCD;8;SOL;1;d;z003;
0;80;;0,040769899;;40,7698991;NCD;8;SOL;1;d;z003;
0;81;;0,031415984;;31,41598427;NCD;8;SOL;1;d;z003;
0;82;;0,029732997;;29,73299706;NCD;8;SOL;1;d;z003;
0;83;;0,036880376;;36,88037602;NCD;8;SOL;1;d;z003;
0;84;;0,033183413;;33,18341285;NCD;8;SOL;1;d;z003;
0;85;;0,032537995;;32,53799514;NCD;8;SOL;1;d;z003;
0;86;;0,040630765;;40,63076548;NCD;8;SOL;1;d;z003;
0;87;;0,038709011;;38,70901128;NCD;8;SOL;1;d;z003;
0;88;;0,033553392;;33,55339165;NCD;8;SOL;1;d;z003;
0;89;;0,035934859;;35,93485913;NCD;8;SOL;1;d;z003;
0;90;;0,031408529;;31,40852949;NCD;8;SOL;1;d;z003;
0;91;;0,044446127;;44,44612724;NCD;8;SOL;1;d;z003;
0;92;;0,036650773;;36,65077317;NCD;8;SOL;1;d;z003;
0;93;;0,037939268;;37,93926816;NCD;8;SOL;1;d;z003;
0;94;;0,033602336;;33,60233586;NCD;8;SOL;1;d;z003;
0;95;;0,039270002;;39,27000216;NCD;8;SOL;1;d;z003;
0;96;;0,045945088;;45,94508791;NCD;8;SOL;1;d;z003;
0;97;;0,035187042;;35,18704238;NCD;8;SOL;1;d;z003;
0;98;;0,041420949;;41,42094894;NCD;8;SOL;1;d;z003;
0;99;;0,038944489;;38,94448931;NCD;8;SOL;1;d;z003;
0;100;;0,041480081;;41,48008088;NCD;8;SOL;1;d;z003;
0;101;;0,03522088;;35,22088033;NCD;8;SOL;1;d;z003;
0;102;;0,040952989;;40,95298937;NCD;8;SOL;1;d;z003;
0;103;;0,034749618;;34,74961818;NCD;8;SOL;1;d;z003;
0;104;;0,043922069;;43,92206926;NCD;8;SOL;1;d;z003;
0;105;;0,041586726;;41,58672645;NCD;8;SOL;1;d;z003;
0;106;;0,044879998;;44,87999831;NCD;8;SOL;1;d;z003;
0;107;;0,043654353;;43,65435345;NCD;8;SOL;1;d;z003;
0;108;;0,039305097;;39,30509665;NCD;8;SOL;1;d;z003;
0;109;;0,042279415;;42,27941481;NCD;8;SOL;1;d;z003;
0;110;;0,035342993;;35,34299321;NCD;8;SOL;1;d;z003;
0;111;;0,045659419;;45,65941871;NCD;8;SOL;1;d;z003;
0;112;;0,036091029;;36,09102902;NCD;8;SOL;1;d;z003;
0;113;;0,043758002;;43,75800199;NCD;8;SOL;1;d;z003;
0;114;;0,041084491;;41,08449054;NCD;8;SOL;1;d;z003;
0;115;;0,043315653;;43,31565318;NCD;8;SOL;1;d;z003;
0;116;;0,039810673;;39,81067335;NCD;8;SOL;1;d;z003;
0;117;;0,040371535;;40,37153485;NCD;8;SOL;1;d;z003;
0;118;;0,035124164;;35,12416423;NCD;8;SOL;1;d;z003;
0;119;;0,044380916;;44,38091601;NCD;8;SOL;1;d;z003;
0;120;;0,043757987;;43,75798744;NCD;8;SOL;1;d;z003;
0;121;;0,051170681;;51,17068106;NCD;8;SOL;1;d;z003;
0;122;;0,050053287;;50,05328736;NCD;8;SOL;1;d;z003;
0;123;;0,044923413;;44,9234133;NCD;8;SOL;1;d;z003;
0;124;;0,048828251;;48,8282508;NCD;8;SOL;1;d;z003;
0;125;;0,053346668;;53,34666848;NCD;8;SOL;1;d;z003;
0;126;;0,050739618;;50,73961773;NCD;8;SOL;1;d;z003;
0;127;;0,054210246;;54,21024631;NCD;8;SOL;1;d;z003;
0;1;;0,009673098;;9,673098184;NCD;8;SOL;2;d;z001;
0;2;;0,009282834;;9,282834217;NCD;8;SOL;2;d;z001;
0;3;;0,009705172;;9,705172468;NCD;8;SOL;2;d;z001;
0;4;;0,010193765;;10,19376521;NCD;8;SOL;2;d;z001;
0;5;;0,011749572;;11,74957183;NCD;8;SOL;2;d;z001;
0;6;;0,012795248;;12,79524804;NCD;8;SOL;2;d;z001;
0;7;;0,019074;;19,07400019;NCD;8;SOL;2;d;z001;
0;8;;0,021791999;;21,79199919;NCD;8;SOL;2;d;z001;
0;9;;0,019634987;;19,63498653;NCD;8;SOL;2;d;z001;
0;10;;0,019979864;;19,97986406;NCD;8;SOL;2;d;z001;
0;11;;0,018746902;;18,74690233;NCD;8;SOL;2;d;z001;
0;12;;0,023150425;;23,15042514;NCD;8;SOL;2;d;z001;
0;13;;0,022115172;;22,11517199;NCD;8;SOL;2;d;z001;
0;14;;0,022251429;;22,25142887;NCD;8;SOL;2;d;z001;
0;15;;0,022214235;;22,21423515;NCD;8;SOL;2;d;z001;
0;16;;0,025054949;;25,05494947;NCD;8;SOL;2;d;z001;
0;17;;0,024586916;;24,58691626;NCD;8;SOL;2;d;z001;
0;18;;0,021318003;;21,31800284;NCD;8;SOL;2;d;z001;
0;19;;0,021478092;;21,47809162;NCD;8;SOL;2;d;z001;
0;20;;0,024861597;;24,86159696;NCD;8;SOL;2;d;z001;
0;21;;0,021494455;;21,49445469;NCD;8;SOL;2;d;z001;
0;22;;0,023562025;;23,56202458;NCD;8;SOL;2;d;z001;
0;23;;0,027489004;;27,48900442;NCD;8;SOL;2;d;z001;
0;24;;0,025885373;;25,8853726;NCD;8;SOL;2;d;z001;
0;25;;0,026455874;;26,45587391;NCD;8;SOL;2;d;z001;
0;26;;0,026450405;;26,45040461;NCD;8;SOL;2;d;z001;
0;27;;0,022726364;;22,72636443;NCD;8;SOL;2;d;z001;
0;28;;0,026143673;;26,14367254;NCD;8;SOL;2;d;z001;
0;29;;0,022440003;;22,44000279;NCD;8;SOL;2;d;z001;
0;30;;0,026367008;;26,3670081;NCD;8;SOL;2;d;z001;
0;31;;0,024412557;;24,41255656;NCD;8;SOL;2;d;z001;
0;32;;0,028049995;;28,04999531;NCD;8;SOL;2;d;z001;
0;33;;0,026367008;;26,3670081;NCD;8;SOL;2;d;z001;
0;34;;0,025207032;;25,20703187;NCD;8;SOL;2;d;z001;
0;35;;0,025044987;;25,04498685;NCD;8;SOL;2;d;z001;
0;36;;0,027768105;;27,76810541;NCD;8;SOL;2;d;z001;
0;37;;0,028610997;;28,61099711;NCD;8;SOL;2;d;z001;
0;38;;0,024780563;;24,78056326;NCD;8;SOL;2;d;z001;
0;39;;0,025071378;;25,07137788;NCD;8;SOL;2;d;z001;
0;40;;0,027848447;;27,84844733;NCD;8;SOL;2;d;z001;
0;41;;0,023291215;;23,29121525;NCD;8;SOL;2;d;z001;
0;42;;0,02612054;;26,1205396;NCD;8;SOL;2;d;z001;
0;43;;0,027321613;;27,32161282;NCD;8;SOL;2;d;z001;
0;44;;0,025805988;;25,80598812;NCD;8;SOL;2;d;z001;
0;45;;0,024292217;;24,29221666;NCD;8;SOL;2;d;z001;
0;46;;0,025987408;;25,9874076;NCD;8;SOL;2;d;z001;
0;47;;0,029732997;;29,73299706;NCD;8;SOL;2;d;z001;
0;48;;0,024942239;;24,94223921;NCD;8;SOL;2;d;z001;
0;49;;0,029171992;;29,17199163;NCD;8;SOL;2;d;z001;
0;50;;0,028044422;;28,04442158;NCD;8;SOL;2;d;z001;
0;51;;0,0279815;;27,98150021;NCD;8;SOL;2;d;z001;
0;52;;0,027463807;;27,46380712;NCD;8;SOL;2;d;z001;
0;53;;0,026454238;;26,45423842;NCD;8;SOL;2;d;z001;
0;54;;0,02855364;;28,55363971;NCD;8;SOL;2;d;z001;
0;55;;0,029171992;;29,17199163;NCD;8;SOL;2;d;z001;
0;56;;0,027351179;;27,35117937;NCD;8;SOL;2;d;z001;
0;57;;0,024579844;;24,57984356;NCD;8;SOL;2;d;z001;
0;58;;0,023533245;;23,53324513;NCD;8;SOL;2;d;z001;
0;59;;0,025832589;;25,83258876;NCD;8;SOL;2;d;z001;
0;60;;0,025244997;;25,24499723;NCD;8;SOL;2;d;z001;
0;61;;0,03010812;;30,10811982;NCD;8;SOL;2;d;z001;
0;62;;0,027768046;;27,7680459;NCD;8;SOL;2;d;z001;
0;63;;0,024355217;;24,35521731;NCD;8;SOL;2;d;z001;
0;64;;0,026409516;;26,40951591;NCD;8;SOL;2;d;z001;
0;65;;0,027835561;;27,83556058;NCD;8;SOL;2;d;z001;
0;66;;0,028610986;;28,61098619;NCD;8;SOL;2;d;z001;
0;67;;0,028350213;;28,35021283;NCD;8;SOL;2;d;z001;
0;68;;0,029811566;;29,81156552;NCD;8;SOL;2;d;z001;
0;69;;0,028049995;;28,04999531;NCD;8;SOL;2;d;z001;
0;70;;0,028611001;;28,61100074;NCD;8;SOL;2;d;z001;
0;71;;0,027304934;;27,30493433;NCD;8;SOL;2;d;z001;
0;72;;0,030106431;;30,10643113;NCD;8;SOL;2;d;z001;
0;73;;0,031415984;;31,41598427;NCD;8;SOL;2;d;z001;
0;74;;0,027943729;;27,94372929;NCD;8;SOL;2;d;z001;
0;75;;0,03023517;;30,23516983;NCD;8;SOL;2;d;z001;
0;76;;0,027561809;;27,56180934;NCD;8;SOL;2;d;z001;
0;77;;0,028899244;;28,89924378;NCD;8;SOL;2;d;z001;
0;78;;0,02498326;;24,98326006;NCD;8;SOL;2;d;z001;
0;79;;0,025933583;;25,93358348;NCD;8;SOL;2;d;z001;
0;80;;0,030148229;;30,14822931;NCD;8;SOL;2;d;z001;
0;81;;0,029798351;;29,79835144;NCD;8;SOL;2;d;z001;
0;82;;0,025590467;;25,59046679;NCD;8;SOL;2;d;z001;
0;83;;0,030294002;;30,2940025;NCD;8;SOL;2;d;z001;
0;84;;0,02805001;;28,05000986;NCD;8;SOL;2;d;z001;
0;85;;0,025659839;;25,65983936;NCD;8;SOL;2;d;z001;
0;86;;0,026460849;;26,46084893;NCD;8;SOL;2;d;z001;
0;87;;0,028278986;;28,27898557;NCD;8;SOL;2;d;z001;
0;88;;0,029171992;;29,17199163;NCD;8;SOL;2;d;z001;
0;89;;0,029483192;;29,48319173;NCD;8;SOL;2;d;z001;
0;90;;0,032122168;;32,12216769;NCD;8;SOL;2;d;z001;
0;91;;0,028610986;;28,61098619;NCD;8;SOL;2;d;z001;
0;92;;0,031506772;;31,50677203;NCD;8;SOL;2;d;z001;
0;93;;0,029732997;;29,73299706;NCD;8;SOL;2;d;z001;
0;94;;0,027874002;;27,87400172;NCD;8;SOL;2;d;z001;
0;95;;0,032681169;;32,68116914;NCD;8;SOL;2;d;z001;
0;96;;0,022990217;;22,99021698;NCD;8;SOL;2;d;z001;
0;97;;0,029328716;;29,32871602;NCD;8;SOL;2;d;z001;
0;98;;0,029186344;;29,18634395;NCD;8;SOL;2;d;z001;
0;99;;0,030162012;;30,1620122;NCD;8;SOL;2;d;z001;
0;100;;0,021855729;;21,85572869;NCD;8;SOL;2;d;z001;
0;101;;0,031358564;;31,35856378;NCD;8;SOL;2;d;z001;
0;102;;0,031505618;;31,50561839;NCD;8;SOL;2;d;z001;
0;103;;0,033385904;;33,38590446;NCD;8;SOL;2;d;z001;
0;104;;0,030654841;;30,65484089;NCD;8;SOL;2;d;z001;
0;105;;0,027488997;;27,48899715;NCD;8;SOL;2;d;z001;
0;106;;0,035342993;;35,34299321;NCD;8;SOL;2;d;z001;
0;107;;0,031360858;;31,3608579;NCD;8;SOL;2;d;z001;
0;108;;0,033034275;;33,0342749;NCD;8;SOL;2;d;z001;
0;109;;0,030838588;;30,83858806;NCD;8;SOL;2;d;z001;
0;110;;0,031501039;;31,5010387;NCD;8;SOL;2;d;z001;
0;111;;0,031630874;;31,63087433;NCD;8;SOL;2;d;z001;
0;112;;0,030606041;;30,60604082;NCD;8;SOL;2;d;z001;
0;113;;0,027669888;;27,66988807;NCD;8;SOL;2;d;z001;
0;114;;0,034077875;;34,07787535;NCD;8;SOL;2;d;z001;
0;115;;0,029705076;;29,70507581;NCD;8;SOL;2;d;z001;
0;116;;0,033326344;;33,32634371;NCD;8;SOL;2;d;z001;
0;117;;0,025819064;;25,81906389;NCD;8;SOL;2;d;z001;
0;118;;0,03508222;;35,08221968;NCD;8;SOL;2;d;z001;
0;119;;0,030855001;;30,85500066;NCD;8;SOL;2;d;z001;
0;120;;0,025086006;;25,08600609;NCD;8;SOL;2;d;z001;
0;121;;0,035812829;;35,81282873;NCD;8;SOL;2;d;z001;
0;122;;0,027673102;;27,67310212;NCD;8;SOL;2;d;z001;
0;123;;0,033835303;;33,83530259;NCD;8;SOL;2;d;z001;
0;124;;0,034782002;;34,78200233;NCD;8;SOL;2;d;z001;
0;125;;0,028016967;;28,01696698;NCD;8;SOL;2;d;z001;
0;126;;0,034751826;;34,75182577;NCD;8;SOL;2;d;z001;
0;127;;0,033222764;;33,2227642;NCD;8;SOL;2;d;z001;
0;128;;0,034221011;;34,22101145;NCD;8;SOL;2;d;z001;
0;129;;0,029387225;;29,38722484;NCD;8;SOL;2;d;z001;
0;130;;0,028673299;;28,67329872;NCD;8;SOL;2;d;z001;
0;131;;0,033092623;;33,09262348;NCD;8;SOL;2;d;z001;
0;132;;0,027943092;;27,94309241;NCD;8;SOL;2;d;z001;
0;133;;0,023009663;;23,0096625;NCD;8;SOL;2;d;z001;
0;134;;0,034642518;;34,64251795;NCD;8;SOL;2;d;z001;
0;135;;0,032715537;;32,71553737;NCD;8;SOL;2;d;z001;
0;136;;0,036589568;;36,58956809;NCD;8;SOL;2;d;z001;
0;137;;0,032131642;;32,13164189;NCD;8;SOL;2;d;z001;
0;138;;0,032563342;;32,5633425;NCD;8;SOL;2;d;z001;
0;139;;0,034538424;;34,53842419;NCD;8;SOL;2;d;z001;
0;140;;0,034364682;;34,36468232;NCD;8;SOL;2;d;z001;
0;141;;0,034220982;;34,22098234;NCD;8;SOL;2;d;z001;
0;142;;0,030854979;;30,85497883;NCD;8;SOL;2;d;z001;
0;143;;0,035182604;;35,18260424;NCD;8;SOL;2;d;z001;
0;144;;0,029292204;;29,2922045;NCD;8;SOL;2;d;z001;
0;145;;0,030934486;;30,93448583;NCD;8;SOL;2;d;z001;
0;146;;0,035934601;;35,93460087;NCD;8;SOL;2;d;z001;
0;147;;0,038027997;;38,02799703;NCD;8;SOL;2;d;z001;
0;148;;0,035904;;35,90400047;NCD;8;SOL;2;d;z001;
0;149;;0,037063161;;37,06316056;NCD;8;SOL;2;d;z001;
0;150;;0,034622386;;34,62238572;NCD;8;SOL;2;d;z001;
0;151;;0,035827987;;35,82798749;NCD;8;SOL;2;d;z001;
0;152;;0,031464658;;31,46465798;NCD;8;SOL;2;d;z001;
0;153;;0,037025995;;37,02599497;NCD;8;SOL;2;d;z001;
0;154;;0,034613443;;34,61344311;NCD;8;SOL;2;d;z001;
0;155;;0,035769648;;35,76964794;NCD;8;SOL;2;d;z001;
0;156;;0,033461321;;33,46132148;NCD;8;SOL;2;d;z001;
0;157;;0,033581283;;33,58128301;NCD;8;SOL;2;d;z001;
0;158;;0,037452161;;37,45216054;NCD;8;SOL;2;d;z001;
0;159;;0,037089706;;37,08970576;NCD;8;SOL;2;d;z001;
0;160;;0,038230251;;38,23025133;NCD;8;SOL;2;d;z001;
0;161;;0,040265382;;40,26538184;NCD;8;SOL;2;d;z001;
0;162;;0,041921106;;41,92110615;NCD;8;SOL;2;d;z001;
0;163;;0,039270002;;39,27000216;NCD;8;SOL;2;d;z001;
0;164;;0,033359574;;33,3595737;NCD;8;SOL;2;d;z001;
0;165;;0,038134803;;38,13480279;NCD;8;SOL;2;d;z001;
0;166;;0,030251799;;30,25179866;NCD;8;SOL;2;d;z001;
0;167;;0,040287928;;40,28792842;NCD;8;SOL;2;d;z001;
0;168;;0,036949521;;36,94952057;NCD;8;SOL;2;d;z001;
0;1;;0,014140946;;14,14094557;NCD;8;SOL;2;i;z;
0;2;;0,020993876;;20,99387578;NCD;8;SOL;2;i;z;
0;3;;0,024122986;;24,12298636;NCD;8;SOL;2;i;z;
0;4;;0,020627739;;20,62773883;NCD;8;SOL;2;i;z;
0;5;;0,017391;;17,39100026;NCD;8;SOL;2;i;z;
0;6;;0,023801224;;23,80122365;NCD;8;SOL;2;i;z;
0;7;;0,024123001;;24,12300091;NCD;8;SOL;2;i;z;
0;8;;0,027545165;;27,54516508;NCD;8;SOL;2;i;z;
0;9;;0,024123001;;24,12300091;NCD;8;SOL;2;i;z;
0;10;;0,023082857;;23,08285659;NCD;8;SOL;2;i;z;
0;11;;0,020143459;;20,14345915;NCD;8;SOL;2;i;z;
0;12;;0,030502442;;30,50244174;NCD;8;SOL;2;i;z;
0;13;;0,02747455;;27,47454988;NCD;8;SOL;2;i;z;
0;14;;0,026267317;;26,26731712;NCD;8;SOL;2;i;z;
0;15;;0,026102792;;26,10279164;NCD;8;SOL;2;i;z;
0;16;;0,027852453;;27,85245346;NCD;8;SOL;2;i;z;
0;17;;0,029171999;;29,1719989;NCD;8;SOL;2;i;z;
0;18;;0,021841569;;21,84156893;NCD;8;SOL;2;i;z;
0;19;;0,028806695;;28,80669471;NCD;8;SOL;2;i;z;
0;20;;0,022665215;;22,66521463;NCD;8;SOL;2;i;z;
0;21;;0,024123001;;24,12300091;NCD;8;SOL;2;i;z;
0;22;;0,029705095;;29,70509483;NCD;8;SOL;2;i;z;
0;23;;0,020349512;;20,34951169;NCD;8;SOL;2;i;z;
0;24;;0,028958157;;28,95815707;NCD;8;SOL;2;i;z;
0;25;;0,029604659;;29,60465912;NCD;8;SOL;2;i;z;
0;26;;0,020756999;;20,75699922;NCD;8;SOL;2;i;z;
0;27;;0,02052766;;20,5276604;NCD;8;SOL;2;i;z;
0;28;;0,023247694;;23,24769386;NCD;8;SOL;2;i;z;
0;29;;0,024093384;;24,09338399;NCD;8;SOL;2;i;z;
0;30;;0,02478324;;24,78324;NCD;8;SOL;2;i;z;
0;31;;0,029190705;;29,19070543;NCD;8;SOL;2;i;z;
0;32;;0,028062131;;28,06213062;NCD;8;SOL;2;i;z;
0;33;;0,02761841;;27,61841001;NCD;8;SOL;2;i;z;
0;34;;0,026524755;;26,52475542;NCD;8;SOL;2;i;z;
0;35;;0,029990005;;29,99000545;NCD;8;SOL;2;i;z;
0;36;;0,024684006;;24,68400635;NCD;8;SOL;2;i;z;
0;37;;0,02577258;;25,77258001;NCD;8;SOL;2;i;z;
0;38;;0,033810591;;33,81059125;NCD;8;SOL;2;i;z;
0;39;;0,022440014;;22,44001371;NCD;8;SOL;2;i;z;
0;40;;0,033407441;;33,40744147;NCD;8;SOL;2;i;z;
0;41;;0,027340375;;27,34037465;NCD;8;SOL;2;i;z;
0;42;;0,031718055;;31,71805472;NCD;8;SOL;2;i;z;
0;43;;0,026761394;;26,76139356;NCD;8;SOL;2;i;z;
0;44;;0,031916867;;31,91686651;NCD;8;SOL;2;i;z;
0;45;;0,030757473;;30,75747334;NCD;8;SOL;2;i;z;
0;46;;0,02693736;;26,93735953;NCD;8;SOL;2;i;z;
0;47;;0,034743985;;34,74398458;NCD;8;SOL;2;i;z;
0;48;;0,024804596;;24,80459559;NCD;8;SOL;2;i;z;
0;49;;0,034781995;;34,78199505;NCD;8;SOL;2;i;z;
0;50;;0,026713894;;26,71389424;NCD;8;SOL;2;i;z;
0;51;;0,028011659;;28,01165853;NCD;8;SOL;2;i;z;
0;52;;0,025245001;;25,24500087;NCD;8;SOL;2;i;z;
0;53;;0,033586629;;33,58662898;NCD;8;SOL;2;i;z;
0;54;;0,033357608;;33,35760785;NCD;8;SOL;2;i;z;
0;55;;0,029311254;;29,31125423;NCD;8;SOL;2;i;z;
0;56;;0,036837487;;36,8374872;NCD;8;SOL;2;i;z;
0;57;;0,033152575;;33,15257517;NCD;8;SOL;2;i;z;
0;58;;0,035127054;;35,1270543;NCD;8;SOL;2;i;z;
0;59;;0,032657892;;32,65789199;NCD;8;SOL;2;i;z;
0;60;;0,027706662;;27,70666193;NCD;8;SOL;2;i;z;
0;61;;0,03161176;;31,61176017;NCD;8;SOL;2;i;z;
0;62;;0,034018701;;34,01870067;NCD;8;SOL;2;i;z;
0;63;;0,034222542;;34,22254176;NCD;8;SOL;2;i;z;
0;64;;0,03300889;;33,00888979;NCD;8;SOL;2;i;z;
0;65;;0,032583033;;32,58303317;NCD;8;SOL;2;i;z;
0;66;;0,031477772;;31,47777168;NCD;8;SOL;2;i;z;
0;67;;0,037515436;;37,51543603;NCD;8;SOL;2;i;z;
0;68;;0,030855001;;30,85500066;NCD;8;SOL;2;i;z;
0;69;;0,028332544;;28,33254397;NCD;8;SOL;2;i;z;
0;70;;0,031415984;;31,41598427;NCD;8;SOL;2;i;z;
0;71;;0,031396595;;31,39659526;NCD;8;SOL;2;i;z;
0;72;;0,029925298;;29,92529783;NCD;8;SOL;2;i;z;
0;73;;0,030051685;;30,05168458;NCD;8;SOL;2;i;z;
0;74;;0,028629643;;28,62964307;NCD;8;SOL;2;i;z;
0;75;;0,036488365;;36,48836513;NCD;8;SOL;2;i;z;
0;76;;0,028366968;;28,36696827;NCD;8;SOL;2;i;z;
0;77;;0,030013254;;30,01325442;NCD;8;SOL;2;i;z;
0;78;;0,023834258;;23,83425825;NCD;8;SOL;2;i;z;
0;79;;0,027418536;;27,41853583;NCD;8;SOL;2;i;z;
0;80;;0,029732997;;29,73299706;NCD;8;SOL;2;i;z;
0;81;;0,035319295;;35,3192954;NCD;8;SOL;2;i;z;
0;82;;0,032615317;;32,61531721;NCD;8;SOL;2;i;z;
0;83;;0,03326002;;33,26002013;NCD;8;SOL;2;i;z;
0;84;;0,026727643;;26,7276432;NCD;8;SOL;2;i;z;
0;85;;0,02914343;;29,14342971;NCD;8;SOL;2;i;z;
0;86;;0,033371481;;33,37148051;NCD;8;SOL;2;i;z;
0;87;;0,033660006;;33,66000601;NCD;8;SOL;2;i;z;
0;88;;0,026669118;;26,66911828;NCD;8;SOL;2;i;z;
0;89;;0,031907219;;31,90721924;NCD;8;SOL;2;i;z;
0;90;;0,033950474;;33,9504738;NCD;8;SOL;2;i;z;
0;91;;0,02731151;;27,31150985;NCD;8;SOL;2;i;z;
0;92;;0,028249755;;28,24975453;NCD;8;SOL;2;i;z;
0;93;;0,035827409;;35,82740941;NCD;8;SOL;2;i;z;
0;94;;0,040391984;;40,39198393;NCD;8;SOL;2;i;z;
0;95;;0,035696581;;35,69658079;NCD;8;SOL;2;i;z;
0;96;;0,037087174;;37,08717355;NCD;8;SOL;2;i;z;
0;97;;0,039488009;;39,48800865;NCD;8;SOL;2;i;z;
0;98;;0,033660006;;33,66000601;NCD;8;SOL;2;i;z;
0;99;;0,040563022;;40,56302175;NCD;8;SOL;2;i;z;
0;100;;0,037785711;;37,78571148;NCD;8;SOL;2;i;z;
0;101;;0,039325516;;39,32551556;NCD;8;SOL;2;i;z;
0;102;;0,037427937;;37,42793682;NCD;8;SOL;2;i;z;
0;103;;0,034908467;;34,90846684;NCD;8;SOL;2;i;z;
0;104;;0,034220982;;34,22098234;NCD;8;SOL;2;i;z;
0;105;;0,032948864;;32,94886427;NCD;8;SOL;2;i;z;
0;106;;0,03883528;;38,83527994;NCD;8;SOL;2;i;z;
0;107;;0,042509698;;42,50969824;NCD;8;SOL;2;i;z;
0;108;;0,045290325;;45,29032546;NCD;8;SOL;2;i;z;
0;109;;0,038708997;;38,70899673;NCD;8;SOL;2;i;z;
0;110;;0,036573602;;36,57360192;NCD;8;SOL;2;i;z;
0;111;;0,045704307;;45,70430665;NCD;8;SOL;2;i;z;
0;1;;0,023548961;;23,54896141;NCD;8;SOL;3;d;z;
0;2;;0,027701215;;27,70121495;NCD;8;SOL;3;d;z;
0;3;;0,024123001;;24,12300091;NCD;8;SOL;3;d;z;
0;4;;0,022920265;;22,92026474;NCD;8;SOL;3;d;z;
0;5;;0,023577157;;23,57715703;NCD;8;SOL;3;d;z;
0;6;;0,022439985;;22,4399846;NCD;8;SOL;3;d;z;
0;7;;0,028535476;;28,53547587;NCD;8;SOL;3;d;z;
0;8;;0,022264144;;22,26414378;NCD;8;SOL;3;d;z;
0;9;;0,023478134;;23,47813409;NCD;8;SOL;3;d;z;
0;10;;0,026536247;;26,53624676;NCD;8;SOL;3;d;z;
0;11;;0,026257344;;26,2573444;NCD;8;SOL;3;d;z;
0;12;;0,03357147;;33,57147016;NCD;8;SOL;3;d;z;
0;13;;0,030575229;;30,57522888;NCD;8;SOL;3;d;z;
0;14;;0,032557364;;32,55736419;NCD;8;SOL;3;d;z;
0;15;;0,026926353;;26,92635253;NCD;8;SOL;3;d;z;
0;16;;0,028801313;;28,80131282;NCD;8;SOL;3;d;z;
0;17;;0,027210215;;27,21021472;NCD;8;SOL;3;d;z;
0;18;;0,03094159;;30,94159023;NCD;8;SOL;3;d;z;
0;19;;0,031160067;;31,1600671;NCD;8;SOL;3;d;z;
0;20;;0,028561497;;28,56149719;NCD;8;SOL;3;d;z;
0;21;;0,029733001;;29,7330007;NCD;8;SOL;3;d;z;
0;22;;0,030665042;;30,66504232;NCD;8;SOL;3;d;z;
0;23;;0,035106468;;35,10646839;NCD;8;SOL;3;d;z;
0;24;;0,026173448;;26,17344802;NCD;8;SOL;3;d;z;
0;25;;0,031029133;;31,02913273;NCD;8;SOL;3;d;z;
0;26;;0,033321714;;33,32171414;NCD;8;SOL;3;d;z;
0;27;;0,031210838;;31,21083759;NCD;8;SOL;3;d;z;
0;28;;0,032537995;;32,53799514;NCD;8;SOL;3;d;z;
0;29;;0,033270321;;33,27032085;NCD;8;SOL;3;d;z;
0;30;;0,027338752;;27,33875225;NCD;8;SOL;3;d;z;
0;31;;0,030701974;;30,70197398;NCD;8;SOL;3;d;z;
0;32;;0,032085572;;32,08557208;NCD;8;SOL;3;d;z;
0;33;;0,03096899;;30,96899035;NCD;8;SOL;3;d;z;
0;34;;0,030941611;;30,94161081;NCD;8;SOL;3;d;z;
0;35;;0,03197699;;31,9769897;NCD;8;SOL;3;d;z;
0;36;;0,031416013;;31,41601337;NCD;8;SOL;3;d;z;
0;37;;0,025078972;;25,07897211;NCD;8;SOL;3;d;z;
0;38;;0,028385715;;28,38571459;NCD;8;SOL;3;d;z;
0;39;;0,033700087;;33,70008679;NCD;8;SOL;3;d;z;
0;40;;0,031416013;;31,41601337;NCD;8;SOL;3;d;z;
0;41;;0,028610986;;28,61098619;NCD;8;SOL;3;d;z;
0;42;;0,034159264;;34,15926376;NCD;8;SOL;3;d;z;
0;43;;0,033946996;;33,9469956;NCD;8;SOL;3;d;z;
0;44;;0,031704564;;31,70456412;NCD;8;SOL;3;d;z;
0;45;;0,033660006;;33,66000601;NCD;8;SOL;3;d;z;
0;46;;0,030437426;;30,43742567;NCD;8;SOL;3;d;z;
0;47;;0,032537995;;32,53799514;NCD;8;SOL;3;d;z;
0;48;;0,031416616;;31,41661582;NCD;8;SOL;3;d;z;
0;49;;0,031134628;;31,13462759;NCD;8;SOL;3;d;z;
0;50;;0,030855008;;30,85500794;NCD;8;SOL;3;d;z;
0;51;;0,033589912;;33,58991157;NCD;8;SOL;3;d;z;
0;52;;0,033367952;;33,36795244;NCD;8;SOL;3;d;z;
0;53;;0,03131217;;31,31217019;NCD;8;SOL;3;d;z;
0;54;;0,033068474;;33,0684737;NCD;8;SOL;3;d;z;
0;55;;0,034807042;;34,80704234;NCD;8;SOL;3;d;z;
0;56;;0,034220982;;34,22098234;NCD;8;SOL;3;d;z;
0;57;;0,034878052;;34,87805227;NCD;8;SOL;3;d;z;
0;58;;0,03675194;;36,75194035;NCD;8;SOL;3;d;z;
0;59;;0,031077574;;31,07757356;NCD;8;SOL;3;d;z;
0;60;;0,034774351;;34,77435056;NCD;8;SOL;3;d;z;
0;61;;0,031264615;;31,26461477;NCD;8;SOL;3;d;z;
0;62;;0,030783084;;30,78308431;NCD;8;SOL;3;d;z;
0;63;;0,031415999;;31,41599882;NCD;8;SOL;3;d;z;
0;64;;0,034444747;;34,44474696;NCD;8;SOL;3;d;z;
0;65;;0,027886991;;27,88699111;NCD;8;SOL;3;d;z;
0;66;;0,036976194;;36,97619366;NCD;8;SOL;3;d;z;
0;67;;0,039830978;;39,83097849;NCD;8;SOL;3;d;z;
0;68;;0,039356403;;39,35640266;NCD;8;SOL;3;d;z;
0;69;;0,035903999;;35,90399865;NCD;8;SOL;3;d;z;
0;70;;0,028049062;;28,04906221;NCD;8;SOL;3;d;z;
0;71;;0,035446902;;35,44690172;NCD;8;SOL;3;d;z;
0;72;;0,033099001;;33,09900058;NCD;8;SOL;3;d;z;
0;73;;0,039010395;;39,01039457;NCD;8;SOL;3;d;z;
0;74;;0,040716071;;40,71607124;NCD;8;SOL;3;d;z;
0;75;;0,031734972;;31,73497173;NCD;8;SOL;3;d;z;
0;76;;0,035342993;;35,34299321;NCD;8;SOL;3;d;z;
0;77;;0,033008383;;33,00838333;NCD;8;SOL;3;d;z;
0;78;;0,036329981;;36,3299807;NCD;8;SOL;3;d;z;
0;79;;0,028315984;;28,31598405;NCD;8;SOL;3;d;z;
0;80;;0,038578946;;38,57894585;NCD;8;SOL;3;d;z;
0;81;;0,034971714;;34,97171355;NCD;8;SOL;3;d;z;
0;82;;0,033638051;;33,63805144;NCD;8;SOL;3;d;z;
0;83;;0,034220997;;34,22099689;NCD;8;SOL;3;d;z;
0;84;;0,03197699;;31,9769897;NCD;8;SOL;3;d;z;
0;85;;0,037347512;;37,34751161;NCD;8;SOL;3;d;z;
0;86;;0,032967972;;32,96797162;NCD;8;SOL;3;d;z;
0;87;;0,034575215;;34,5752146;NCD;8;SOL;3;d;z;
0;88;;0,035662334;;35,66233437;NCD;8;SOL;3;d;z;
0;89;;0,038477232;;38,47723216;NCD;8;SOL;3;d;z;
0;90;;0,037130254;;37,13025401;NCD;8;SOL;3;d;z;
0;91;;0,04082576;;40,82575976;NCD;8;SOL;3;d;z;
0;92;;0,036802979;;36,80297907;NCD;8;SOL;3;d;z;
0;93;;0,044863045;;44,86304528;NCD;8;SOL;3;d;z;
0;94;;0,040938989;;40,93898911;NCD;8;SOL;3;d;z;
0;95;;0,034603419;;34,60341872;NCD;8;SOL;3;d;z;
0;96;;0,039382618;;39,38261765;NCD;8;SOL;3;d;z;
0;97;;0,037167658;;37,16765833;NCD;8;SOL;3;d;z;
0;98;;0,041514024;;41,51402391;NCD;8;SOL;3;d;z;
0;99;;0,038147991;;38,14799129;NCD;8;SOL;3;d;z;
0;100;;0,038111727;;38,11172689;NCD;8;SOL;3;d;z;
0;101;;0,035844277;;35,84427698;NCD;8;SOL;3;d;z;
0;102;;0,036750518;;36,7505177;NCD;8;SOL;3;d;z;
0;103;;0,0395736;;39,57360034;NCD;8;SOL;3;d;z;
0;104;;0,036073022;;36,07302249;NCD;8;SOL;3;d;z;
0;105;;0,039976726;;39,97672646;NCD;8;SOL;3;d;z;
0;106;;0,042842189;;42,84218919;NCD;8;SOL;3;d;z;
0;107;;0,041383431;;41,38343095;NCD;8;SOL;3;d;z;
0;108;;0,045365836;;45,36583575;NCD;8;SOL;3;d;z;
0;109;;0,041647239;;41,64723939;NCD;8;SOL;3;d;z;
0;110;;0,046809972;;46,80997226;NCD;8;SOL;3;d;z;
0;111;;0,042073455;;42,07345542;NCD;8;SOL;3;d;z;
0;112;;0,036302341;;36,30234074;NCD;8;SOL;3;d;z;
0;113;;0,046674854;;46,67485384;NCD;8;SOL;3;d;z;
0;1;;0,018816525;;18,81652515;NCD;8;SOL;3;i;z;
0;2;;0,024683999;;24,68399907;NCD;8;SOL;3;i;z;
0;3;;0,029138158;;29,13815839;NCD;8;SOL;3;i;z;
0;4;;0,029199526;;29,19952647;NCD;8;SOL;3;i;z;
0;5;;0,029315276;;29,31527604;NCD;8;SOL;3;i;z;
0;6;;0,029171992;;29,17199163;NCD;8;SOL;3;i;z;
0;7;;0,029482155;;29,48215542;NCD;8;SOL;3;i;z;
0;8;;0,028718339;;28,71833918;NCD;8;SOL;3;i;z;
0;9;;0,02902737;;29,02736954;NCD;8;SOL;3;i;z;
0;10;;0,036160571;;36,16057068;NCD;8;SOL;3;i;z;
0;11;;0,032915337;;32,91533743;NCD;8;SOL;3;i;z;
0;12;;0,030106425;;30,10642463;NCD;8;SOL;3;i;z;
0;13;;0,027768224;;27,76822383;NCD;8;SOL;3;i;z;
0;14;;0,036442631;;36,44263083;NCD;8;SOL;3;i;z;
0;15;;0,03587683;;35,87683038;NCD;8;SOL;3;i;z;
0;16;;0,033660006;;33,66000601;NCD;8;SOL;3;i;z;
0;17;;0,040018314;;40,0183136;NCD;8;SOL;3;i;z;
0;18;;0,030856053;;30,85605261;NCD;8;SOL;3;i;z;
0;19;;0,037586986;;37,58698585;NCD;8;SOL;3;i;z;
0;20;;0,032788155;;32,78815458;NCD;8;SOL;3;i;z;
0;21;;0,037567704;;37,5677043;NCD;8;SOL;3;i;z;
0;22;;0,036339313;;36,33931264;NCD;8;SOL;3;i;z;
0;23;;0,037785242;;37,78524159;NCD;8;SOL;3;i;z;
0;24;;0,034635634;;34,63563382;NCD;8;SOL;3;i;z;
0;25;;0,039946019;;39,94601888;NCD;8;SOL;3;i;z;
0;26;;0,034007945;;34,00794452;NCD;8;SOL;3;i;z;
0;27;;0,035729932;;35,72993172;NCD;8;SOL;3;i;z;
0;28;;0,02702725;;27,02725035;NCD;8;SOL;3;i;z;
0;29;;0,032090573;;32,09057335;NCD;8;SOL;3;i;z;
0;30;;0,036919901;;36,91990146;NCD;8;SOL;3;i;z;
0;31;;0,032783237;;32,78323695;NCD;8;SOL;3;i;z;
0;32;;0,039833696;;39,83369597;NCD;8;SOL;3;i;z;
0;33;;0,038478642;;38,47864241;NCD;8;SOL;3;i;z;
0;34;;0,040952989;;40,95298937;NCD;8;SOL;3;i;z;
0;35;;0,036993648;;36,99364847;NCD;8;SOL;3;i;z;
0;36;;0,031839764;;31,83976383;NCD;8;SOL;3;i;z;
0;37;;0,037185018;;37,18501778;NCD;8;SOL;3;i;z;
0;38;;0,033872399;;33,87239913;NCD;8;SOL;3;i;z;
0;39;;0,041669087;;41,66908711;NCD;8;SOL;3;i;z;
0;40;;0,037511809;;37,51180896;NCD;8;SOL;3;i;z;
0;41;;0,032672128;;32,67212836;NCD;8;SOL;3;i;z;
0;42;;0,041303652;;41,30365175;NCD;8;SOL;3;i;z;
0;43;;0,039272003;;39,27200333;NCD;8;SOL;3;i;z;
0;44;;0,038446276;;38,44627641;NCD;8;SOL;3;i;z;
0;45;;0,03154363;;31,54362988;NCD;8;SOL;3;i;z;
0;46;;0,044319007;;44,31900743;NCD;8;SOL;3;i;z;
0;47;;0,037432247;;37,43224654;NCD;8;SOL;3;i;z;
0;48;;0,041788873;;41,78887268;NCD;8;SOL;3;i;z;
0;49;;0,039033907;;39,03390735;NCD;8;SOL;3;i;z;
0;50;;0,027177964;;27,17796433;NCD;8;SOL;3;i;z;
0;51;;0,039733221;;39,73322064;NCD;8;SOL;3;i;z;
0;52;;0,044278445;;44,27844472;NCD;8;SOL;3;i;z;
0;53;;0,041145448;;41,14544786;NCD;8;SOL;3;i;z;
0;54;;0,044192785;;44,19278538;NCD;8;SOL;3;i;z;
0;55;;0,041079953;;41,07995313;NCD;8;SOL;3;i;z;
0;56;;0,040844926;;40,84492568;NCD;8;SOL;3;i;z;
0;57;;0,037578807;;37,57880682;NCD;8;SOL;3;i;z;
0;58;;0,050441036;;50,44103606;NCD;8;SOL;3;i;z;
0;59;;0,03941364;;39,41363971;NCD;8;SOL;3;i;z;
0;60;;0,043513161;;43,51316135;NCD;8;SOL;3;i;z;
0;1;;0,024123001;;24,12300091;NCD;8;SOL;4;d;z;
0;2;;0,02356201;;23,56201003;NCD;8;SOL;4;d;z;
0;3;;0,026366994;;26,36699355;NCD;8;SOL;4;d;z;
0;4;;0,02701435;;27,01435046;NCD;8;SOL;4;d;z;
0;5;;0,026026963;;26,02696314;NCD;8;SOL;4;d;z;
0;6;;0,02433603;;24,33603026;NCD;8;SOL;4;d;z;
0;7;;0,026697558;;26,69755816;NCD;8;SOL;4;d;z;
0;8;;0,029732999;;29,73299888;NCD;8;SOL;4;d;z;
0;9;;0,028049981;;28,04998076;NCD;8;SOL;4;d;z;
0;10;;0,025309382;;25,30938221;NCD;8;SOL;4;d;z;
0;11;;0,029583011;;29,58301053;NCD;8;SOL;4;d;z;
0;12;;0,024991301;;24,99130104;NCD;8;SOL;4;d;z;
0;13;;0,023499509;;23,49950857;NCD;8;SOL;4;d;z;
0;14;;0,024966198;;24,96619841;NCD;8;SOL;4;d;z;
0;15;;0,022440014;;22,44001371;NCD;8;SOL;4;d;z;
0;16;;0,026830673;;26,8306733;NCD;8;SOL;4;d;z;
0;17;;0,020628215;;20,62821524;NCD;8;SOL;4;d;z;
0;18;;0,026927999;;26,92799899;NCD;8;SOL;4;d;z;
0;19;;0,028934979;;28,93497906;NCD;8;SOL;4;d;z;
0;20;;0,021879008;;21,87900827;NCD;8;SOL;4;d;z;
0;21;;0,026367008;;26,3670081;NCD;8;SOL;4;d;z;
0;22;;0,024723296;;24,72329561;NCD;8;SOL;4;d;z;
0;23;;0,02834262;;28,34261995;NCD;8;SOL;4;d;z;
0;24;;0,02734512;;27,34512021;NCD;8;SOL;4;d;z;
0;25;;0,025244997;;25,24499723;NCD;8;SOL;4;d;z;
0;26;;0,029715859;;29,71585948;NCD;8;SOL;4;d;z;
0;27;;0,026927999;;26,92799899;NCD;8;SOL;4;d;z;
0;28;;0,025244983;;25,24498268;NCD;8;SOL;4;d;z;
0;29;;0,024991293;;24,99129332;NCD;8;SOL;4;d;z;
0;30;;0,027505158;;27,5051582;NCD;8;SOL;4;d;z;
0;31;;0,025806017;;25,80601722;NCD;8;SOL;4;d;z;
0;32;;0,026425967;;26,42596728;NCD;8;SOL;4;d;z;
0;33;;0,024684006;;24,68400635;NCD;8;SOL;4;d;z;
0;34;;0,028774521;;28,77452052;NCD;8;SOL;4;d;z;
0;35;;0,027418943;;27,41894319;NCD;8;SOL;4;d;z;
0;36;;0,024684003;;24,68400271;NCD;8;SOL;4;d;z;
0;37;;0,024368936;;24,36893639;NCD;8;SOL;4;d;z;
0;38;;0,03190679;;31,90679043;NCD;8;SOL;4;d;z;
0;39;;0,034495561;;34,4955613;NCD;8;SOL;4;d;z;
0;40;;0,034234028;;34,23402759;NCD;8;SOL;4;d;z;
0;41;;0,031119058;;31,11905813;NCD;8;SOL;4;d;z;
0;42;;0,031078642;;31,07864224;NCD;8;SOL;4;d;z;
0;43;;0,029210825;;29,21082535;NCD;8;SOL;4;d;z;
0;44;;0,033076343;;33,07634322;NCD;8;SOL;4;d;z;
0;45;;0,030073003;;30,0730027;NCD;8;SOL;4;d;z;
0;46;;0,032537995;;32,53799514;NCD;8;SOL;4;d;z;
0;47;;0,028225874;;28,22587373;NCD;8;SOL;4;d;z;
0;48;;0,029410376;;29,41037586;NCD;8;SOL;4;d;z;
0;49;;0,028886453;;28,88645306;NCD;8;SOL;4;d;z;
0;50;;0,021216915;;21,21691487;NCD;8;SOL;4;d;z;
0;51;;0,027488975;;27,48897532;NCD;8;SOL;4;d;z;
0;52;;0,033099001;;33,09900058;NCD;8;SOL;4;d;z;
0;53;;0,029962432;;29,96243249;NCD;8;SOL;4;d;z;
0;54;;0,034220997;;34,22099689;NCD;8;SOL;4;d;z;
0;55;;0,03197699;;31,9769897;NCD;8;SOL;4;d;z;
0;56;;0,032925023;;32,92502339;NCD;8;SOL;4;d;z;
0;57;;0,032236517;;32,23651682;NCD;8;SOL;4;d;z;
0;58;;0,033165221;;33,16522135;NCD;8;SOL;4;d;z;
0;59;;0,032528353;;32,52835322;NCD;8;SOL;4;d;z;
0;60;;0,032490953;;32,490953;NCD;8;SOL;4;d;z;
0;61;;0,036495214;;36,4952144;NCD;8;SOL;4;d;z;
0;62;;0,036329975;;36,32997542;NCD;8;SOL;4;d;z;
0;63;;0,032259082;;32,25908209;NCD;8;SOL;4;d;z;
0;64;;0,02658445;;26,58445015;NCD;8;SOL;4;d;z;
0;65;;0,031412453;;31,41245283;NCD;8;SOL;4;d;z;
0;66;;0,034617812;;34,61781167;NCD;8;SOL;4;d;z;
0;67;;0,035755178;;35,75517848;NCD;8;SOL;4;d;z;
0;68;;0,031583641;;31,58364112;NCD;8;SOL;4;d;z;
0;69;;0,035158079;;35,15807928;NCD;8;SOL;4;d;z;
0;70;;0,02955268;;29,55268032;NCD;8;SOL;4;d;z;
0;71;;0,035521598;;35,52159794;NCD;8;SOL;4;d;z;
0;72;;0,026979056;;26,97905646;NCD;8;SOL;4;d;z;
0;73;;0,034519547;;34,51954729;NCD;8;SOL;4;d;z;
0;74;;0,031214417;;31,21441746;NCD;8;SOL;4;d;z;
0;75;;0,031483026;;31,48302626;NCD;8;SOL;4;d;z;
0;76;;0,036718349;;36,71834918;NCD;8;SOL;4;d;z;
0;77;;0,032896571;;32,89657146;NCD;8;SOL;4;d;z;
0;78;;0,028173819;;28,17381911;NCD;8;SOL;4;d;z;
0;79;;0,033882817;;33,88281744;NCD;8;SOL;4;d;z;
0;80;;0,037089692;;37,08969171;NCD;8;SOL;4;d;z;
0;81;;0,03060819;;30,60819013;NCD;8;SOL;4;d;z;
0;82;;0,034156999;;34,15699918;NCD;8;SOL;4;d;z;
0;83;;0,039831008;;39,8310076;NCD;8;SOL;4;d;z;
0;84;;0,037129759;;37,12975945;NCD;8;SOL;4;d;z;
0;85;;0,032866206;;32,86620646;NCD;8;SOL;4;d;z;
0;86;;0,029012008;;29,01200791;NCD;8;SOL;4;d;z;
0;87;;0,035249536;;35,24953587;NCD;8;SOL;4;d;z;
0;88;;0,040953018;;40,95301847;NCD;8;SOL;4;d;z;
0;89;;0,039269988;;39,26998761;NCD;8;SOL;4;d;z;
0;90;;0,033080365;;33,08036547;NCD;8;SOL;4;d;z;
0;91;;0,037866042;;37,86604188;NCD;8;SOL;4;d;z;
0;92;;0,03193121;;31,93121029;NCD;8;SOL;4;d;z;
0;93;;0,039035374;;39,03537373;NCD;8;SOL;4;d;z;
0;94;;0,034622392;;34,62239222;NCD;8;SOL;4;d;z;
0;95;;0,039270002;;39,27000216;NCD;8;SOL;4;d;z;
0;96;;0,038173321;;38,17332102;NCD;8;SOL;4;d;z;
0;97;;0,043196997;;43,19699656;NCD;8;SOL;4;d;z;
0;98;;0,040048544;;40,04854383;NCD;8;SOL;4;d;z;
0;99;;0,035342993;;35,34299321;NCD;8;SOL;4;d;z;
0;100;;0,036382129;;36,38212871;NCD;8;SOL;4;d;z;
0;101;;0,039270002;;39,27000216;NCD;8;SOL;4;d;z;
0;102;;0,040952989;;40,95298937;NCD;8;SOL;4;d;z;
0;103;;0,035622047;;35,62204729;NCD;8;SOL;4;d;z;
0;104;;0,038919148;;38,91914835;NCD;8;SOL;4;d;z;
0;105;;0,03652586;;36,52586043;NCD;8;SOL;4;d;z;
0;106;;0,041263161;;41,26316148;NCD;8;SOL;4;d;z;
0;107;;0,038584608;;38,58460845;NCD;8;SOL;4;d;z;
0;108;;0,039864458;;39,86445755;NCD;8;SOL;4;d;z;
0;109;;0,034490732;;34,49073197;NCD;8;SOL;4;d;z;
0;110;;0,040040341;;40,04034146;NCD;8;SOL;4;d;z;
0;111;;0,039035374;;39,03537373;NCD;8;SOL;4;d;z;
0;112;;0,043737206;;43,7372057;NCD;8;SOL;4;d;z;
0;113;;0,042655546;;42,65554573;NCD;8;SOL;4;d;z;
0;114;;0,040399616;;40,39961643;NCD;8;SOL;4;d;z;
0;115;;0,043758002;;43,75800199;NCD;8;SOL;4;d;z;
0;116;;0,038147991;;38,14799129;NCD;8;SOL;4;d;z;
0;117;;0,039831008;;39,8310076;NCD;8;SOL;4;d;z;
0;118;;0,039831008;;39,8310076;NCD;8;SOL;4;d;z;
0;119;;0,037633037;;37,63303729;NCD;8;SOL;4;d;z;
0;120;;0,044697871;;44,69787068;NCD;8;SOL;4;d;z;
0;121;;0,038709011;;38,70901128;NCD;8;SOL;4;d;z;
0;122;;0,047876494;;47,87649408;NCD;8;SOL;4;d;z;
0;1;;0,015708007;;15,70800669;NCD;8;SOL;4;i;z;
0;2;;0,018815291;;18,8152909;NCD;8;SOL;4;i;z;
0;3;;0,022896589;;22,8965894;NCD;8;SOL;4;i;z;
0;4;;0,023494949;;23,49494946;NCD;8;SOL;4;i;z;
0;5;;0,017057558;;17,05755811;NCD;8;SOL;4;i;z;
0;6;;0,019634987;;19,63498653;NCD;8;SOL;4;i;z;
0;7;;0,018513005;;18,51300476;NCD;8;SOL;4;i;z;
0;8;;0,019073996;;19,07399565;NCD;8;SOL;4;i;z;
0;9;;0,026527357;;26,52735655;NCD;8;SOL;4;i;z;
0;10;;0,024310797;;24,31079743;NCD;8;SOL;4;i;z;
0;11;;0,022328923;;22,3289227;NCD;8;SOL;4;i;z;
0;12;;0,023007858;;23,00785759;NCD;8;SOL;4;i;z;
0;13;;0,025000231;;25,00023081;NCD;8;SOL;4;i;z;
0;14;;0,020195992;;20,19599197;NCD;8;SOL;4;i;z;
0;15;;0,018978372;;18,9783716;NCD;8;SOL;4;i;z;
0;16;;0,017390994;;17,39099389;NCD;8;SOL;4;i;z;
0;17;;0,025244997;;25,24499723;NCD;8;SOL;4;i;z;
0;18;;0,018966043;;18,96604303;NCD;8;SOL;4;i;z;
0;19;;0,026815547;;26,81554674;NCD;8;SOL;4;i;z;
0;20;;0,027490769;;27,49076878;NCD;8;SOL;4;i;z;
0;21;;0,025952459;;25,95245931;NCD;8;SOL;4;i;z;
0;22;;0,024949449;;24,94944903;NCD;8;SOL;4;i;z;
0;23;;0,029410805;;29,41080503;NCD;8;SOL;4;i;z;
0;24;;0,025784672;;25,78467225;NCD;8;SOL;4;i;z;
0;25;;0,023914622;;23,91462151;NCD;8;SOL;4;i;z;
0;26;;0,026543835;;26,54383535;NCD;8;SOL;4;i;z;
0;27;;0,023001019;;23,00101914;NCD;8;SOL;4;i;z;
0;28;;0,020490734;;20,49073414;NCD;8;SOL;4;i;z;
0;29;;0,033111794;;33,11179447;NCD;8;SOL;4;i;z;
0;30;;0,026927999;;26,92799899;NCD;8;SOL;4;i;z;
0;31;;0,023404325;;23,40432528;NCD;8;SOL;4;i;z;
0;32;;0,028049995;;28,04999531;NCD;8;SOL;4;i;z;
0;33;;0,025736615;;25,7366147;NCD;8;SOL;4;i;z;
0;34;;0,024684006;;24,68400635;NCD;8;SOL;4;i;z;
0;35;;0,027655192;;27,6551924;NCD;8;SOL;4;i;z;
0;36;;0,024684006;;24,68400635;NCD;8;SOL;4;i;z;
0;37;;0,027488975;;27,48897532;NCD;8;SOL;4;i;z;
0;38;;0,023001005;;23,00100459;NCD;8;SOL;4;i;z;
0;39;;0,026224;;26,22399958;NCD;8;SOL;4;i;z;
0;40;;0,030829776;;30,82977617;NCD;8;SOL;4;i;z;
0;41;;0,026652881;;26,65288137;NCD;8;SOL;4;i;z;
0;42;;0,02547182;;25,47181955;NCD;8;SOL;4;i;z;
0;43;;0,024425667;;24,42566744;NCD;8;SOL;4;i;z;
0;44;;0,025877738;;25,87773757;NCD;8;SOL;4;i;z;
0;45;;0,025138266;;25,13826615;NCD;8;SOL;4;i;z;
0;46;;0,027933527;;27,93352726;NCD;8;SOL;4;i;z;
0;47;;0,025806003;;25,80600267;NCD;8;SOL;4;i;z;
0;48;;0,028049995;;28,04999531;NCD;8;SOL;4;i;z;
0;49;;0,030875497;;30,87549698;NCD;8;SOL;4;i;z;
0;50;;0,030855008;;30,85500794;NCD;8;SOL;4;i;z;
0;51;;0,025637318;;25,63731793;NCD;8;SOL;4;i;z;
0;52;;0,032925034;;32,92503368;NCD;8;SOL;4;i;z;
0;53;;0,030294002;;30,2940025;NCD;8;SOL;4;i;z;
0;54;;0,030146756;;30,14675572;NCD;8;SOL;4;i;z;
0;55;;0,023856938;;23,856938;NCD;8;SOL;4;i;z;
0;56;;0,023001005;;23,00100459;NCD;8;SOL;4;i;z;
0;57;;0,025570796;;25,57079557;NCD;8;SOL;4;i;z;
0;58;;0,025245012;;25,24501178;NCD;8;SOL;4;i;z;
0;59;;0,026927999;;26,92799899;NCD;8;SOL;4;i;z;
0;60;;0,028185795;;28,18579524;NCD;8;SOL;4;i;z;
0;61;;0,027705887;;27,70588693;NCD;8;SOL;4;i;z;
0;62;;0,025784652;;25,78465167;NCD;8;SOL;4;i;z;
0;63;;0,032856359;;32,85635856;NCD;8;SOL;4;i;z;
0;64;;0,033322558;;33,32255761;NCD;8;SOL;4;i;z;
0;65;;0,029180157;;29,18015748;NCD;8;SOL;4;i;z;
0;66;;0,030855529;;30,8555287;NCD;8;SOL;4;i;z;
0;67;;0,030361196;;30,36119616;NCD;8;SOL;4;i;z;
0;68;;0,02356201;;23,56201003;NCD;8;SOL;4;i;z;
0;69;;0,02734114;;27,34113953;NCD;8;SOL;4;i;z;
0;70;;0,026927999;;26,92799899;NCD;8;SOL;4;i;z;
0;71;;0,033099001;;33,09900058;NCD;8;SOL;4;i;z;
0;72;;0,028377741;;28,37774087;NCD;8;SOL;4;i;z;
0;73;;0,030190052;;30,19005194;NCD;8;SOL;4;i;z;
0;74;;0,02433091;;24,33091045;NCD;8;SOL;4;i;z;
0;75;;0,029461179;;29,4611791;NCD;8;SOL;4;i;z;
0;76;;0,029751432;;29,75143217;NCD;8;SOL;4;i;z;
0;77;;0,031457968;;31,45796759;NCD;8;SOL;4;i;z;
0;78;;0,028592232;;28,59223151;NCD;8;SOL;4;i;z;
0;79;;0,033659977;;33,65997691;NCD;8;SOL;4;i;z;
0;80;;0,034402522;;34,40252175;NCD;8;SOL;4;i;z;
0;81;;0,034767761;;34,76776089;NCD;8;SOL;4;i;z;
0;82;;0,034782017;;34,78201688;NCD;8;SOL;4;i;z;
0;83;;0,03209106;;32,09105984;NCD;8;SOL;4;i;z;
0;84;;0,029268086;;29,26808573;NCD;8;SOL;4;i;z;
0;85;;0,036475912;;36,47591236;NCD;8;SOL;4;i;z;
0;86;;0,033710542;;33,71054162;NCD;8;SOL;4;i;z;
0;87;;0,037313791;;37,31379086;NCD;8;SOL;4;i;z;
0;88;;0,028049981;;28,04998076;NCD;8;SOL;4;i;z;
0;89;;0,035986061;;35,98606131;NCD;8;SOL;4;i;z;
0;90;;0,032897518;;32,89751762;NCD;8;SOL;4;i;z;
0;91;;0,037280904;;37,28090433;NCD;8;SOL;4;i;z;
0;92;;0,034096464;;34,0964638;NCD;8;SOL;4;i;z;
0;93;;0,028648318;;28,6483183;NCD;8;SOL;4;i;z;
0;94;;0,033936238;;33,93623755;NCD;8;SOL;4;i;z;
0;95;;0,046607215;;46,60721459;NCD;8;SOL;4;i;z;
0;96;;0,043062497;;43,06249678;NCD;8;SOL;4;i;z;
0;97;;0,051137779;;51,13777905;NCD;8;SOL;4;i;z;
0;98;;0,050807797;;50,80779689;NCD;8;SOL;4;i;z;
0;1;;0,012902994;;12,90299406;HFD;12;SOL;1;d;z;
0;2;;0,030941594;;30,94159409;HFD;12;SOL;1;d;z;
0;3;;0,025829271;;25,82927109;HFD;12;SOL;1;d;z;
0;4;;0,034400176;;34,40017622;HFD;12;SOL;1;d;z;
0;5;;0,036528447;;36,52844668;HFD;12;SOL;1;d;z;
0;6;;0,037798733;;37,79873259;HFD;12;SOL;1;d;z;
0;7;;0,037587;;37,58700041;HFD;12;SOL;1;d;z;
0;8;;0,037852514;;37,85251361;HFD;12;SOL;1;d;z;
0;9;;0,03436914;;34,3691401;HFD;12;SOL;1;d;z;
0;10;;0,03490846;;34,90845977;HFD;12;SOL;1;d;z;
0;11;;0,039133688;;39,13368777;HFD;12;SOL;1;d;z;
0;12;;0,043936465;;43,93646544;HFD;12;SOL;1;d;z;
0;13;;0,038846091;;38,84609052;HFD;12;SOL;1;d;z;
0;14;;0,033098993;;33,0989933;HFD;12;SOL;1;d;z;
0;15;;0,035903999;;35,90399865;HFD;12;SOL;1;d;z;
0;16;;0,044880013;;44,88001287;HFD;12;SOL;1;d;z;
0;17;;0,039638951;;39,63895105;HFD;12;SOL;1;d;z;
0;18;;0,044557172;;44,55717233;HFD;12;SOL;1;d;z;
0;19;;0,041513995;;41,5139948;HFD;12;SOL;1;d;z;
0;20;;0,039882333;;39,88233272;HFD;12;SOL;1;d;z;
0;21;;0,042075;;42,07500024;HFD;12;SOL;1;d;z;
0;22;;0,043619236;;43,61923631;HFD;12;SOL;1;d;z;
0;23;;0,042290339;;42,29033924;HFD;12;SOL;1;d;z;
0;24;;0,047494951;;47,49495127;HFD;12;SOL;1;d;z;
0;25;;0,044812749;;44,81274899;HFD;12;SOL;1;d;z;
0;26;;0,043785392;;43,78539189;HFD;12;SOL;1;d;z;
0;27;;0,042784827;;42,78482679;HFD;12;SOL;1;d;z;
0;28;;0,048807007;;48,80700726;HFD;12;SOL;1;d;z;
0;29;;0,043623679;;43,62367872;HFD;12;SOL;1;d;z;
0;30;;0,051506161;;51,50616075;HFD;12;SOL;1;d;z;
0;31;;0,049367998;;49,36799814;HFD;12;SOL;1;d;z;
0;32;;0,049926484;;49,92648403;HFD;12;SOL;1;d;z;
0;33;;0,05545861;;55,45860988;HFD;12;SOL;1;d;z;
0;34;;0,047869381;;47,86938145;HFD;12;SOL;1;d;z;
0;35;;0,04789205;;47,89205049;HFD;12;SOL;1;d;z;
0;36;;0,046420892;;46,42089234;HFD;12;SOL;1;d;z;
0;37;;0,04432198;;44,32197997;HFD;12;SOL;1;d;z;
0;38;;0,052686237;;52,68623659;HFD;12;SOL;1;d;z;
0;39;;0,05436742;;54,36742006;HFD;12;SOL;1;d;z;
0;40;;0,052669458;;52,66945818;HFD;12;SOL;1;d;z;
0;41;;0,043496741;;43,49674121;HFD;12;SOL;1;d;z;
0;42;;0,047167948;;47,16794841;HFD;12;SOL;1;d;z;
0;43;;0,049367998;;49,36799814;HFD;12;SOL;1;d;z;
0;44;;0,053791548;;53,79154794;HFD;12;SOL;1;d;z;
0;45;;0,044319022;;44,31902198;HFD;12;SOL;1;d;z;
0;46;;0,056290953;;56,2909529;HFD;12;SOL;1;d;z;
0;47;;0,050271524;;50,2715238;HFD;12;SOL;1;d;z;
0;48;;0,054309679;;54,30967895;HFD;12;SOL;1;d;z;
0;49;;0,05984956;;59,84956014;HFD;12;SOL;1;d;z;
0;50;;0,038709026;;38,70902583;HFD;12;SOL;1;d;z;
0;51;;0,055405047;;55,40504657;HFD;12;SOL;1;d;z;
0;52;;0,06067507;;60,67507017;HFD;12;SOL;1;d;z;
0;53;;0,059209299;;59,20929873;HFD;12;SOL;1;d;z;
0;54;;0,061136762;;61,13676157;HFD;12;SOL;1;d;z;
0;55;;0,054775838;;54,77583829;HFD;12;SOL;1;d;z;
0;1;;0,023321343;;23,32134288;HFD;12;SOL;1;i;z001;
0;2;;0,035225598;;35,22559814;HFD;12;SOL;1;i;z001;
0;3;;0,032586885;;32,58688477;HFD;12;SOL;1;i;z001;
0;4;;0,041355286;;41,35528591;HFD;12;SOL;1;i;z001;
0;5;;0,04618411;;46,18410982;HFD;12;SOL;1;i;z001;
0;6;;0,040816787;;40,81678655;HFD;12;SOL;1;i;z001;
0;7;;0,049367984;;49,36798359;HFD;12;SOL;1;i;z001;
0;8;;0,054803964;;54,8039637;HFD;12;SOL;1;i;z001;
0;9;;0,044864872;;44,86487199;HFD;12;SOL;1;i;z001;
0;10;;0,038598455;;38,59845476;HFD;12;SOL;1;i;z001;
0;11;;0,052263822;;52,26382161;HFD;12;SOL;1;i;z001;
0;12;;0,055397927;;55,39792683;HFD;12;SOL;1;i;z001;
0;13;;0,056126003;;56,12600281;HFD;12;SOL;1;i;z001;
0;14;;0,053657604;;53,65760419;HFD;12;SOL;1;i;z001;
0;15;;0,045920006;;45,92000626;HFD;12;SOL;1;i;z001;
0;16;;0,053274877;;53,27487725;HFD;12;SOL;1;i;z001;
0;17;;0,045921363;;45,92136325;HFD;12;SOL;1;i;z001;
0;18;;0,055197176;;55,19717594;HFD;12;SOL;1;i;z001;
0;19;;0,057258485;;57,25848485;HFD;12;SOL;1;i;z001;
0;20;;0,051165037;;51,16503726;HFD;12;SOL;1;i;z001;
0;21;;0,051215449;;51,21544899;HFD;12;SOL;1;i;z001;
0;22;;0,045568988;;45,56898815;HFD;12;SOL;1;i;z001;
0;23;;0,058806758;;58,80675776;HFD;12;SOL;1;i;z001;
0;24;;0,060831639;;60,83163936;HFD;12;SOL;1;i;z001;
0;25;;0,055539;;55,53899973;HFD;12;SOL;1;i;z001;
0;26;;0,064117991;;64,11799115;HFD;12;SOL;1;i;z001;
0;27;;0,058526212;;58,52621243;HFD;12;SOL;1;i;z001;
0;28;;0,060796111;;60,79611083;HFD;12;SOL;1;i;z001;
0;1;;0,026888365;;26,8883651;HFD;12;SOL;2;i;z002;
0;2;;0,025855235;;25,85523468;HFD;12;SOL;2;i;z002;
0;3;;0,026706782;;26,7067816;HFD;12;SOL;2;i;z002;
0;4;;0,02510367;;25,10366968;HFD;12;SOL;2;i;z002;
0;5;;0,030148229;;30,14822931;HFD;12;SOL;2;i;z002;
0;6;;0,027767155;;27,7671549;HFD;12;SOL;2;i;z002;
0;7;;0,026528833;;26,52883265;HFD;12;SOL;2;i;z002;
0;8;;0,026092249;;26,09224856;HFD;12;SOL;2;i;z002;
0;9;;0,02782967;;27,82967028;HFD;12;SOL;2;i;z002;
0;10;;0,026516203;;26,51620293;HFD;12;SOL;2;i;z002;
0;11;;0,025975023;;25,97502287;HFD;12;SOL;2;i;z002;
0;12;;0,027371425;;27,37142495;HFD;12;SOL;2;i;z002;
0;13;;0,030855008;;30,85500794;HFD;12;SOL;2;i;z002;
0;14;;0,030100699;;30,10069905;HFD;12;SOL;2;i;z002;
0;15;;0,029172021;;29,17202073;HFD;12;SOL;2;i;z002;
0;16;;0,031141901;;31,14190105;HFD;12;SOL;2;i;z002;
0;17;;0,030492242;;30,49224197;HFD;12;SOL;2;i;z002;
0;18;;0,033318459;;33,31845897;HFD;12;SOL;2;i;z002;
0;19;;0,032657878;;32,65787822;HFD;12;SOL;2;i;z002;
0;20;;0,034115096;;34,11509563;HFD;12;SOL;2;i;z002;
0;21;;0,029043839;;29,04383903;HFD;12;SOL;2;i;z002;
0;22;;0,034130252;;34,1302516;HFD;12;SOL;2;i;z002;
0;23;;0,03404419;;34,04419028;HFD;12;SOL;2;i;z002;
0;24;;0,032364753;;32,36475284;HFD;12;SOL;2;i;z002;
0;25;;0,036722699;;36,72269931;HFD;12;SOL;2;i;z002;
0;26;;0,030294002;;30,2940025;HFD;12;SOL;2;i;z002;
0;27;;0,029732997;;29,73299706;HFD;12;SOL;2;i;z002;
0;28;;0,032277729;;32,27772868;HFD;12;SOL;2;i;z002;
0;29;;0,035904028;;35,90402775;HFD;12;SOL;2;i;z002;
0;30;;0,032137611;;32,13761149;HFD;12;SOL;2;i;z002;
0;31;;0,028145676;;28,14567622;HFD;12;SOL;2;i;z002;
0;32;;0,031958908;;31,95890792;HFD;12;SOL;2;i;z002;
0;33;;0,034480936;;34,4809355;HFD;12;SOL;2;i;z002;
0;34;;0,030512982;;30,51298218;HFD;12;SOL;2;i;z002;
0;35;;0,02222266;;22,22266049;HFD;12;SOL;2;i;z002;
0;36;;0,031433715;;31,43371534;HFD;12;SOL;2;i;z002;
0;37;;0,032538024;;32,53802424;HFD;12;SOL;2;i;z002;
0;38;;0,030829147;;30,82914678;HFD;12;SOL;2;i;z002;
0;39;;0,03549245;;35,49245046;HFD;12;SOL;2;i;z002;
0;40;;0,038709004;;38,709004;HFD;12;SOL;2;i;z002;
0;41;;0,030685265;;30,68526505;HFD;12;SOL;2;i;z002;
0;42;;0,028164796;;28,16479615;HFD;12;SOL;2;i;z002;
0;43;;0,037168954;;37,16895389;HFD;12;SOL;2;i;z002;
0;44;;0,035965328;;35,96532792;HFD;12;SOL;2;i;z002;
0;45;;0,032537995;;32,53799514;HFD;12;SOL;2;i;z002;
0;46;;0,032832;;32,83199956;HFD;12;SOL;2;i;z002;
0;47;;0,036756333;;36,75633269;HFD;12;SOL;2;i;z002;
0;48;;0,036662741;;36,66274074;HFD;12;SOL;2;i;z002;
0;49;;0,03294609;;32,94608975;HFD;12;SOL;2;i;z002;
0;50;;0,030632713;;30,63271347;HFD;12;SOL;2;i;z002;
0;51;;0,028430099;;28,43009888;HFD;12;SOL;2;i;z002;
0;52;;0,030622372;;30,62237192;HFD;12;SOL;2;i;z002;
0;53;;0,035417429;;35,41742882;HFD;12;SOL;2;i;z002;
0;54;;0,038884207;;38,88420709;HFD;12;SOL;2;i;z002;
0;55;;0,026352875;;26,35287534;HFD;12;SOL;2;i;z002;
0;56;;0,025974874;;25,9748742;HFD;12;SOL;2;i;z002;
0;57;;0,026898764;;26,8987643;HFD;12;SOL;2;i;z002;
0;58;;0,034782002;;34,78200233;HFD;12;SOL;2;i;z002;
0;59;;0,031037786;;31,03778585;HFD;12;SOL;2;i;z002;
0;60;;0,028142607;;28,14260736;HFD;12;SOL;2;i;z002;
0;61;;0,030446155;;30,44615547;HFD;12;SOL;2;i;z002;
0;62;;0,033508325;;33,50832494;HFD;12;SOL;2;i;z002;
0;63;;0,032072571;;32,07257081;HFD;12;SOL;2;i;z002;
0;64;;0,036465004;;36,46500409;HFD;12;SOL;2;i;z002;
0;65;;0,037099221;;37,09922102;HFD;12;SOL;2;i;z002;
0;66;;0,039614186;;39,61418637;HFD;12;SOL;2;i;z002;
0;67;;0,037244557;;37,24455674;HFD;12;SOL;2;i;z002;
0;68;;0,036883712;;36,88371218;HFD;12;SOL;2;i;z002;
0;69;;0,033764734;;33,76473358;HFD;12;SOL;2;i;z002;
0;70;;0,034853636;;34,85363624;HFD;12;SOL;2;i;z002;
0;71;;0,028018561;;28,01856058;HFD;12;SOL;2;i;z002;
0;72;;0,033650228;;33,6502278;HFD;12;SOL;2;i;z002;
0;73;;0,03094159;;30,94159023;HFD;12;SOL;2;i;z002;
0;74;;0,033409241;;33,40924129;HFD;12;SOL;2;i;z002;
0;75;;0,043654327;;43,65432742;HFD;12;SOL;2;i;z002;
0;76;;0,031439535;;31,4395347;HFD;12;SOL;2;i;z002;
0;77;;0,034220997;;34,22099689;HFD;12;SOL;2;i;z002;
0;78;;0,040428445;;40,42844529;HFD;12;SOL;2;i;z002;
0;79;;0,034423877;;34,42387708;HFD;12;SOL;2;i;z002;
0;80;;0,040245341;;40,24534097;HFD;12;SOL;2;i;z002;
0;81;;0,03128787;;31,28786977;HFD;12;SOL;2;i;z002;
0;82;;0,030572201;;30,57220062;HFD;12;SOL;2;i;z002;
0;83;;0,029359362;;29,35936178;HFD;12;SOL;2;i;z002;
0;84;;0,037587;;37,58700041;HFD;12;SOL;2;i;z002;
0;85;;0,04323888;;43,23887994;HFD;12;SOL;2;i;z002;
0;86;;0,042390742;;42,39074165;HFD;12;SOL;2;i;z002;
0;87;;0,030567122;;30,56712182;HFD;12;SOL;2;i;z002;
0;88;;0,0388042;;38,80419979;HFD;12;SOL;2;i;z002;
0;89;;0,04412262;;44,12262015;HFD;12;SOL;2;i;z002;
0;90;;0,03376103;;33,76103025;HFD;12;SOL;2;i;z002;
0;91;;0,033517741;;33,51774111;HFD;12;SOL;2;i;z002;
0;92;;0,040047331;;40,04733052;HFD;12;SOL;2;i;z002;
0;93;;0,033858517;;33,85851679;HFD;12;SOL;2;i;z002;
0;94;;0,042075;;42,07500024;HFD;12;SOL;2;i;z002;
0;95;;0,040493625;;40,49362508;HFD;12;SOL;2;i;z002;
0;96;;0,044503894;;44,50389363;HFD;12;SOL;2;i;z002;
0;97;;0,043612507;;43,61250679;HFD;12;SOL;2;i;z002;
0;98;;0,052173003;;52,1730035;HFD;12;SOL;2;i;z002;
0;99;;0,047839015;;47,83901504;HFD;12;SOL;2;i;z002;
0;100;;0,045892894;;45,89289382;HFD;12;SOL;2;i;z002;
0;101;;0,040392013;;40,39201303;HFD;12;SOL;2;i;z002;
0;102;;0,062735325;;62,73532512;HFD;12;SOL;2;i;z002;
0;1;;0,012693991;;12,69399075;HFD;12;SOL;2;i;z003;
0;2;;0,014337329;;14,3373288;HFD;12;SOL;2;i;z003;
0;3;;0,020756997;;20,7569974;HFD;12;SOL;2;i;z003;
0;4;;0,01906321;;19,06320998;HFD;12;SOL;2;i;z003;
0;5;;0,02244;;22,43999961;HFD;12;SOL;2;i;z003;
0;6;;0,018355809;;18,35580897;HFD;12;SOL;2;i;z003;
0;7;;0,021005471;;21,00547064;HFD;12;SOL;2;i;z003;
0;8;;0,024123001;;24,12300091;HFD;12;SOL;2;i;z003;
0;9;;0,025784662;;25,78466196;HFD;12;SOL;2;i;z003;
0;10;;0,022200005;;22,20000484;HFD;12;SOL;2;i;z003;
0;11;;0,021638935;;21,63893463;HFD;12;SOL;2;i;z003;
0;12;;0,026190193;;26,19019252;HFD;12;SOL;2;i;z003;
0;13;;0,023480221;;23,48022068;HFD;12;SOL;2;i;z003;
0;14;;0,023813621;;23,8136205;HFD;12;SOL;2;i;z003;
0;15;;0,025806;;25,80599994;HFD;12;SOL;2;i;z003;
0;16;;0,02170314;;21,70313992;HFD;12;SOL;2;i;z003;
0;17;;0,024683999;;24,68399907;HFD;12;SOL;2;i;z003;
0;18;;0,019985838;;19,9858383;HFD;12;SOL;2;i;z003;
0;19;;0,021388684;;21,38868363;HFD;12;SOL;2;i;z003;
0;20;;0,021569815;;21,56981457;HFD;12;SOL;2;i;z003;
0;21;;0,022809107;;22,8091067;HFD;12;SOL;2;i;z003;
0;22;;0,027366873;;27,36687271;HFD;12;SOL;2;i;z003;
0;23;;0,026565984;;26,56598374;HFD;12;SOL;2;i;z003;
0;24;;0,026632899;;26,63289871;HFD;12;SOL;2;i;z003;
0;25;;0,0235449;;23,54490049;HFD;12;SOL;2;i;z003;
0;26;;0,029197195;;29,1971951;HFD;12;SOL;2;i;z003;
0;27;;0,026366994;;26,36699355;HFD;12;SOL;2;i;z003;
0;28;;0,029751533;;29,75153342;HFD;12;SOL;2;i;z003;
0;29;;0,024377705;;24,37770481;HFD;12;SOL;2;i;z003;
0;30;;0,030398403;;30,39840334;HFD;12;SOL;2;i;z003;
0;31;;0,027751862;;27,75186247;HFD;12;SOL;2;i;z003;
0;32;;0,027945155;;27,94515521;HFD;12;SOL;2;i;z003;
0;33;;0,028412528;;28,41252792;HFD;12;SOL;2;i;z003;
0;34;;0,029574745;;29,57474511;HFD;12;SOL;2;i;z003;
0;35;;0,029732997;;29,73299706;HFD;12;SOL;2;i;z003;
0;36;;0,027566163;;27,56616257;HFD;12;SOL;2;i;z003;
0;37;;0,022935589;;22,93558887;HFD;12;SOL;2;i;z003;
0;38;;0,029083709;;29,0837087;HFD;12;SOL;2;i;z003;
0;39;;0,02801487;;28,01487023;HFD;12;SOL;2;i;z003;
0;40;;0,028067726;;28,06772622;HFD;12;SOL;2;i;z003;
0;41;;0,029507502;;29,50750235;HFD;12;SOL;2;i;z003;
0;42;;0,030608635;;30,60863471;HFD;12;SOL;2;i;z003;
0;43;;0,030604128;;30,60412762;HFD;12;SOL;2;i;z003;
0;44;;0,030005445;;30,00544471;HFD;12;SOL;2;i;z003;
0;45;;0,026927999;;26,92799899;HFD;12;SOL;2;i;z003;
0;46;;0,025696008;;25,69600801;HFD;12;SOL;2;i;z003;
0;47;;0,033288592;;33,28859218;HFD;12;SOL;2;i;z003;
0;48;;0,029236889;;29,23688889;HFD;12;SOL;2;i;z003;
0;49;;0,029732997;;29,73299706;HFD;12;SOL;2;i;z003;
0;50;;0,030839952;;30,83995201;HFD;12;SOL;2;i;z003;
0;51;;0,025908804;;25,90880366;HFD;12;SOL;2;i;z003;
0;52;;0,030074399;;30,07439935;HFD;12;SOL;2;i;z003;
0;53;;0,024123001;;24,12300091;HFD;12;SOL;2;i;z003;
0;54;;0,021752777;;21,75277687;HFD;12;SOL;2;i;z003;
0;55;;0,030794392;;30,79439235;HFD;12;SOL;2;i;z003;
0;56;;0,027489004;;27,48900442;HFD;12;SOL;2;i;z003;
0;57;;0,021879001;;21,879001;HFD;12;SOL;2;i;z003;
0;58;;0,03127469;;31,27468969;HFD;12;SOL;2;i;z003;
0;59;;0,028050003;;28,05000258;HFD;12;SOL;2;i;z003;
0;60;;0,032822436;;32,82243575;HFD;12;SOL;2;i;z003;
0;61;;0,02662413;;26,6241305;HFD;12;SOL;2;i;z003;
0;62;;0,02630911;;26,30910995;HFD;12;SOL;2;i;z003;
0;63;;0,027489004;;27,48900442;HFD;12;SOL;2;i;z003;
0;64;;0,023561995;;23,56199548;HFD;12;SOL;2;i;z003;
0;65;;0,02258458;;22,58458005;HFD;12;SOL;2;i;z003;
0;66;;0,028684544;;28,68454436;HFD;12;SOL;2;i;z003;
0;67;;0,029751518;;29,75151799;HFD;12;SOL;2;i;z003;
0;68;;0,031415999;;31,41599882;HFD;12;SOL;2;i;z003;
0;69;;0,030181591;;30,18159097;HFD;12;SOL;2;i;z003;
0;70;;0,033285677;;33,28567706;HFD;12;SOL;2;i;z003;
0;71;;0,03492607;;34,92606988;HFD;12;SOL;2;i;z003;
0;72;;0,035587176;;35,58717571;HFD;12;SOL;2;i;z003;
0;73;;0,033659999;;33,65999873;HFD;12;SOL;2;i;z003;
0;74;;0,024086348;;24,08634823;HFD;12;SOL;2;i;z003;
0;75;;0,029956318;;29,95631842;HFD;12;SOL;2;i;z003;
0;76;;0,033123234;;33,12323449;HFD;12;SOL;2;i;z003;
0;77;;0,028164781;;28,16478072;HFD;12;SOL;2;i;z003;
0;78;;0,033645588;;33,64558788;HFD;12;SOL;2;i;z003;
0;79;;0,030796004;;30,7960036;HFD;12;SOL;2;i;z003;
0;80;;0,033580052;;33,58005177;HFD;12;SOL;2;i;z003;
0;81;;0,02932625;;29,32625047;HFD;12;SOL;2;i;z003;
0;82;;0,028958147;;28,95814678;HFD;12;SOL;2;i;z003;
0;83;;0,034907356;;34,90735607;HFD;12;SOL;2;i;z003;
0;84;;0,035772797;;35,77279679;HFD;12;SOL;2;i;z003;
0;85;;0,034115075;;34,11507506;HFD;12;SOL;2;i;z003;
0;86;;0,035776726;;35,77672567;HFD;12;SOL;2;i;z003;
0;87;;0,030387857;;30,3878569;HFD;12;SOL;2;i;z003;
0;88;;0,033727667;;33,72766691;HFD;12;SOL;2;i;z003;
0;89;;0,028611001;;28,61100074;HFD;12;SOL;2;i;z003;
0;90;;0,03286618;;32,86618043;HFD;12;SOL;2;i;z003;
0;91;;0,022269916;;22,26991623;HFD;12;SOL;2;i;z003;
0;92;;0,026888955;;26,88895539;HFD;12;SOL;2;i;z003;
0;93;;0,031378027;;31,37802678;HFD;12;SOL;2;i;z003;
0;94;;0,033718405;;33,71840489;HFD;12;SOL;2;i;z003;
0;95;;0,032364402;;32,36440192;HFD;12;SOL;2;i;z003;
0;96;;0,03062234;;30,62233988;HFD;12;SOL;2;i;z003;
0;97;;0,03691989;;36,91988952;HFD;12;SOL;2;i;z003;
0;98;;0,032592715;;32,59271484;HFD;12;SOL;2;i;z003;
0;99;;0,032493159;;32,49315946;HFD;12;SOL;2;i;z003;
0;100;;0,033459401;;33,45940113;HFD;12;SOL;2;i;z003;
0;101;;0,036087744;;36,08774436;HFD;12;SOL;2;i;z003;
0;102;;0,03236489;;32,36488984;HFD;12;SOL;2;i;z003;
0;103;;0,033491003;;33,49100327;HFD;12;SOL;2;i;z003;
0;104;;0,034589748;;34,58974839;HFD;12;SOL;2;i;z003;
0;105;;0,0277681;;27,76810026;HFD;12;SOL;2;i;z003;
0;106;;0,037808348;;37,80834753;HFD;12;SOL;2;i;z003;
0;107;;0,032799182;;32,79918179;HFD;12;SOL;2;i;z003;
0;108;;0,031277082;;31,27708238;HFD;12;SOL;2;i;z003;
0;109;;0,035539805;;35,53980486;HFD;12;SOL;2;i;z003;
0;110;;0,034700441;;34,70044108;HFD;12;SOL;2;i;z003;
0;111;;0,032835716;;32,8357163;HFD;12;SOL;2;i;z003;
0;112;;0,03197699;;31,9769897;HFD;12;SOL;2;i;z003;
0;113;;0,037978516;;37,97851641;HFD;12;SOL;2;i;z003;
0;114;;0,031422219;;31,42221898;HFD;12;SOL;2;i;z003;
0;115;;0,034220982;;34,22098234;HFD;12;SOL;2;i;z003;
0;116;;0,037267717;;37,26771741;HFD;12;SOL;2;i;z003;
0;117;;0,037736382;;37,73638191;HFD;12;SOL;2;i;z003;
0;118;;0,027893226;;27,89322604;HFD;12;SOL;2;i;z003;
0;119;;0,033172704;;33,17270416;HFD;12;SOL;2;i;z003;
0;120;;0,033659999;;33,65999873;HFD;12;SOL;2;i;z003;
0;121;;0,036412304;;36,4123044;HFD;12;SOL;2;i;z003;
0;122;;0,038709011;;38,70901128;HFD;12;SOL;2;i;z003;
0;123;;0,037131265;;37,13126528;HFD;12;SOL;2;i;z003;
0;124;;0,03343952;;33,43951986;HFD;12;SOL;2;i;z003;
0;125;;0,035342993;;35,34299321;HFD;12;SOL;2;i;z003;
0;126;;0,031852498;;31,85249835;HFD;12;SOL;2;i;z003;
0;127;;0,034573757;;34,57375669;HFD;12;SOL;2;i;z003;
0;128;;0,042549208;;42,54920846;HFD;12;SOL;2;i;z003;
0;129;;0,038616199;;38,61619851;HFD;12;SOL;2;i;z003;
0;130;;0,037148715;;37,14871549;HFD;12;SOL;2;i;z003;
0;131;;0,035467211;;35,46721111;HFD;12;SOL;2;i;z003;
0;132;;0,031415984;;31,41598427;HFD;12;SOL;2;i;z003;
0;133;;0,039270002;;39,27000216;HFD;12;SOL;2;i;z003;
0;134;;0,035298445;;35,29844518;HFD;12;SOL;2;i;z003;
0;135;;0,036572684;;36,57268378;HFD;12;SOL;2;i;z003;
0;136;;0,040717816;;40,71781609;HFD;12;SOL;2;i;z003;
0;137;;0,031293747;;31,2937469;HFD;12;SOL;2;i;z003;
0;138;;0,036884028;;36,88402798;HFD;12;SOL;2;i;z003;
0;139;;0,036861577;;36,86157654;HFD;12;SOL;2;i;z003;
0;140;;0,039957957;;39,95795708;HFD;12;SOL;2;i;z003;
0;141;;0,036784902;;36,78490183;HFD;12;SOL;2;i;z003;
0;142;;0,034220982;;34,22098234;HFD;12;SOL;2;i;z003;
0;143;;0,040371531;;40,37153129;HFD;12;SOL;2;i;z003;
0;144;;0,036232284;;36,23228358;HFD;12;SOL;2;i;z003;
0;145;;0,035620246;;35,62024622;HFD;12;SOL;2;i;z003;
0;146;;0,033553143;;33,5531428;HFD;12;SOL;2;i;z003;
0;147;;0,032745978;;32,74597837;HFD;12;SOL;2;i;z003;
0;148;;0,039918309;;39,91830916;HFD;12;SOL;2;i;z003;
0;149;;0,036707306;;36,70730604;HFD;12;SOL;2;i;z003;
0;150;;0,04099238;;40,99238019;HFD;12;SOL;2;i;z003;
0;1;;0,020756997;;20,7569974;HFD;12;SOL;3;d;z001;
0;2;;0,020664943;;20,66494313;HFD;12;SOL;3;d;z001;
0;3;;0,024684006;;24,68400635;HFD;12;SOL;3;d;z001;
0;4;;0,024656753;;24,65675279;HFD;12;SOL;3;d;z001;
0;5;;0,029732997;;29,73299706;HFD;12;SOL;3;d;z001;
0;6;;0,02794954;;27,94953961;HFD;12;SOL;3;d;z001;
0;7;;0,035441522;;35,44152161;HFD;12;SOL;3;d;z001;
0;8;;0,036459982;;36,45998161;HFD;12;SOL;3;d;z001;
0;9;;0,035177762;;35,17776182;HFD;12;SOL;3;d;z001;
0;10;;0,035187695;;35,18769506;HFD;12;SOL;3;d;z001;
0;11;;0,028455063;;28,45506261;HFD;12;SOL;3;d;z001;
0;12;;0,042303244;;42,3032444;HFD;12;SOL;3;d;z001;
0;13;;0,030425388;;30,42538761;HFD;12;SOL;3;d;z001;
0;14;;0,03852568;;38,52567959;HFD;12;SOL;3;d;z001;
0;15;;0,031635132;;31,63513177;HFD;12;SOL;3;d;z001;
0;16;;0,039891021;;39,89102109;HFD;12;SOL;3;d;z001;
0;17;;0,032775719;;32,7757189;HFD;12;SOL;3;d;z001;
0;18;;0,028560473;;28,56047318;HFD;12;SOL;3;d;z001;
0;19;;0,032436124;;32,43612424;HFD;12;SOL;3;d;z001;
0;20;;0,03987621;;39,87621008;HFD;12;SOL;3;d;z001;
0;21;;0,045711657;;45,71165717;HFD;12;SOL;3;d;z001;
0;22;;0,043631622;;43,63162218;HFD;12;SOL;3;d;z001;
0;23;;0,045866356;;45,86635569;HFD;12;SOL;3;d;z001;
0;24;;0,042074986;;42,07498569;HFD;12;SOL;3;d;z001;
0;25;;0,041898179;;41,89817895;HFD;12;SOL;3;d;z001;
0;26;;0,046728301;;46,72830138;HFD;12;SOL;3;d;z001;
0;27;;0,037160568;;37,16056789;HFD;12;SOL;3;d;z001;
0;28;;0,038305541;;38,30554093;HFD;12;SOL;3;d;z001;
0;1;;0,013297017;;13,29701679;HFD;12;SOL;3;i;z;
0;2;;0,016034408;;16,03440766;HFD;12;SOL;3;i;z;
0;3;;0,016589407;;16,58940735;HFD;12;SOL;3;i;z;
0;4;;0,018644311;;18,64431081;HFD;12;SOL;3;i;z;
0;5;;0,015708007;;15,70800669;HFD;12;SOL;3;i;z;
0;6;;0,024846287;;24,84628666;HFD;12;SOL;3;i;z;
0;7;;0,022045962;;22,0459616;HFD;12;SOL;3;i;z;
0;8;;0,016307652;;16,3076521;HFD;12;SOL;3;i;z;
0;9;;0,022918756;;22,91875559;HFD;12;SOL;3;i;z;
0;10;;0,023594887;;23,59488677;HFD;12;SOL;3;i;z;
0;11;;0,020354708;;20,35470848;HFD;12;SOL;3;i;z;
0;12;;0,024140368;;24,14036761;HFD;12;SOL;3;i;z;
0;13;;0,026901803;;26,90180256;HFD;12;SOL;3;i;z;
0;14;;0,022921187;;22,92118689;HFD;12;SOL;3;i;z;
0;15;;0,028828238;;28,82823799;HFD;12;SOL;3;i;z;
0;16;;0,023369295;;23,36929501;HFD;12;SOL;3;i;z;
0;17;;0,027510559;;27,51055886;HFD;12;SOL;3;i;z;
0;18;;0,025328311;;25,32831136;HFD;12;SOL;3;i;z;
0;19;;0,025728558;;25,72855782;HFD;12;SOL;3;i;z;
0;20;;0,026961212;;26,96121214;HFD;12;SOL;3;i;z;
0;21;;0,025929897;;25,92989699;HFD;12;SOL;3;i;z;
0;22;;0,026576288;;26,57628823;HFD;12;SOL;3;i;z;
0;23;;0,024726308;;24,7263076;HFD;12;SOL;3;i;z;
0;24;;0,023260847;;23,26084657;HFD;12;SOL;3;i;z;
0;25;;0,022677275;;22,67727471;HFD;12;SOL;3;i;z;
0;26;;0,028539785;;28,53978543;HFD;12;SOL;3;i;z;
0;27;;0,0245946;;24,5946;HFD;12;SOL;3;i;z;
0;28;;0,029830294;;29,8302943;HFD;12;SOL;3;i;z;
0;29;;0,030855008;;30,85500794;HFD;12;SOL;3;i;z;
0;30;;0,024122972;;24,12297181;HFD;12;SOL;3;i;z;
0;31;;0,027371412;;27,37141209;HFD;12;SOL;3;i;z;
0;32;;0,024745027;;24,74502734;HFD;12;SOL;3;i;z;
0;33;;0,029551152;;29,55115154;HFD;12;SOL;3;i;z;
0;34;;0,024888139;;24,88813943;HFD;12;SOL;3;i;z;
0;35;;0,031331789;;31,33178943;HFD;12;SOL;3;i;z;
0;36;;0,030317391;;30,31739123;HFD;12;SOL;3;i;z;
0;37;;0,031109982;;31,10998166;HFD;12;SOL;3;i;z;
0;38;;0,025113376;;25,11337579;HFD;12;SOL;3;i;z;
0;39;;0,029137588;;29,13758847;HFD;12;SOL;3;i;z;
0;40;;0,030432158;;30,43215838;HFD;12;SOL;3;i;z;
0;41;;0,02805001;;28,05000986;HFD;12;SOL;3;i;z;
0;42;;0,028781242;;28,78124225;HFD;12;SOL;3;i;z;
0;43;;0,029732997;;29,73299706;HFD;12;SOL;3;i;z;
0;44;;0,026927999;;26,92799899;HFD;12;SOL;3;i;z;
0;45;;0,027049782;;27,04978228;HFD;12;SOL;3;i;z;
0;46;;0,033802516;;33,80251571;HFD;12;SOL;3;i;z;
0;47;;0,027606539;;27,60653884;HFD;12;SOL;3;i;z;
0;48;;0,030096759;;30,0967593;HFD;12;SOL;3;i;z;
0;49;;0,033660006;;33,66000601;HFD;12;SOL;3;i;z;
0;50;;0,027171208;;27,17120783;HFD;12;SOL;3;i;z;
0;51;;0,035209622;;35,20962181;HFD;12;SOL;3;i;z;
0;52;;0,035156141;;35,15614103;HFD;12;SOL;3;i;z;
0;53;;0,032814622;;32,81462175;HFD;12;SOL;3;i;z;
0;54;;0,035903999;;35,90399865;HFD;12;SOL;3;i;z;
0;55;;0,033034857;;33,03485739;HFD;12;SOL;3;i;z;
0;56;;0,031977019;;31,97701881;HFD;12;SOL;3;i;z;
0;57;;0,023583382;;23,58338201;HFD;12;SOL;3;i;z;
0;58;;0,034384921;;34,38492062;HFD;12;SOL;3;i;z;
0;59;;0,02300099;;23,00099004;HFD;12;SOL;3;i;z;
0;60;;0,02616824;;26,16824;HFD;12;SOL;3;i;z;
0;61;;0,038182178;;38,182178;HFD;12;SOL;3;i;z;
0;62;;0,034195189;;34,19518914;HFD;12;SOL;3;i;z;
0;63;;0,029109316;;29,1093155;HFD;12;SOL;3;i;z;
0;64;;0,036528423;;36,52842266;HFD;12;SOL;3;i;z;
0;65;;0,032784467;;32,78446738;HFD;12;SOL;3;i;z;
0;66;;0,034781988;;34,78198778;HFD;12;SOL;3;i;z;
0;67;;0,036558851;;36,55885121;HFD;12;SOL;3;i;z;
0;68;;0,02613255;;26,13255021;HFD;12;SOL;3;i;z;
0;69;;0,032537995;;32,53799514;HFD;12;SOL;3;i;z;
0;70;;0,037780299;;37,78029942;HFD;12;SOL;3;i;z;
0;71;;0,03688037;;36,88036952;HFD;12;SOL;3;i;z;
0;72;;0,032649881;;32,64988114;HFD;12;SOL;3;i;z;
0;73;;0,039830993;;39,83099305;HFD;12;SOL;3;i;z;
0;74;;0,036387452;;36,38745227;HFD;12;SOL;3;i;z;
0;75;;0,030543559;;30,54355893;HFD;12;SOL;3;i;z;
0;76;;0,035910425;;35,91042543;HFD;12;SOL;3;i;z;
0;77;;0,03646499;;36,46498953;HFD;12;SOL;3;i;z;
0;78;;0,031448419;;31,44841896;HFD;12;SOL;3;i;z;
0;79;;0,03197699;;31,9769897;HFD;12;SOL;3;i;z;
0;80;;0,033321714;;33,32171414;HFD;12;SOL;3;i;z;
0;81;;0,039441646;;39,44164558;HFD;12;SOL;3;i;z;
0;82;;0,033099001;;33,09900058;HFD;12;SOL;3;i;z;
0;83;;0,035874311;;35,87431072;HFD;12;SOL;3;i;z;
0;84;;0,03253801;;32,53800969;HFD;12;SOL;3;i;z;
0;85;;0,042635997;;42,63599658;HFD;12;SOL;3;i;z;
0;86;;0,040365013;;40,36501347;HFD;12;SOL;3;i;z;
0;87;;0,031862636;;31,86263642;HFD;12;SOL;3;i;z;
0;88;;0,033659991;;33,65999146;HFD;12;SOL;3;i;z;
0;89;;0,036214238;;36,21423784;HFD;12;SOL;3;i;z;
0;90;;0,043369876;;43,3698763;HFD;12;SOL;3;i;z;
0;91;;0,038021237;;38,02123725;HFD;12;SOL;3;i;z;
0;1;;0,031560232;;31,56023173;NCD;12;SOL;1;i;z;
0;2;;0,035343008;;35,34300777;NCD;12;SOL;1;i ;z;
0;3;;0,035321578;;35,32157797;NCD;12;SOL;1;i;z;
0;4;;0,034117444;;34,11744416;NCD;12;SOL;1;i ;z;
0;5;;0,035343004;;35,34300413;NCD;12;SOL;1;i;z;
0;6;;0,033321717;;33,32171671;NCD;12;SOL;1;i ;z;
0;7;;0,037295474;;37,29547356;NCD;12;SOL;1;i;z;
0;8;;0,040111487;;40,11148742;NCD;12;SOL;1;i ;z;
0;9;;0,038385682;;38,38568229;NCD;12;SOL;1;i;z;
0;10;;0,03710526;;37,10526002;NCD;12;SOL;1;i ;z;
0;11;;0,034314846;;34,31484597;NCD;12;SOL;1;i;z;
0;12;;0,042636006;;42,63600567;NCD;12;SOL;1;i ;z;
0;13;;0,043091875;;43,09187505;NCD;12;SOL;1;i;z;
0;14;;0,043639028;;43,63902771;NCD;12;SOL;1;i ;z;
0;15;;0,042048828;;42,04882828;NCD;12;SOL;1;i;z;
0;16;;0,038692371;;38,69237079;NCD;12;SOL;1;i ;z;
0;17;;0,035634387;;35,63438679;NCD;12;SOL;1;i;z;
0;18;;0,044318993;;44,31899288;NCD;12;SOL;1;i ;z;
0;19;;0,047684996;;47,68499639;NCD;12;SOL;1;i;z;
0;20;;0,044737205;;44,73720466;NCD;12;SOL;1;i ;z;
0;21;;0,036281409;;36,28140909;NCD;12;SOL;1;i;z;
0;22;;0,038188237;;38,18823692;NCD;12;SOL;1;i ;z;
0;23;;0,046956296;;46,95629562;NCD;12;SOL;1;i;z;
0;24;;0,039384542;;39,38454172;NCD;12;SOL;1;i ;z;
0;25;;0,039096368;;39,09636836;NCD;12;SOL;1;i;z;
0;26;;0,043491552;;43,4915523;NCD;12;SOL;1;i ;z;
0;27;;0,038889066;;38,88906592;NCD;12;SOL;1;i;z;
0;28;;0,046534841;;46,53484117;NCD;12;SOL;1;i ;z;
0;29;;0,047847433;;47,84743259;NCD;12;SOL;1;i;z;
0;30;;0,047185813;;47,18581305;NCD;12;SOL;1;i ;z;
0;31;;0,039332971;;39,33297056;NCD;12;SOL;1;i;z;
0;32;;0,048288783;;48,28878348;NCD;12;SOL;1;i ;z;
0;33;;0,043757987;;43,75798744;NCD;12;SOL;1;i;z;
0;34;;0,046760061;;46,76006149;NCD;12;SOL;1;i ;z;
0;35;;0,047493106;;47,49310647;NCD;12;SOL;1;i;z;
0;36;;0,048709552;;48,70955183;NCD;12;SOL;1;i ;z;
0;37;;0,041578378;;41,57837832;NCD;12;SOL;1;i;z;
0;38;;0,049283913;;49,28391348;NCD;12;SOL;1;i ;z;
0;39;;0,048146954;;48,14695445;NCD;12;SOL;1;i;z;
0;40;;0,041251098;;41,2510978;NCD;12;SOL;1;i ;z;
0;41;;0,052448927;;52,44892669;NCD;12;SOL;1;i;z;
0;42;;0,049933829;;49,93382854;NCD;12;SOL;1;i ;z;
0;43;;0,048421178;;48,42117777;NCD;12;SOL;1;i;z;
0;44;;0,050809729;;50,80972906;NCD;12;SOL;1;i ;z;
0;45;;0,048885536;;48,88553649;NCD;12;SOL;1;i;z;
0;46;;0,048706758;;48,70675763;NCD;12;SOL;1;i ;z;
0;47;;0,054730943;;54,73094288;NCD;12;SOL;1;i;z;
0;48;;0,048246002;;48,24600182;NCD;12;SOL;1;i ;z;
0;49;;0,052173011;;52,17301077;NCD;12;SOL;1;i;z;
0;50;;0,052734016;;52,73401621;NCD;12;SOL;1;i ;z;
0;51;;0,053131474;;53,13147366;NCD;12;SOL;1;i;z;
0;52;;0,05890753;;58,9075303;NCD;12;SOL;1;i ;z;
0;53;;0,055367109;;55,3671094;NCD;12;SOL;1;i;z;
0;54;;0,059465994;;59,46599413;NCD;12;SOL;1;i ;z;
0;55;;0,058172914;;58,17291399;NCD;12;SOL;1;i;z;
0;56;;0,062042842;;62,04284231;NCD;12;SOL;1;i ;z;
0;57;;0,054955526;;54,95552592;NCD;12;SOL;1;i;z;
0;58;;0,058343983;;58,34398326;NCD;12;SOL;1;i ;z;
0;59;;0,060903085;;60,90308458;NCD;12;SOL;1;i;z;
0;60;;0,059465994;;59,46599413;NCD;12;SOL;1;i ;z;
0;61;;0,055306676;;55,30667611;NCD;12;SOL;1;i;z;
0;62;;0,067917854;;67,91785415;NCD;12;SOL;1;i ;z;
0;1;;0,033310678;;33,31067759;NCD;12;SOL;1;i ;z001;
0;2;;0,034965764;;34,96576415;NCD;12;SOL;1;i ;z001;
0;3;;0,026428478;;26,42847779;NCD;12;SOL;1;i ;z001;
0;4;;0,033520788;;33,52078811;NCD;12;SOL;1;i ;z001;
0;5;;0,038642361;;38,64236122;NCD;12;SOL;1;i ;z001;
0;6;;0,035394412;;35,39441207;NCD;12;SOL;1;i ;z001;
0;7;;0,030294002;;30,2940025;NCD;12;SOL;1;i ;z001;
0;8;;0,038796704;;38,79670395;NCD;12;SOL;1;i ;z001;
0;9;;0,036465004;;36,46500409;NCD;12;SOL;1;i ;z001;
0;10;;0,035342993;;35,34299321;NCD;12;SOL;1;i ;z001;
0;11;;0,039581911;;39,58191073;NCD;12;SOL;1;i ;z001;
0;12;;0,037026002;;37,02600225;NCD;12;SOL;1;i ;z001;
0;13;;0,043185088;;43,18508849;NCD;12;SOL;1;i ;z001;
0;14;;0,039831008;;39,8310076;NCD;12;SOL;1;i ;z001;
0;15;;0,033830002;;33,83000163;NCD;12;SOL;1;i ;z001;
0;16;;0,033659991;;33,65999146;NCD;12;SOL;1;i ;z001;
0;17;;0,039830993;;39,83099305;NCD;12;SOL;1;i ;z001;
0;18;;0,038385705;;38,38570506;NCD;12;SOL;1;i ;z001;
0;19;;0,033369879;;33,36987883;NCD;12;SOL;1;i ;z001;
0;20;;0,043411482;;43,41148199;NCD;12;SOL;1;i ;z001;
0;21;;0,041205625;;41,20562516;NCD;12;SOL;1;i ;z001;
0;22;;0,03814802;;38,14802039;NCD;12;SOL;1;i ;z001;
0;23;;0,045441004;;45,44100375;NCD;12;SOL;1;i ;z001;
0;24;;0,045303218;;45,303218;NCD;12;SOL;1;i ;z001;
0;25;;0,045425382;;45,42538188;NCD;12;SOL;1;i ;z001;
0;26;;0,041157289;;41,15728939;NCD;12;SOL;1;i ;z001;
0;27;;0,041948616;;41,94861642;NCD;12;SOL;1;i ;z001;
0;28;;0,036052297;;36,05229702;NCD;12;SOL;1;i ;z001;
0;29;;0,048563079;;48,56307897;NCD;12;SOL;1;i ;z001;
0;30;;0,040392013;;40,39201303;NCD;12;SOL;1;i ;z001;
0;31;;0,045479974;;45,47997429;NCD;12;SOL;1;i ;z001;
0;32;;0,045451337;;45,45133716;NCD;12;SOL;1;i ;z001;
0;33;;0,038583535;;38,58353521;NCD;12;SOL;1;i ;z001;
0;34;;0,038147991;;38,14799129;NCD;12;SOL;1;i ;z001;
0;35;;0,048792509;;48,79250925;NCD;12;SOL;1;i ;z001;
0;36;;0,045190142;;45,190142;NCD;12;SOL;1;i ;z001;
0;37;;0,049693461;;49,69346075;NCD;12;SOL;1;i ;z001;
0;38;;0,049238818;;49,23881786;NCD;12;SOL;1;i ;z001;
0;39;;0,042704316;;42,70431642;NCD;12;SOL;1;i ;z001;
0;40;;0,046561517;;46,56151726;NCD;12;SOL;1;i ;z001;
0;41;;0,05220652;;52,20651999;NCD;12;SOL;1;i ;z001;
0;42;;0,049929018;;49,92901813;NCD;12;SOL;1;i ;z001;
0;43;;0,048433197;;48,43319652;NCD;12;SOL;1;i ;z001;
0;44;;0,050961478;;50,96147786;NCD;12;SOL;1;i ;z001;
0;45;;0,049065718;;49,06571841;NCD;12;SOL;1;i ;z001;
0;46;;0,050669584;;50,66958373;NCD;12;SOL;1;i ;z001;
0;47;;0,043566907;;43,56690749;NCD;12;SOL;1;i ;z001;
0;48;;0,052538675;;52,53867463;NCD;12;SOL;1;i ;z001;
0;49;;0,050376912;;50,37691235;NCD;12;SOL;1;i ;z001;
0;50;;0,050012089;;50,01208933;NCD;12;SOL;1;i ;z001;
0;51;;0,050489994;;50,48999446;NCD;12;SOL;1;i ;z001;
0;52;;0,03932522;;39,32522028;NCD;12;SOL;1;i ;z001;
0;53;;0,047602447;;47,6024473;NCD;12;SOL;1;i ;z001;
0;54;;0,047058923;;47,05892251;NCD;12;SOL;1;i ;z001;
0;55;;0,05268625;;52,6862496;NCD;12;SOL;1;i ;z001;
0;56;;0,051575196;;51,57519647;NCD;12;SOL;1;i ;z001;
0;57;;0,051139123;;51,13912309;NCD;12;SOL;1;i ;z001;
0;58;;0,053704257;;53,70425715;NCD;12;SOL;1;i ;z001;
0;59;;0,050439695;;50,43969526;NCD;12;SOL;1;i ;z001;
0;60;;0,038961952;;38,96195172;NCD;12;SOL;1;i ;z001;
0;61;;0,052733987;;52,7339871;NCD;12;SOL;1;i ;z001;
0;62;;0,049113557;;49,11355665;NCD;12;SOL;1;i ;z001;
0;63;;0,048540766;;48,54076556;NCD;12;SOL;1;i ;z001;
0;64;;0,052433907;;52,43390689;NCD;12;SOL;1;i ;z001;
0;65;;0,060531977;;60,53197685;NCD;12;SOL;1;i ;z001;
0;66;;0,051889813;;51,88981326;NCD;12;SOL;1;i ;z001;
0;67;;0,056661025;;56,66102516;NCD;12;SOL;1;i ;z001;
0;1;;0,02287362;;22,87362014;NCD;12;SOL;2;i ;z;
0;2;;0,034068774;;34,06877434;NCD;12;SOL;2;i ;z;
0;3;;0,037666403;;37,66640275;NCD;12;SOL;2;i ;z;
0;4;;0,039728475;;39,72847514;NCD;12;SOL;2;i ;z;
0;5;;0,034191825;;34,19182496;NCD;12;SOL;2;i ;z;
0;6;;0,038687609;;38,68760926;NCD;12;SOL;2;i ;z;
0;7;;0,036372765;;36,37276488;NCD;12;SOL;2;i ;z;
0;8;;0,042636006;;42,63600567;NCD;12;SOL;2;i ;z;
0;9;;0,040953018;;40,95301847;NCD;12;SOL;2;i ;z;
0;10;;0,041201608;;41,20160768;NCD;12;SOL;2;i ;z;
0;11;;0,034455729;;34,45572929;NCD;12;SOL;2;i ;z;
0;12;;0,037120887;;37,12088678;NCD;12;SOL;2;i ;z;
0;13;;0,038832267;;38,83226662;NCD;12;SOL;2;i ;z;
0;14;;0,041541652;;41,54165216;NCD;12;SOL;2;i ;z;
0;15;;0,04093538;;40,93538025;NCD;12;SOL;2;i ;z;
0;16;;0,034782017;;34,78201688;NCD;12;SOL;2;i ;z;
0;17;;0,041524106;;41,52410621;NCD;12;SOL;2;i ;z;
0;18;;0,040015175;;40,01517494;NCD;12;SOL;2;i ;z;
0;19;;0,041514024;;41,51402391;NCD;12;SOL;2;i ;z;
0;20;;0,037871441;;37,87144101;NCD;12;SOL;2;i ;z;
0;21;;0,045942561;;45,94256117;NCD;12;SOL;2;i ;z;
0;22;;0,048493398;;48,49339751;NCD;12;SOL;2;i ;z;
0;23;;0,0434263;;43,42630018;NCD;12;SOL;2;i ;z;
0;24;;0,045019759;;45,01975942;NCD;12;SOL;2;i ;z;
0;25;;0,05156745;;51,56744973;NCD;12;SOL;2;i ;z;
0;26;;0,042672533;;42,67253284;NCD;12;SOL;2;i ;z;
0;27;;0,044593085;;44,59308478;NCD;12;SOL;2;i ;z;
0;28;;0,048709234;;48,709234;NCD;12;SOL;2;i ;z;
0;29;;0,050177357;;50,17735702;NCD;12;SOL;2;i ;z;
0;30;;0,051870688;;51,87068753;NCD;12;SOL;2;i ;z;
0;31;;0,031562275;;31,56227499;NCD;12;SOL;2;i ;z;
0;32;;0,049928989;;49,92898903;NCD;12;SOL;2;i ;z;
0;33;;0,053551832;;53,5518322;NCD;12;SOL;2;i ;z;
0;1;;0,032726753;;32,72675274;NCD;12;SOL;2;i ;z001;
0;2;;0,040960595;;40,96059548;NCD;12;SOL;2;i ;z001;
0;3;;0,038382565;;38,38256534;NCD;12;SOL;2;i ;z001;
0;4;;0,043758002;;43,75800199;NCD;12;SOL;2;i ;z001;
0;5;;0,039063199;;39,06319868;NCD;12;SOL;2;i ;z001;
0;6;;0,044027732;;44,02773176;NCD;12;SOL;2;i ;z001;
0;7;;0,041648174;;41,64817409;NCD;12;SOL;2;i ;z001;
0;8;;0,041583151;;41,5831514;NCD;12;SOL;2;i ;z001;
0;9;;0,044156093;;44,15609292;NCD;12;SOL;2;i ;z001;
0;10;;0,041587719;;41,58771924;NCD;12;SOL;2;i ;z001;
0;11;;0,04587116;;45,87115962;NCD;12;SOL;2;i ;z001;
0;12;;0,044768025;;44,7680248;NCD;12;SOL;2;i ;z001;
0;13;;0,045680911;;45,68091127;NCD;12;SOL;2;i ;z001;
0;14;;0,043135153;;43,1351527;NCD;12;SOL;2;i ;z001;
0;15;;0,041145123;;41,14512256;NCD;12;SOL;2;i ;z001;
0;16;;0,043862376;;43,8623759;NCD;12;SOL;2;i ;z001;
0;17;;0,041950175;;41,95017516;NCD;12;SOL;2;i ;z001;
0;18;;0,046750939;;46,75093904;NCD;12;SOL;2;i ;z001;
0;19;;0,048645459;;48,64545888;NCD;12;SOL;2;i ;z001;
0;20;;0,044553863;;44,55386322;NCD;12;SOL;2;i ;z001;
0;21;;0,045275984;;45,27598437;NCD;12;SOL;2;i ;z001;
0;22;;0,048371937;;48,3719373;NCD;12;SOL;2;i ;z001;
0;23;;0,042182835;;42,18283546;NCD;12;SOL;2;i ;z001;
0;24;;0,043635581;;43,63558098;NCD;12;SOL;2;i ;z001;
0;25;;0,049625897;;49,62589706;NCD;12;SOL;2;i ;z001;
0;26;;0,046816493;;46,81649257;NCD;12;SOL;2;i ;z001;
0;27;;0,047668517;;47,6685165;NCD;12;SOL;2;i ;z001;
0;28;;0,036869325;;36,86932529;NCD;12;SOL;2;i ;z001;
0;29;;0,042848722;;42,8487221;NCD;12;SOL;2;i ;z001;
0;30;;0,043197011;;43,19701111;NCD;12;SOL;2;i ;z001;
0;31;;0,047828946;;47,82894618;NCD;12;SOL;2;i ;z001;
0;32;;0,048954579;;48,95457908;NCD;12;SOL;2;i ;z001;
0;33;;0,049753621;;49,75362058;NCD;12;SOL;2;i ;z001;
0;34;;0,052210446;;52,21044553;NCD;12;SOL;2;i ;z001;
0;35;;0,054465583;;54,46558256;NCD;12;SOL;2;i ;z001;
0;36;;0,044908748;;44,90874768;NCD;12;SOL;2;i ;z001;
0;37;;0,045125037;;45,12503716;NCD;12;SOL;2;i ;z001;
0;38;;0,051655306;;51,65530589;NCD;12;SOL;2;i ;z001;
0;39;;0,049812109;;49,81210933;NCD;12;SOL;2;i ;z001;
0;40;;0,045445483;;45,44548263;NCD;12;SOL;2;i ;z001;
0;41;;0,051188147;;51,1881473;NCD;12;SOL;2;i ;z001;
0;42;;0,048528074;;48,52807398;NCD;12;SOL;2;i ;z001;
0;43;;0,051779257;;51,77925714;NCD;12;SOL;2;i ;z001;
0;44;;0,053438904;;53,43890436;NCD;12;SOL;2;i ;z001;
0;45;;0,049852697;;49,85269691;NCD;12;SOL;2;i ;z001;
0;46;;0,049533862;;49,53386166;NCD;12;SOL;2;i ;z001;
0;47;;0,057783007;;57,78300692;NCD;12;SOL;2;i ;z001;
0;48;;0,054113796;;54,11379627;NCD;12;SOL;2;i ;z001;
0;49;;0,049015834;;49,01583419;NCD;12;SOL;2;i ;z001;
0;50;;0,051051;;51,0509999;NCD;12;SOL;2;i ;z001;
0;51;;0,051431803;;51,43180331;NCD;12;SOL;2;i ;z001;
0;52;;0,057081705;;57,08170508;NCD;12;SOL;2;i ;z001;
0;53;;0,051340763;;51,3407633;NCD;12;SOL;2;i ;z001;
0;54;;0,045753304;;45,75330437;NCD;12;SOL;2;i ;z001;
0;55;;0,055539;;55,53900041;NCD;12;SOL;2;i ;z001;
0;56;;0,057519788;;57,51978806;NCD;12;SOL;2;i ;z001;
0;57;;0,053294993;;53,29499254;NCD;12;SOL;2;i ;z001;
0;58;;0,056665807;;56,66580665;NCD;12;SOL;2;i ;z001;
0;59;;0,058139609;;58,139609;NCD;12;SOL;2;i ;z001;
0;60;;0,061320047;;61,32004676;NCD;12;SOL;2;i ;z001;
0;1;;0,031966637;;31,96663746;NCD;12;SOL;3;d;z;
0;2;;0,040208149;;40,20814859;NCD;12;SOL;3;d;z;
0;3;;0,038708997;;38,70899673;NCD;12;SOL;3;d;z;
0;4;;0,032120974;;32,12097378;NCD;12;SOL;3;d;z;
0;5;;0,038056526;;38,0565255;NCD;12;SOL;3;d;z;
0;6;;0,038797432;;38,79743211;NCD;12;SOL;3;d;z;
0;7;;0,038747602;;38,74760242;NCD;12;SOL;3;d;z;
0;8;;0,039744068;;39,74406808;NCD;12;SOL;3;d;z;
0;9;;0,035343;;35,34300049;NCD;12;SOL;3;d;z;
0;10;;0,041821991;;41,82199148;NCD;12;SOL;3;d;z;
0;11;;0,042741896;;42,74189581;NCD;12;SOL;3;d;z;
0;12;;0,041327161;;41,32716128;NCD;12;SOL;3;d;z;
0;13;;0,044338026;;44,33802582;NCD;12;SOL;3;d;z;
0;14;;0,045009572;;45,00957181;NCD;12;SOL;3;d;z;
0;15;;0,047684996;;47,68499639;NCD;12;SOL;3;d;z;
0;16;;0,044318964;;44,31896377;NCD;12;SOL;3;d;z;
0;17;;0,047778429;;47,77842921;NCD;12;SOL;3;d;z;
0;18;;0,045313295;;45,31329455;NCD;12;SOL;3;d;z;
0;19;;0,037590483;;37,59048299;NCD;12;SOL;3;d;z;
0;20;;0,044477815;;44,47781509;NCD;12;SOL;3;d;z;
0;21;;0,036066273;;36,06627317;NCD;12;SOL;3;d;z;
0;22;;0,038147991;;38,14799129;NCD;12;SOL;3;d;z;
0;23;;0,050489994;;50,48999446;NCD;12;SOL;3;d;z;
0;24;;0,04998056;;49,98055952;NCD;12;SOL;3;d;z;
0;25;;0,042463217;;42,46321713;NCD;12;SOL;3;d;z;
0;26;;0,046015695;;46,0156946;NCD;12;SOL;3;d;z;
0;27;;0,039712217;;39,71221743;NCD;12;SOL;3;d;z;
0;28;;0,045017068;;45,01706783;NCD;12;SOL;3;d;z;
0;29;;0,051409389;;51,4093889;NCD;12;SOL;3;d;z;
0;30;;0,052172996;;52,17299622;NCD;12;SOL;3;d;z;
0;31;;0,053707281;;53,70728119;NCD;12;SOL;3;d;z;
0;32;;0,047771332;;47,77133181;NCD;12;SOL;3;d;z;
0;33;;0,044222138;;44,22213785;NCD;12;SOL;3;d;z;
0;34;;0,056099991;;56,09999062;NCD;12;SOL;3;d;z;
0;35;;0,044277272;;44,2772717;NCD;12;SOL;3;d;z;
0;36;;0,061149003;;61,14900316;NCD;12;SOL;3;d;z;
0;37;;0,063203014;;63,20301365;NCD;12;SOL;3;d;z;
0;38;;0,066197987;;66,1979866;NCD;12;SOL;3;d;z;
0;39;;0,069506622;;69,50662249;NCD;12;SOL;3;d;z;
0;1;;0,035620828;;35,62082751;NCD;12;SOL;4;i ;z;
0;2;;0,03736693;;37,36693029;NCD;12;SOL;4;i ;z;
0;3;;0,034873272;;34,87327172;NCD;12;SOL;4;i ;z;
0;4;;0,031907205;;31,90720497;NCD;12;SOL;4;i ;z;
0;5;;0,031240147;;31,24014708;NCD;12;SOL;4;i ;z;
0;6;;0,036741505;;36,74150488;NCD;12;SOL;4;i ;z;
0;7;;0,03656653;;36,56652972;NCD;12;SOL;4;i ;z;
0;8;;0,034368852;;34,36885173;NCD;12;SOL;4;i ;z;
0;9;;0,034300633;;34,30063288;NCD;12;SOL;4;i ;z;
0;10;;0,035795439;;35,79543937;NCD;12;SOL;4;i ;z;
0;11;;0,036943392;;36,94339199;NCD;12;SOL;4;i ;z;
0;12;;0,039550156;;39,55015568;NCD;12;SOL;4;i ;z;
0;13;;0,032866219;;32,86621948;NCD;12;SOL;4;i ;z;
0;14;;0,043968418;;43,96841767;NCD;12;SOL;4;i ;z;
0;15;;0,043101584;;43,10158352;NCD;12;SOL;4;i ;z;
0;16;;0,035528461;;35,52846102;NCD;12;SOL;4;i ;z;
0;17;;0,038552175;;38,55217467;NCD;12;SOL;4;i ;z;
0;18;;0,039334425;;39,33442542;NCD;12;SOL;4;i ;z;
0;19;;0,046704848;;46,70484846;NCD;12;SOL;4;i ;z;
0;20;;0,044553728;;44,5537285;NCD;12;SOL;4;i ;z;
0;21;;0,039226293;;39,22629338;NCD;12;SOL;4;i ;z;
0;22;;0,039524248;;39,52424751;NCD;12;SOL;4;i ;z;
0;23;;0,040751084;;40,75108385;NCD;12;SOL;4;i ;z;
0;24;;0,046002009;;46,00200919;NCD;12;SOL;4;i ;z;
0;25;;0,046391122;;46,39112234;NCD;12;SOL;4;i ;z;
0;26;;0,04390931;;43,90930992;NCD;12;SOL;4;i ;z;
0;27;;0,049761869;;49,76186871;NCD;12;SOL;4;i ;z;
0;28;;0,038731255;;38,73125494;NCD;12;SOL;4;i ;z;
0;29;;0,048972921;;48,97292111;NCD;12;SOL;4;i ;z;
0;30;;0,047481236;;47,48123621;NCD;12;SOL;4;i ;z;
0;31;;0,047935158;;47,93515801;NCD;12;SOL;4;i ;z;
0;32;;0,047783492;;47,78349239;NCD;12;SOL;4;i ;z;
0;33;;0,046330673;;46,33067281;NCD;12;SOL;4;i ;z;
0;34;;0,05032716;;50,32716019;NCD;12;SOL;4;i ;z;
0;35;;0,049110789;;49,11078884;NCD;12;SOL;4;i ;z;
0;36;;0,045352768;;45,35276809;NCD;12;SOL;4;i ;z;
0;37;;0,045399215;;45,39921505;NCD;12;SOL;4;i ;z;
0;38;;0,051611976;;51,61197623;NCD;12;SOL;4;i ;z;
0;39;;0,047149893;;47,14989343;NCD;12;SOL;4;i ;z;
0;40;;0,045464592;;45,4645922;NCD;12;SOL;4;i ;z;
0;41;;0,053637293;;53,6372931;NCD;12;SOL;4;i ;z;
0;42;;0,044124834;;44,12483393;NCD;12;SOL;4;i ;z;
0;43;;0,047123991;;47,12399095;NCD;12;SOL;4;i ;z;
0;44;;0,049367998;;49,36799814;NCD;12;SOL;4;i ;z;
0;45;;0,042636006;;42,63600567;NCD;12;SOL;4;i ;z;
0;46;;0,040682229;;40,68222868;NCD;12;SOL;4;i ;z;
0;47;;0,044880027;;44,88002742;NCD;12;SOL;4;i ;z;
0;48;;0,050997742;;50,99774231;NCD;12;SOL;4;i ;z;
0;49;;0,048027982;;48,02798202;NCD;12;SOL;4;i ;z;
0;50;;0,048601882;;48,6018816;NCD;12;SOL;4;i ;z;
0;51;;0,047339324;;47,33932382;NCD;12;SOL;4;i ;z;
0;52;;0,050610536;;50,61053609;NCD;12;SOL;4;i ;z;
0;53;;0,054800704;;54,80070385;NCD;12;SOL;4;i ;z;
0;54;;0,051377528;;51,37752804;NCD;12;SOL;4;i ;z;
0;55;;0,049648838;;49,64883768;NCD;12;SOL;4;i ;z;
0;56;;0,053559538;;53,55953837;NCD;12;SOL;4;i ;z;
0;57;;0,054098072;;54,09807168;NCD;12;SOL;4;i ;z;
0;58;;0,060609057;;60,60905735;NCD;12;SOL;4;i ;z;
0;59;;0,050731461;;50,73146086;NCD;12;SOL;4;i ;z;
0;60;;0,052909952;;52,90995192;NCD;12;SOL;4;i ;z;
0;61;;0,058203886;;58,20388568;NCD;12;SOL;4;i ;z;
0;62;;0,048919705;;48,91970464;NCD;12;SOL;4;i ;z;
0;63;;0,057657027;;57,65702722;NCD;12;SOL;4;i ;z;
0;64;;0,065637025;;65,63702482;NCD;12;SOL;4;i ;z;
0;1;;0,024910689;;24,91068935;NCD;12;SOL;4;i ;z001;
0;2;;0,03197699;;31,9769897;NCD;12;SOL;4;i ;z001;
0;3;;0,034782017;;34,78201688;NCD;12;SOL;4;i ;z001;
0;4;;0,041303637;;41,30363742;NCD;12;SOL;4;i ;z001;
0;5;;0,039682049;;39,68204854;NCD;12;SOL;4;i ;z001;
0;6;;0,034434605;;34,4346048;NCD;12;SOL;4;i ;z001;
0;7;;0,034499246;;34,49924636;NCD;12;SOL;4;i ;z001;
0;8;;0,024146242;;24,1462415;NCD;12;SOL;4;i ;z001;
0;9;;0,039831;;39,83100032;NCD;12;SOL;4;i ;z001;
0;10;;0,03670894;;36,70894009;NCD;12;SOL;4;i ;z001;
0;11;;0,048829639;;48,82963907;NCD;12;SOL;4;i ;z001;
0;12;;0,038083201;;38,08320078;NCD;12;SOL;4;i ;z001;
0;13;;0,032604566;;32,60456573;NCD;12;SOL;4;i ;z001;
0;14;;0,041833877;;41,83387679;NCD;12;SOL;4;i ;z001;
0;15;;0,039599952;;39,59995248;NCD;12;SOL;4;i ;z001;
0;16;;0,04521766;;45,21765993;NCD;12;SOL;4;i ;z001;
0;17;;0,038971124;;38,97112407;NCD;12;SOL;4;i ;z001;
0;18;;0,029683069;;29,683069;NCD;12;SOL;4;i ;z001;
0;19;;0,036363377;;36,36337726;NCD;12;SOL;4;i ;z001;
0;20;;0,041133522;;41,13352164;NCD;12;SOL;4;i ;z001;
0;21;;0,043055454;;43,05545372;NCD;12;SOL;4;i ;z001;
0;22;;0,040060247;;40,06024671;NCD;12;SOL;4;i ;z001;
0;23;;0,040848587;;40,84858682;NCD;12;SOL;4;i ;z001;
0;24;;0,046562999;;46,56299893;NCD;12;SOL;4;i ;z001;
0;25;;0,040443522;;40,4435219;NCD;12;SOL;4;i ;z001;
0;26;;0,041399707;;41,39970748;NCD;12;SOL;4;i ;z001;
0;27;;0,03702601;;37,02600952;NCD;12;SOL;4;i ;z001;
0;28;;0,033557316;;33,55731628;NCD;12;SOL;4;i ;z001;
0;29;;0,049424725;;49,42472504;NCD;12;SOL;4;i ;z001;
0;30;;0,049426646;;49,4266457;NCD;12;SOL;4;i ;z001;
0;31;;0,046509683;;46,50968312;NCD;12;SOL;4;i ;z001;
0;32;;0,048394559;;48,39455884;NCD;12;SOL;4;i ;z001;
0;33;;0,040915655;;40,91565508;NCD;12;SOL;4;i ;z001;
0;34;;0,048125832;;48,12583159;NCD;12;SOL;4;i ;z001;
0;35;;0,05157116;;51,57115957;NCD;12;SOL;4;i ;z001;
0;36;;0,048246002;;48,24600182;NCD;12;SOL;4;i ;z001;
0;37;;0,053583099;;53,58309884;NCD;12;SOL;4;i ;z001;
0;38;;0,050489994;;50,48999446;NCD;12;SOL;4;i ;z001;
0;39;;0,044671657;;44,67165732;NCD;12;SOL;4;i ;z001;
0;40;;0,049066963;;49,06696252;NCD;12;SOL;4;i ;z001;
0;41;;0,051121073;;51,121073;NCD;12;SOL;4;i ;z001;
0;42;;0,052351491;;52,35149053;NCD;12;SOL;4;i ;z001;
0;43;;0,050322055;;50,32205462;NCD;12;SOL;4;i ;z001;
0;44;;0,042638135;;42,6381353;NCD;12;SOL;4;i ;z001;
0;45;;0,053586834;;53,58683435;NCD;12;SOL;4;i ;z001;
0;46;;0,053855983;;53,85598342;NCD;12;SOL;4;i ;z001;
0;47;;0,043581032;;43,58103171;NCD;12;SOL;4;i ;z001;
0;48;;0,042148992;;42,14899187;NCD;12;SOL;4;i ;z001;
0;49;;0,047723243;;47,72324323;NCD;12;SOL;4;i ;z001;
0;50;;0,06023402;;60,23402024;NCD;12;SOL;4;i ;z001;
0;51;;0,050434184;;50,43418385;NCD;12;SOL;4;i ;z001;
0;52;;0,057662399;;57,66239887;NCD;12;SOL;4;i ;z001;
0;53;;0,058183251;;58,18325061;NCD;12;SOL;4;i ;z001;
0;54;;0,041396331;;41,39633061;NCD;12;SOL;4;i ;z001;
0;55;;0,054942736;;54,94273592;NCD;12;SOL;4;i ;z001;
0;1;;0,025056317;;25,05631658;HFD;16;SOL;1;i ;z;
0;2;;0,033099001;;33,09900058;HFD;16;SOL;1;i ;z;
0;3;;0,026927999;;26,92799899;HFD;16;SOL;1;i ;z;
0;4;;0,030740791;;30,74079051;HFD;16;SOL;1;i ;z;
0;5;;0,032338493;;32,33849279;HFD;16;SOL;1;i ;z;
0;6;;0,026927999;;26,92799899;HFD;16;SOL;1;i ;z;
0;7;;0,034873294;;34,8732945;HFD;16;SOL;1;i ;z;
0;8;;0,032131662;;32,13166247;HFD;16;SOL;1;i ;z;
0;9;;0,032020186;;32,02018595;HFD;16;SOL;1;i ;z;
0;10;;0,034505863;;34,5058628;HFD;16;SOL;1;i ;z;
0;11;;0,02962552;;29,6255202;HFD;16;SOL;1;i ;z;
0;12;;0,035903999;;35,90399865;HFD;16;SOL;1;i ;z;
0;13;;0,040284649;;40,28464856;HFD;16;SOL;1;i ;z;
0;14;;0,029855555;;29,85555489;HFD;16;SOL;1;i ;z;
0;15;;0,041106935;;41,10693507;HFD;16;SOL;1;i ;z;
0;16;;0,035343008;;35,34300777;HFD;16;SOL;1;i ;z;
0;17;;0,031976961;;31,9769606;HFD;16;SOL;1;i ;z;
0;18;;0,030911016;;30,91101641;HFD;16;SOL;1;i ;z;
0;19;;0,034782017;;34,78201688;HFD;16;SOL;1;i ;z;
0;20;;0,036558724;;36,55872405;HFD;16;SOL;1;i ;z;
0;21;;0,035343008;;35,34300777;HFD;16;SOL;1;i ;z;
0;22;;0,031415984;;31,41598427;HFD;16;SOL;1;i ;z;
0;23;;0,037830143;;37,83014322;HFD;16;SOL;1;i ;z;
0;24;;0,03816433;;38,16432999;HFD;16;SOL;1;i ;z;
0;25;;0,039636732;;39,63673164;HFD;16;SOL;1;i ;z;
0;26;;0,035343022;;35,34302232;HFD;16;SOL;1;i ;z;
0;27;;0,039829557;;39,82955701;HFD;16;SOL;1;i ;z;
0;28;;0,035625933;;35,62593299;HFD;16;SOL;1;i ;z;
0;29;;0,039904725;;39,90472476;HFD;16;SOL;1;i ;z;
0;30;;0,027507669;;27,50766883;HFD;16;SOL;1;i ;z;
0;31;;0,033604448;;33,60444783;HFD;16;SOL;1;i ;z;
0;32;;0,038254029;;38,25402886;HFD;16;SOL;1;i ;z;
0;33;;0,037773968;;37,77396811;HFD;16;SOL;1;i ;z;
0;34;;0,041765394;;41,76539356;HFD;16;SOL;1;i ;z;
0;35;;0,036307917;;36,30791731;HFD;16;SOL;1;i ;z;
0;36;;0,040953018;;40,95301847;HFD;16;SOL;1;i ;z;
0;37;;0,042636006;;42,63600567;HFD;16;SOL;1;i ;z;
0;38;;0,031660167;;31,6601669;HFD;16;SOL;1;i ;z;
0;39;;0,035129617;;35,12961692;HFD;16;SOL;1;i ;z;
0;40;;0,032237773;;32,23777273;HFD;16;SOL;1;i ;z;
0;41;;0,043021707;;43,02170727;HFD;16;SOL;1;i ;z;
0;42;;0,032538002;;32,53800151;HFD;16;SOL;1;i ;z;
0;43;;0,036600987;;36,60098748;HFD;16;SOL;1;i ;z;
0;44;;0,038147999;;38,14799948;HFD;16;SOL;1;i ;z;
0;45;;0,047824675;;47,82467498;HFD;16;SOL;1;i ;z;
0;46;;0,042842199;;42,84219948;HFD;16;SOL;1;i ;z;
0;47;;0,035854904;;35,8549037;HFD;16;SOL;1;i ;z;
0;48;;0,038708997;;38,70899673;HFD;16;SOL;1;i ;z;
0;49;;0,040828179;;40,82817908;HFD;16;SOL;1;i ;z;
0;50;;0,043878616;;43,87861607;HFD;16;SOL;1;i ;z;
0;51;;0,049848685;;49,84868521;HFD;16;SOL;1;i ;z;
0;52;;0,048216469;;48,21646906;HFD;16;SOL;1;i ;z;
0;53;;0,045366679;;45,3666788;HFD;16;SOL;1;i ;z;
0;54;;0,044086958;;44,08695792;HFD;16;SOL;1;i ;z;
0;55;;0,038822406;;38,82240646;HFD;16;SOL;1;i ;z;
0;56;;0,044880027;;44,88002742;HFD;16;SOL;1;i ;z;
0;57;;0,04781419;;47,81418974;HFD;16;SOL;1;i ;z;
0;58;;0,046365544;;46,36554426;HFD;16;SOL;1;i ;z;
0;59;;0,044307525;;44,30752496;HFD;16;SOL;1;i ;z;
0;60;;0,047786015;;47,78601493;HFD;16;SOL;1;i ;z;
0;61;;0,042186028;;42,18602759;HFD;16;SOL;1;i ;z;
0;62;;0,043987798;;43,98779845;HFD;16;SOL;1;i ;z;
0;63;;0,041563082;;41,56308196;HFD;16;SOL;1;i ;z;
0;64;;0,046370965;;46,37096522;HFD;16;SOL;1;i ;z;
0;65;;0,050489998;;50,4899981;HFD;16;SOL;1;i ;z;
0;66;;0,045019762;;45,01976197;HFD;16;SOL;1;i ;z;
0;67;;0,034852771;;34,85277108;HFD;16;SOL;1;i ;z;
0;68;;0,048245973;;48,24597272;HFD;16;SOL;1;i ;z;
0;69;;0,045899851;;45,89985109;HFD;16;SOL;1;i ;z;
0;70;;0,048053094;;48,05309384;HFD;16;SOL;1;i ;z;
0;71;;0,049367984;;49,36798359;HFD;16;SOL;1;i ;z;
0;72;;0,044879998;;44,87999831;HFD;16;SOL;1;i ;z;
0;73;;0,045222313;;45,2223131;HFD;16;SOL;1;i ;z;
0;74;;0,038773797;;38,77379666;HFD;16;SOL;1;i ;z;
0;75;;0,049928989;;49,92898903;HFD;16;SOL;1;i ;z;
0;76;;0,050489994;;50,48999446;HFD;16;SOL;1;i ;z;
0;77;;0,044471996;;44,47199571;HFD;16;SOL;1;i ;z;
0;78;;0,045486902;;45,48690214;HFD;16;SOL;1;i ;z;
0;79;;0,050499439;;50,49943906;HFD;16;SOL;1;i ;z;
0;80;;0,054220264;;54,2202639;HFD;16;SOL;1;i ;z;
0;81;;0,046348857;;46,34885663;HFD;16;SOL;1;i ;z;
0;82;;0,053855998;;53,85599798;HFD;16;SOL;1;i ;z;
0;83;;0,046357277;;46,35727714;HFD;16;SOL;1;i ;z;
0;84;;0,051665163;;51,66516317;HFD;16;SOL;1;i ;z;
0;85;;0,049605714;;49,60571375;HFD;16;SOL;1;i ;z;
0;86;;0,042959846;;42,95984625;HFD;16;SOL;1;i ;z;
0;87;;0,054417003;;54,41700341;HFD;16;SOL;1;i ;z;
0;88;;0,051639175;;51,63917486;HFD;16;SOL;1;i ;z;
0;89;;0,046043558;;46,04355809;HFD;16;SOL;1;i ;z;
0;90;;0,050490002;;50,49000174;HFD;16;SOL;1;i ;z;
0;91;;0,041424772;;41,42477151;HFD;16;SOL;1;i ;z;
0;92;;0,052568235;;52,56823532;HFD;16;SOL;1;i ;z;
0;93;;0,054093606;;54,09360637;HFD;16;SOL;1;i ;z;
0;94;;0,052379835;;52,37983536;HFD;16;SOL;1;i ;z;
0;1;;0,025841353;;25,84135279;HFD;16;SOL;1;i ;z001;
0;2;;0,028049981;;28,04998076;HFD;16;SOL;1;i ;z001;
0;3;;0,032900122;;32,90012222;HFD;16;SOL;1;i ;z001;
0;4;;0,026927984;;26,92798444;HFD;16;SOL;1;i ;z001;
0;5;;0,030883502;;30,88350162;HFD;16;SOL;1;i ;z001;
0;6;;0,028169695;;28,16969452;HFD;16;SOL;1;i ;z001;
0;7;;0,030180027;;30,18002735;HFD;16;SOL;1;i ;z001;
0;8;;0,019373632;;19,37363171;HFD;16;SOL;1;i ;z001;
0;9;;0,028399162;;28,39916199;HFD;16;SOL;1;i ;z001;
0;10;;0,030182474;;30,18247442;HFD;16;SOL;1;i ;z001;
0;11;;0,028760665;;28,76066528;HFD;16;SOL;1;i ;z001;
0;12;;0,033621928;;33,62192808;HFD;16;SOL;1;i ;z001;
0;13;;0,031032945;;31,03294533;HFD;16;SOL;1;i ;z001;
0;14;;0,034855706;;34,85570591;HFD;16;SOL;1;i ;z001;
0;15;;0,03079669;;30,79669049;HFD;16;SOL;1;i ;z001;
0;16;;0,024476439;;24,47643855;HFD;16;SOL;1;i ;z001;
0;17;;0,032113513;;32,11351266;HFD;16;SOL;1;i ;z001;
0;18;;0,029008643;;29,00864269;HFD;16;SOL;1;i ;z001;
0;19;;0,030244653;;30,24465278;HFD;16;SOL;1;i ;z001;
0;20;;0,031852755;;31,85275548;HFD;16;SOL;1;i ;z001;
0;21;;0,036931522;;36,93152193;HFD;16;SOL;1;i ;z001;
0;22;;0,034025545;;34,02554492;HFD;16;SOL;1;i ;z001;
0;23;;0,037572261;;37,57226134;HFD;16;SOL;1;i ;z001;
0;24;;0,034795072;;34,79507158;HFD;16;SOL;1;i ;z001;
0;25;;0,028910927;;28,9109272;HFD;16;SOL;1;i ;z001;
0;26;;0,033192096;;33,19209581;HFD;16;SOL;1;i ;z001;
0;27;;0,03607247;;36,07246953;HFD;16;SOL;1;i ;z001;
0;28;;0,035903999;;35,90399865;HFD;16;SOL;1;i ;z001;
0;29;;0,035061056;;35,06105641;HFD;16;SOL;1;i ;z001;
0;30;;0,034408436;;34,40843573;HFD;16;SOL;1;i ;z001;
0;31;;0,023759341;;23,75934085;HFD;16;SOL;1;i ;z001;
0;32;;0,02728585;;27,28584964;HFD;16;SOL;1;i ;z001;
0;33;;0,034115096;;34,11509563;HFD;16;SOL;1;i ;z001;
0;34;;0,031977004;;31,97700426;HFD;16;SOL;1;i ;z001;
0;35;;0,042919394;;42,91939382;HFD;16;SOL;1;i ;z001;
0;36;;0,040377494;;40,37749352;HFD;16;SOL;1;i ;z001;
0;37;;0,039270002;;39,27000216;HFD;16;SOL;1;i ;z001;
0;38;;0,037257925;;37,25792477;HFD;16;SOL;1;i ;z001;
0;39;;0,032537995;;32,53799514;HFD;16;SOL;1;i ;z001;
0;40;;0,037725412;;37,72541162;HFD;16;SOL;1;i ;z001;
0;41;;0,033099001;;33,09900058;HFD;16;SOL;1;i ;z001;
0;42;;0,033271206;;33,27120629;HFD;16;SOL;1;i ;z001;
0;43;;0,039831008;;39,8310076;HFD;16;SOL;1;i ;z001;
0;44;;0,036300967;;36,30096693;HFD;16;SOL;1;i ;z001;
0;45;;0,03592596;;35,92596038;HFD;16;SOL;1;i ;z001;
0;46;;0,033099001;;33,09900058;HFD;16;SOL;1;i ;z001;
0;47;;0,03197699;;31,9769897;HFD;16;SOL;1;i ;z001;
0;48;;0,033979942;;33,97994166;HFD;16;SOL;1;i ;z001;
0;49;;0,036478299;;36,47829888;HFD;16;SOL;1;i ;z001;
0;50;;0,041916343;;41,91634285;HFD;16;SOL;1;i ;z001;
0;51;;0,027700874;;27,7008739;HFD;16;SOL;1;i ;z001;
0;52;;0,031980963;;31,98096347;HFD;16;SOL;1;i ;z001;
0;53;;0,033876985;;33,87698475;HFD;16;SOL;1;i ;z001;
0;54;;0,026568127;;26,56812682;HFD;16;SOL;1;i ;z001;
0;55;;0,045593399;;45,59339923;HFD;16;SOL;1;i ;z001;
0;56;;0,040391998;;40,39199848;HFD;16;SOL;1;i ;z001;
0;57;;0,035490391;;35,4903908;HFD;16;SOL;1;i ;z001;
0;58;;0,040405841;;40,40584064;HFD;16;SOL;1;i ;z001;
0;59;;0,044912229;;44,91222878;HFD;16;SOL;1;i ;z001;
0;60;;0,041321942;;41,32194202;HFD;16;SOL;1;i ;z001;
0;61;;0,038600763;;38,60076303;HFD;16;SOL;1;i ;z001;
0;62;;0,032564621;;32,56462144;HFD;16;SOL;1;i ;z001;
0;63;;0,044032251;;44,03225115;HFD;16;SOL;1;i ;z001;
0;64;;0,039048034;;39,0480338;HFD;16;SOL;1;i ;z001;
0;65;;0,038708997;;38,70899673;HFD;16;SOL;1;i ;z001;
0;66;;0,042793853;;42,79385258;HFD;16;SOL;1;i ;z001;
0;67;;0,04563949;;45,63949009;HFD;16;SOL;1;i ;z001;
0;68;;0,038327393;;38,32739282;HFD;16;SOL;1;i ;z001;
0;69;;0,030469526;;30,46952623;HFD;16;SOL;1;i ;z001;
0;70;;0,037484366;;37,4843664;HFD;16;SOL;1;i ;z001;
0;71;;0,044451213;;44,45121269;HFD;16;SOL;1;i ;z001;
0;72;;0,041985524;;41,98552402;HFD;16;SOL;1;i ;z001;
0;73;;0,040391984;;40,39198393;HFD;16;SOL;1;i ;z001;
0;74;;0,036378617;;36,37861703;HFD;16;SOL;1;i ;z001;
0;75;;0,040953004;;40,95300392;HFD;16;SOL;1;i ;z001;
0;76;;0,040648098;;40,64809783;HFD;16;SOL;1;i ;z001;
0;77;;0,046002009;;46,00200919;HFD;16;SOL;1;i ;z001;
0;78;;0,039115471;;39,11547073;HFD;16;SOL;1;i ;z001;
0;79;;0,029232598;;29,23259776;HFD;16;SOL;1;i ;z001;
0;80;;0,041594818;;41,59481802;HFD;16;SOL;1;i ;z001;
0;81;;0,033791021;;33,79102095;HFD;16;SOL;1;i ;z001;
0;82;;0,042842189;;42,84218919;HFD;16;SOL;1;i ;z001;
0;83;;0,046690616;;46,69061592;HFD;16;SOL;1;i ;z001;
0;84;;0,057585177;;57,5851772;HFD;16;SOL;1;i ;z001;
0;1;;0,01402499;;14,02499038;HFD;16;SOL;3;d;z;
0;2;;0,013463996;;13,46399586;HFD;16;SOL;3;d;z;
0;3;;0,027841337;;27,84133693;HFD;16;SOL;3;d;z;
0;4;;0,033660006;;33,66000601;HFD;16;SOL;3;d;z;
0;5;;0,029235203;;29,23520303;HFD;16;SOL;3;d;z;
0;6;;0,028177813;;28,17781321;HFD;16;SOL;3;d;z;
0;7;;0,029210856;;29,21085595;HFD;16;SOL;3;d;z;
0;8;;0,026388037;;26,3880369;HFD;16;SOL;3;d;z;
0;9;;0,030947888;;30,94788784;HFD;16;SOL;3;d;z;
0;10;;0,024100409;;24,10040922;HFD;16;SOL;3;d;z;
0;11;;0,03279233;;32,79232978;HFD;16;SOL;3;d;z;
0;12;;0,030385344;;30,38534388;HFD;16;SOL;3;d;z;
0;13;;0,035655564;;35,65556437;HFD;16;SOL;3;d;z;
0;14;;0,027029842;;27,02984229;HFD;16;SOL;3;d;z;
0;15;;0,030361563;;30,36156323;HFD;16;SOL;3;d;z;
0;16;;0,03322932;;33,22932011;HFD;16;SOL;3;d;z;
0;17;;0,03356872;;33,56871956;HFD;16;SOL;3;d;z;
0;18;;0,027878578;;27,8785784;HFD;16;SOL;3;d;z;
0;19;;0,024163286;;24,16328604;HFD;16;SOL;3;d;z;
0;20;;0,04035852;;40,35851973;HFD;16;SOL;3;d;z;
0;21;;0,021741168;;21,74116797;HFD;16;SOL;3;d;z;
0;22;;0,035643557;;35,6435565;HFD;16;SOL;3;d;z;
0;23;;0,033652747;;33,65274667;HFD;16;SOL;3;d;z;
0;24;;0,032942267;;32,94226718;HFD;16;SOL;3;d;z;
0;25;;0,031771821;;31,7718207;HFD;16;SOL;3;d;z;
0;26;;0,038514178;;38,5141778;HFD;16;SOL;3;d;z;
0;27;;0,032039156;;32,03915567;HFD;16;SOL;3;d;z;
0;28;;0,026027417;;26,02741742;HFD;16;SOL;3;d;z;
0;29;;0,034873978;;34,87397839;HFD;16;SOL;3;d;z;
0;30;;0,039070472;;39,07047246;HFD;16;SOL;3;d;z;
0;31;;0,033994935;;33,99493471;HFD;16;SOL;3;d;z;
0;32;;0,036472746;;36,47274596;HFD;16;SOL;3;d;z;
0;33;;0,041255467;;41,25546736;HFD;16;SOL;3;d;z;
0;34;;0,025221256;;25,22125646;HFD;16;SOL;3;d;z;
0;35;;0,036302336;;36,30233597;HFD;16;SOL;3;d;z;
0;36;;0,034742672;;34,74267159;HFD;16;SOL;3;d;z;
0;37;;0,034220999;;34,22099871;HFD;16;SOL;3;d;z;
0;38;;0,033973567;;33,97356721;HFD;16;SOL;3;d;z;
0;39;;0,030587977;;30,58797713;HFD;16;SOL;3;d;z;
0;40;;0,042894367;;42,89436724;HFD;16;SOL;3;d;z;
0;41;;0,036100432;;36,10043205;HFD;16;SOL;3;d;z;
0;42;;0,032106078;;32,10607792;HFD;16;SOL;3;d;z;
0;43;;0,044220447;;44,22044685;HFD;16;SOL;3;d;z;
0;44;;0,037307362;;37,30736206;HFD;16;SOL;3;d;z;
0;45;;0,030148219;;30,14821902;HFD;16;SOL;3;d;z;
0;46;;0,045248965;;45,24896526;HFD;16;SOL;3;d;z;
0;47;;0,035859629;;35,8596295;HFD;16;SOL;3;d;z;
0;48;;0,043840399;;43,84039925;HFD;16;SOL;3;d;z;
0;49;;0,038495803;;38,49580289;HFD;16;SOL;3;d;z;
0;50;;0,028499503;;28,49950282;HFD;16;SOL;3;d;z;
0;51;;0,040391998;;40,39199848;HFD;16;SOL;3;d;z;
0;52;;0,035592493;;35,59249291;HFD;16;SOL;3;d;z;
0;53;;0,032594204;;32,59420392;HFD;16;SOL;3;d;z;
0;54;;0,049742226;;49,74222633;HFD;16;SOL;3;d;z;
0;55;;0,031636696;;31,6366958;HFD;16;SOL;3;d;z;
0;56;;0,031192036;;31,19203552;HFD;16;SOL;3;d;z;
0;57;;0,043635571;;43,63557069;HFD;16;SOL;3;d;z;
0;58;;0,033902883;;33,90288298;HFD;16;SOL;3;d;z;
0;59;;0,041652158;;41,65215811;HFD;16;SOL;3;d;z;
0;60;;0,035411319;;35,41131852;HFD;16;SOL;3;d;z;
0;61;;0,037403483;;37,40348326;HFD;16;SOL;3;d;z;
0;62;;0,033653682;;33,65368208;HFD;16;SOL;3;d;z;
0;63;;0,041212179;;41,21217936;HFD;16;SOL;3;d;z;
0;64;;0,035025013;;35,02501312;HFD;16;SOL;3;d;z;
0;65;;0,032485706;;32,48570608;HFD;16;SOL;3;d;z;
0;66;;0,03474462;;34,74462009;HFD;16;SOL;3;d;z;
0;67;;0,046968554;;46,96855363;HFD;16;SOL;3;d;z;
0;68;;0,038179274;;38,17927423;HFD;16;SOL;3;d;z;
0;69;;0,043403432;;43,40343165;HFD;16;SOL;3;d;z;
0;70;;0,03937425;;39,37424998;HFD;16;SOL;3;d;z;
0;71;;0,038791024;;38,79102449;HFD;16;SOL;3;d;z;
0;72;;0,035333902;;35,33390197;HFD;16;SOL;3;d;z;
0;73;;0,037310461;;37,31046078;HFD;16;SOL;3;d;z;
0;74;;0,041128776;;41,12877551;HFD;16;SOL;3;d;z;
0;75;;0,042471138;;42,47113753;HFD;16;SOL;3;d;z;
0;76;;0,03366632;;33,66632013;HFD;16;SOL;3;d;z;
0;77;;0,036621184;;36,62118421;HFD;16;SOL;3;d;z;
0;78;;0,036413799;;36,41379863;HFD;16;SOL;3;d;z;
0;79;;0,031667244;;31,66724443;HFD;16;SOL;3;d;z;
0;80;;0,042311692;;42,311692;HFD;16;SOL;3;d;z;
0;81;;0,033696647;;33,69664741;HFD;16;SOL;3;d;z;
0;82;;0,056408534;;56,4085335;HFD;16;SOL;3;d;z;
0;83;;0,041655996;;41,65599647;HFD;16;SOL;3;d;z;
0;84;;0,039401443;;39,40144261;HFD;16;SOL;3;d;z;
0;85;;0,044871058;;44,87105788;HFD;16;SOL;3;d;z;
0;86;;0,031449907;;31,44990702;HFD;16;SOL;3;d;z;
0;87;;0,036648875;;36,64887467;HFD;16;SOL;3;d;z;
0;88;;0,046871538;;46,87153821;HFD;16;SOL;3;d;z;
0;89;;0,043281997;;43,28199714;HFD;16;SOL;3;d;z;
0;90;;0,041618645;;41,61864516;HFD;16;SOL;3;d;z;
0;91;;0,035907956;;35,90795642;HFD;16;SOL;3;d;z;
0;92;;0,043047362;;43,04736229;HFD;16;SOL;3;d;z;
0;93;;0,032610037;;32,61003744;HFD;16;SOL;3;d;z;
0;94;;0,050850452;;50,85045172;HFD;16;SOL;3;d;z;
0;95;;0,054762437;;54,76243742;HFD;16;SOL;3;d;z;
0;1;;0,011536648;;11,53664814;HFD;16;SOL;3;d;z001;
0;2;;0,014585996;;14,58599581;HFD;16;SOL;3;d;z001;
0;3;;0,01755644;;17,55644023;HFD;16;SOL;3;d;z001;
0;4;;0,013218749;;13,21874929;HFD;16;SOL;3;d;z001;
0;5;;0,015056494;;15,05649429;HFD;16;SOL;3;d;z001;
0;6;;0,019660952;;19,6609525;HFD;16;SOL;3;d;z001;
0;7;;0,019318291;;19,31829065;HFD;16;SOL;3;d;z001;
0;8;;0,024923409;;24,92340938;HFD;16;SOL;3;d;z001;
0;9;;0,023560319;;23,56031923;HFD;16;SOL;3;d;z001;
0;10;;0,019073996;;19,07399565;HFD;16;SOL;3;d;z001;
0;11;;0,016481174;;16,48117381;HFD;16;SOL;3;d;z001;
0;12;;0,02118481;;21,18480986;HFD;16;SOL;3;d;z001;
0;13;;0,024561981;;24,56198078;HFD;16;SOL;3;d;z001;
0;14;;0,013838828;;13,83882833;HFD;16;SOL;3;d;z001;
0;15;;0,026366994;;26,36699355;HFD;16;SOL;3;d;z001;
0;16;;0,029305987;;29,30598662;HFD;16;SOL;3;d;z001;
0;17;;0,022100798;;22,10079769;HFD;16;SOL;3;d;z001;
0;18;;0,026612005;;26,61200497;HFD;16;SOL;3;d;z001;
0;19;;0,027209994;;27,20999369;HFD;16;SOL;3;d;z001;
0;20;;0,02704202;;27,04201995;HFD;16;SOL;3;d;z001;
0;21;;0,026367023;;26,36702266;HFD;16;SOL;3;d;z001;
0;22;;0,026928028;;26,92802809;HFD;16;SOL;3;d;z001;
0;23;;0,032653915;;32,65391506;HFD;16;SOL;3;d;z001;
0;24;;0,030295922;;30,29592218;HFD;16;SOL;3;d;z001;
0;25;;0,028437909;;28,43790916;HFD;16;SOL;3;d;z001;
0;26;;0,024470893;;24,47089315;HFD;16;SOL;3;d;z001;
0;27;;0,029183666;;29,18366626;HFD;16;SOL;3;d;z001;
0;28;;0,031446887;;31,44688722;HFD;16;SOL;3;d;z001;
0;29;;0,028088091;;28,08809128;HFD;16;SOL;3;d;z001;
0;30;;0,026457221;;26,45722149;HFD;16;SOL;3;d;z001;
0;31;;0,026896608;;26,89660821;HFD;16;SOL;3;d;z001;
0;32;;0,023561995;;23,56199548;HFD;16;SOL;3;d;z001;
0;33;;0,03649255;;36,49254951;HFD;16;SOL;3;d;z001;
0;34;;0,034371503;;34,37150297;HFD;16;SOL;3;d;z001;
0;35;;0,029276043;;29,27604326;HFD;16;SOL;3;d;z001;
0;36;;0,038147999;;38,14799857;HFD;16;SOL;3;d;z001;
0;37;;0,032432001;;32,43200109;HFD;16;SOL;3;d;z001;
0;38;;0,025975166;;25,97516573;HFD;16;SOL;3;d;z001;
0;39;;0,026911991;;26,91199098;HFD;16;SOL;3;d;z001;
0;40;;0,030613344;;30,61334366;HFD;16;SOL;3;d;z001;
0;41;;0,025387966;;25,38796606;HFD;16;SOL;3;d;z001;
0;42;;0,031815507;;31,81550739;HFD;16;SOL;3;d;z001;
0;43;;0,033314645;;33,3146449;HFD;16;SOL;3;d;z001;
0;44;;0,036465004;;36,46500409;HFD;16;SOL;3;d;z001;
0;45;;0,037733949;;37,73394874;HFD;16;SOL;3;d;z001;
0;46;;0,027325169;;27,32516887;HFD;16;SOL;3;d;z001;
0;47;;0,039043074;;39,04307404;HFD;16;SOL;3;d;z001;
0;48;;0,031141408;;31,1414076;HFD;16;SOL;3;d;z001;
0;49;;0,032884369;;32,88436871;HFD;16;SOL;3;d;z001;
0;50;;0,02604697;;26,04696989;HFD;16;SOL;3;d;z001;
0;51;;0,040882833;;40,88283297;HFD;16;SOL;3;d;z001;
0;52;;0,02616842;;26,16842013;HFD;16;SOL;3;d;z001;
0;53;;0,035225038;;35,22503759;HFD;16;SOL;3;d;z001;
0;54;;0,033574047;;33,57404727;HFD;16;SOL;3;d;z001;
0;55;;0,024572545;;24,57254473;HFD;16;SOL;3;d;z001;
0;56;;0,029456704;;29,45670407;HFD;16;SOL;3;d;z001;
0;57;;0,028583566;;28,58356597;HFD;16;SOL;3;d;z001;
0;58;;0,024621203;;24,62120337;HFD;16;SOL;3;d;z001;
0;59;;0,040692693;;40,6926928;HFD;16;SOL;3;d;z001;
0;60;;0,037332826;;37,33282606;HFD;16;SOL;3;d;z001;
0;61;;0,033901218;;33,90121827;HFD;16;SOL;3;d;z001;
0;62;;0,022279777;;22,27977725;HFD;16;SOL;3;d;z001;
0;63;;0,03438473;;34,38472967;HFD;16;SOL;3;d;z001;
0;64;;0,041786216;;41,78621554;HFD;16;SOL;3;d;z001;
0;65;;0,037264332;;37,26433247;HFD;16;SOL;3;d;z001;
0;66;;0,034785273;;34,78527286;HFD;16;SOL;3;d;z001;
0;67;;0,038632447;;38,63244747;HFD;16;SOL;3;d;z001;
0;68;;0,032056917;;32,05691683;HFD;16;SOL;3;d;z001;
0;69;;0,032814665;;32,81466531;HFD;16;SOL;3;d;z001;
0;70;;0,029505071;;29,50507122;HFD;16;SOL;3;d;z001;
0;71;;0,042803283;;42,80328349;HFD;16;SOL;3;d;z001;
0;72;;0,046002009;;46,00200919;HFD;16;SOL;3;d;z001;
0;73;;0,037650592;;37,65059232;HFD;16;SOL;3;d;z001;
0;74;;0,039269999;;39,26999852;HFD;16;SOL;3;d;z001;
0;75;;0,035347389;;35,34738901;HFD;16;SOL;3;d;z001;
0;76;;0,034238806;;34,23880563;HFD;16;SOL;3;d;z001;
0;77;;0,038870858;;38,8708581;HFD;16;SOL;3;d;z001;
0;78;;0,032925023;;32,92502339;HFD;16;SOL;3;d;z001;
0;79;;0,044326838;;44,32683813;HFD;16;SOL;3;d;z001;
0;80;;0,0423696;;42,36959999;HFD;16;SOL;3;d;z001;
0;81;;0,031382569;;31,38256948;HFD;16;SOL;3;d;z001;
0;82;;0,036067617;;36,06761657;HFD;16;SOL;3;d;z001;
0;83;;0,048216473;;48,21647257;HFD;16;SOL;3;d;z001;
0;84;;0,040634539;;40,63453854;HFD;16;SOL;3;d;z001;
0;85;;0,042541542;;42,54154231;HFD;16;SOL;3;d;z001;
0;86;;0,031637379;;31,63737934;HFD;16;SOL;3;d;z001;
0;87;;0,047252123;;47,2521227;HFD;16;SOL;3;d;z001;
0;88;;0,043763605;;43,76360549;HFD;16;SOL;3;d;z001;
0;89;;0,042595164;;42,59516443;HFD;16;SOL;3;d;z001;
0;90;;0,043456246;;43,45624567;HFD;16;SOL;3;d;z001;
0;91;;0,05516734;;55,16734038;HFD;16;SOL;3;d;z001;
0;1;;0,021342519;;21,3425194;HFD;16;SOL;5;d;z;
0;2;;0,031469105;;31,46910463;HFD;16;SOL;5;d;z;
0;3;;0,030855008;;30,85500794;HFD;16;SOL;5;d;z;
0;4;;0,036116216;;36,1162164;HFD;16;SOL;5;d;z;
0;5;;0,033718405;;33,71840489;HFD;16;SOL;5;d;z;
0;6;;0,031214611;;31,21461071;HFD;16;SOL;5;d;z;
0;7;;0,032276197;;32,27619726;HFD;16;SOL;5;d;z;
0;8;;0,029912836;;29,91283576;HFD;16;SOL;5;d;z;
0;9;;0,036608481;;36,60848064;HFD;16;SOL;5;d;z;
0;10;;0,039115479;;39,11547944;HFD;16;SOL;5;d;z;
0;11;;0,041145443;;41,14544297;HFD;16;SOL;5;d;z;
0;12;;0,035903999;;35,90399865;HFD;16;SOL;5;d;z;
0;13;;0,037586993;;37,58699313;HFD;16;SOL;5;d;z;
0;14;;0,036311272;;36,31127217;HFD;16;SOL;5;d;z;
0;15;;0,03814802;;38,14802039;HFD;16;SOL;5;d;z;
0;16;;0,040339222;;40,33922188;HFD;16;SOL;5;d;z;
0;17;;0,039831;;39,83100032;HFD;16;SOL;5;d;z;
0;18;;0,039272014;;39,27201362;HFD;16;SOL;5;d;z;
0;19;;0,040272992;;40,27299244;HFD;16;SOL;5;d;z;
0;20;;0,041325918;;41,32591815;HFD;16;SOL;5;d;z;
0;21;;0,044010839;;44,01083944;HFD;16;SOL;5;d;z;
0;22;;0,044153205;;44,15320458;HFD;16;SOL;5;d;z;
0;23;;0,039957721;;39,95772133;HFD;16;SOL;5;d;z;
0;24;;0,036465004;;36,46500409;HFD;16;SOL;5;d;z;
0;25;;0,041201707;;41,20170682;HFD;16;SOL;5;d;z;
0;26;;0,039830993;;39,83099305;HFD;16;SOL;5;d;z;
0;27;;0,040562929;;40,56292861;HFD;16;SOL;5;d;z;
0;28;;0,044270534;;44,27053449;HFD;16;SOL;5;d;z;
0;29;;0,041594833;;41,59483321;HFD;16;SOL;5;d;z;
0;30;;0,043435778;;43,4357781;HFD;16;SOL;5;d;z;
0;31;;0,038598145;;38,59814548;HFD;16;SOL;5;d;z;
0;32;;0,048096853;;48,09685336;HFD;16;SOL;5;d;z;
0;33;;0,042224652;;42,22465232;HFD;16;SOL;5;d;z;
0;34;;0,042957523;;42,95752301;HFD;16;SOL;5;d;z;
0;35;;0,04659302;;46,59301975;HFD;16;SOL;5;d;z;
0;36;;0,044406969;;44,40696916;HFD;16;SOL;5;d;z;
0;37;;0,046723566;;46,7235656;HFD;16;SOL;5;d;z;
0;38;;0,044749991;;44,74999137;HFD;16;SOL;5;d;z;
0;39;;0,042225711;;42,22571077;HFD;16;SOL;5;d;z;
0;40;;0,048226129;;48,22612907;HFD;16;SOL;5;d;z;
0;41;;0,048190964;;48,1909644;HFD;16;SOL;5;d;z;
0;42;;0,047826669;;47,82666907;HFD;16;SOL;5;d;z;
0;43;;0,047603001;;47,60300074;HFD;16;SOL;5;d;z;
0;44;;0,047339325;;47,33932506;HFD;16;SOL;5;d;z;
0;45;;0,043742217;;43,74221681;HFD;16;SOL;5;d;z;
0;46;;0,04292966;;42,92966032;HFD;16;SOL;5;d;z;
0;47;;0,047543918;;47,54391829;HFD;16;SOL;5;d;z;
0;48;;0,047417218;;47,4172184;HFD;16;SOL;5;d;z;
0;49;;0,047732463;;47,73246326;HFD;16;SOL;5;d;z;
0;50;;0,04835642;;48,35641972;HFD;16;SOL;5;d;z;
0;51;;0,044436279;;44,43627924;HFD;16;SOL;5;d;z;
0;52;;0,045080338;;45,08033813;HFD;16;SOL;5;d;z;
0;53;;0,047282213;;47,28221289;HFD;16;SOL;5;d;z;
0;54;;0,046915852;;46,91585198;HFD;16;SOL;5;d;z;
0;55;;0,04912226;;49,12226037;HFD;16;SOL;5;d;z;
0;56;;0,048747557;;48,74755694;HFD;16;SOL;5;d;z;
0;57;;0,045744915;;45,74491454;HFD;16;SOL;5;d;z;
0;58;;0,044695142;;44,69514199;HFD;16;SOL;5;d;z;
0;59;;0,038875333;;38,87533316;HFD;16;SOL;5;d;z;
0;60;;0,049368013;;49,3680127;HFD;16;SOL;5;d;z;
0;61;;0,051051;;51,0509999;HFD;16;SOL;5;d;z;
0;62;;0,054978009;;54,97800885;HFD;16;SOL;5;d;z;
0;63;;0,054108051;;54,10805098;HFD;16;SOL;5;d;z;
0;64;;0,053855998;;53,85599798;HFD;16;SOL;5;d;z;
0;65;;0,056263417;;56,26341717;HFD;16;SOL;5;d;z;
0;66;;0,052111302;;52,11130152;HFD;16;SOL;5;d;z;
0;67;;0,053319828;;53,31982787;HFD;16;SOL;5;d;z;
0;68;;0,058365048;;58,36504842;HFD;16;SOL;5;d;z;
0;69;;0,059197807;;59,19780699;HFD;16;SOL;5;d;z;
0;70;;0,051930762;;51,93076178;HFD;16;SOL;5;d;z;
0;71;;0,050064674;;50,06467365;HFD;16;SOL;5;d;z;
0;1;;0,009787216;;9,7872161;HFD;16;SOL;5;d;z001;
0;2;;0,013852296;;13,85229561;HFD;16;SOL;5;d;z001;
0;3;;0,024174312;;24,17431169;HFD;16;SOL;5;d;z001;
0;4;;0,027848579;;27,8485791;HFD;16;SOL;5;d;z001;
0;5;;0,027660247;;27,66024681;HFD;16;SOL;5;d;z001;
0;6;;0,028375958;;28,37595816;HFD;16;SOL;5;d;z001;
0;7;;0,025121889;;25,12188855;HFD;16;SOL;5;d;z001;
0;8;;0,027396477;;27,39647694;HFD;16;SOL;5;d;z001;
0;9;;0,025784662;;25,78466196;HFD;16;SOL;5;d;z001;
0;10;;0,030977945;;30,97794512;HFD;16;SOL;5;d;z001;
0;11;;0,027501173;;27,50117251;HFD;16;SOL;5;d;z001;
0;12;;0,022774879;;22,77487881;HFD;16;SOL;5;d;z001;
0;13;;0,026243245;;26,24324518;HFD;16;SOL;5;d;z001;
0;14;;0,026815535;;26,81553489;HFD;16;SOL;5;d;z001;
0;15;;0,02928424;;29,2842395;HFD;16;SOL;5;d;z001;
0;16;;0,027953256;;27,95325587;HFD;16;SOL;5;d;z001;
0;17;;0,027346682;;27,34668183;HFD;16;SOL;5;d;z001;
0;18;;0,034626596;;34,62659592;HFD;16;SOL;5;d;z001;
0;19;;0,028492297;;28,49229687;HFD;16;SOL;5;d;z001;
0;20;;0,028754971;;28,75497138;HFD;16;SOL;5;d;z001;
0;21;;0,027227544;;27,2275437;HFD;16;SOL;5;d;z001;
0;22;;0,030294002;;30,2940025;HFD;16;SOL;5;d;z001;
0;23;;0,02876799;;28,76799041;HFD;16;SOL;5;d;z001;
0;24;;0,032866177;;32,86617718;HFD;16;SOL;5;d;z001;
0;25;;0,0308406;;30,8406;HFD;16;SOL;5;d;z001;
0;26;;0,030535061;;30,53506121;HFD;16;SOL;5;d;z001;
0;27;;0,033660006;;33,66000601;HFD;16;SOL;5;d;z001;
0;28;;0,02846898;;28,46898045;HFD;16;SOL;5;d;z001;
0;29;;0,030344043;;30,3440429;HFD;16;SOL;5;d;z001;
0;30;;0,035342993;;35,34299321;HFD;16;SOL;5;d;z001;
0;31;;0,034122971;;34,12297054;HFD;16;SOL;5;d;z001;
0;32;;0,030183012;;30,18301235;HFD;16;SOL;5;d;z001;
0;33;;0,029052705;;29,05270543;HFD;16;SOL;5;d;z001;
0;34;;0,035291959;;35,29195858;HFD;16;SOL;5;d;z001;
0;35;;0,031416006;;31,4160061;HFD;16;SOL;5;d;z001;
0;36;;0,030795999;;30,79599886;HFD;16;SOL;5;d;z001;
0;37;;0,031512772;;31,5127725;HFD;16;SOL;5;d;z001;
0;38;;0,025541876;;25,54187643;HFD;16;SOL;5;d;z001;
0;39;;0,031988856;;31,98885592;HFD;16;SOL;5;d;z001;
0;40;;0,030167762;;30,16776219;HFD;16;SOL;5;d;z001;
0;41;;0,035162064;;35,16206374;HFD;16;SOL;5;d;z001;
0;42;;0,023080115;;23,08011459;HFD;16;SOL;5;d;z001;
0;43;;0,032238085;;32,23808482;HFD;16;SOL;5;d;z001;
0;44;;0,032630939;;32,63093929;HFD;16;SOL;5;d;z001;
0;45;;0,034328828;;34,328828;HFD;16;SOL;5;d;z001;
0;46;;0,026091571;;26,09157078;HFD;16;SOL;5;d;z001;
0;47;;0,041046451;;41,04645051;HFD;16;SOL;5;d;z001;
0;48;;0,034186936;;34,18693564;HFD;16;SOL;5;d;z001;
0;49;;0,030327831;;30,32783085;HFD;16;SOL;5;d;z001;
0;50;;0,030626228;;30,62622834;HFD;16;SOL;5;d;z001;
0;51;;0,03544428;;35,44427976;HFD;16;SOL;5;d;z001;
0;52;;0,038147991;;38,14799129;HFD;16;SOL;5;d;z001;
0;53;;0,03197699;;31,9769897;HFD;16;SOL;5;d;z001;
0;54;;0,031415999;;31,41599882;HFD;16;SOL;5;d;z001;
0;55;;0,028353889;;28,35388924;HFD;16;SOL;5;d;z001;
0;56;;0,029345373;;29,34537313;HFD;16;SOL;5;d;z001;
0;57;;0,03612264;;36,12263981;HFD;16;SOL;5;d;z001;
0;58;;0,040952989;;40,95298937;HFD;16;SOL;5;d;z001;
0;59;;0,036194507;;36,1945074;HFD;16;SOL;5;d;z001;
0;60;;0,037685261;;37,68526092;HFD;16;SOL;5;d;z001;
0;61;;0,036199218;;36,19921753;HFD;16;SOL;5;d;z001;
0;62;;0,03342053;;33,4205301;HFD;16;SOL;5;d;z001;
0;63;;0,039269988;;39,26998761;HFD;16;SOL;5;d;z001;
0;64;;0,034459021;;34,45902081;HFD;16;SOL;5;d;z001;
0;65;;0,037237298;;37,23729821;HFD;16;SOL;5;d;z001;
0;66;;0,041816376;;41,81637621;HFD;16;SOL;5;d;z001;
0;67;;0,039816237;;39,81623733;HFD;16;SOL;5;d;z001;
0;68;;0,038708997;;38,70899673;HFD;16;SOL;5;d;z001;
0;69;;0,040596798;;40,59679752;HFD;16;SOL;5;d;z001;
0;70;;0,04600198;;46,00198008;HFD;16;SOL;5;d;z001;
0;71;;0,033693887;;33,69388696;HFD;16;SOL;5;d;z001;
0;72;;0,041514009;;41,51400935;HFD;16;SOL;5;d;z001;
0;73;;0,036464975;;36,46497498;HFD;16;SOL;5;d;z001;
0;74;;0,036742368;;36,74236838;HFD;16;SOL;5;d;z001;
0;75;;0,03911822;;39,11821996;HFD;16;SOL;5;d;z001;
0;76;;0,03857686;;38,57685957;HFD;16;SOL;5;d;z001;
0;77;;0,041583154;;41,58315393;HFD;16;SOL;5;d;z001;
0;78;;0,045785216;;45,78521584;HFD;16;SOL;5;d;z001;
0;79;;0,044908741;;44,90874117;HFD;16;SOL;5;d;z001;
0;80;;0,03163778;;31,63778046;HFD;16;SOL;5;d;z001;
0;81;;0,044311834;;44,3118342;HFD;16;SOL;5;d;z001;
0;82;;0,047993359;;47,99335902;HFD;16;SOL;5;d;z001;
0;83;;0,041062236;;41,06223561;HFD;16;SOL;5;d;z001;
0;84;;0,042149018;;42,1490179;HFD;16;SOL;5;d;z001;
0;85;;0,039268609;;39,26860883;HFD;16;SOL;5;d;z001;
0;86;;0,044144461;;44,1444611;HFD;16;SOL;5;d;z001;
0;87;;0,042107086;;42,10708627;HFD;16;SOL;5;d;z001;
0;88;;0,043987305;;43,98730539;HFD;16;SOL;5;d;z001;
0;89;;0,046563;;46,56300007;HFD;16;SOL;5;d;z001;
0;90;;0,039199581;;39,19958104;HFD;16;SOL;5;d;z001;
0;91;;0,042472636;;42,47263628;HFD;16;SOL;5;d;z001;
0;92;;0,041842281;;41,84228066;HFD;16;SOL;5;d;z001;
0;93;;0,04139635;;41,39635013;HFD;16;SOL;5;d;z001;
0;94;;0,039682202;;39,68220192;HFD;16;SOL;5;d;z001;
0;95;;0,045357375;;45,35737492;HFD;16;SOL;5;d;z001;
0;96;;0,053662474;;53,6624736;HFD;16;SOL;5;d;z001;
0;97;;0,041782941;;41,78294115;HFD;16;SOL;5;d;z001;
0;98;;0,049928989;;49,92898903;HFD;16;SOL;5;d;z001;
0;99;;0,043196998;;43,19699838;HFD;16;SOL;5;d;z001;
0;100;;0,047854667;;47,85466713;HFD;16;SOL;5;d;z001;
0;101;;0,047998582;;47,99858171;HFD;16;SOL;5;d;z001;
0;102;;0,046001998;;46,00199827;HFD;16;SOL;5;d;z001;
0;103;;0,055533993;;55,53399263;HFD;16;SOL;5;d;z001;
0;104;;0,0492099;;49,20990016;HFD;16;SOL;5;d;z001;
0;105;;0,054478803;;54,47880332;HFD;16;SOL;5;d;z001;
0;106;;0,062675575;;62,67557464;HFD;16;SOL;5;d;z001;
0;1;;0,031977001;;31,97700062;NCD;16;SOL;1;d;z;
0;2;;0,035317811;;35,31781065;NCD;16;SOL;1;d;z;
0;3;;0,025387971;;25,38797121;NCD;16;SOL;1;d;z;
0;4;;0,032509455;;32,50945454;NCD;16;SOL;1;d;z;
0;5;;0,033018882;;33,01888179;NCD;16;SOL;1;d;z;
0;6;;0,037519425;;37,51942543;NCD;16;SOL;1;d;z;
0;7;;0,036860637;;36,86063682;NCD;16;SOL;1;d;z;
0;8;;0,040931433;;40,93143256;NCD;16;SOL;1;d;z;
0;9;;0,04421461;;44,21461013;NCD;16;SOL;1;d;z;
0;10;;0,038808596;;38,80859563;NCD;16;SOL;1;d;z;
0;11;;0,039885846;;39,88584584;NCD;16;SOL;1;d;z;
0;12;;0,046562993;;46,56299279;NCD;16;SOL;1;d;z;
0;13;;0,037294604;;37,29460397;NCD;16;SOL;1;d;z;
0;14;;0,04039278;;40,39278008;NCD;16;SOL;1;d;z;
0;15;;0,04260301;;42,60300958;NCD;16;SOL;1;d;z;
0;16;;0,044755031;;44,75503054;NCD;16;SOL;1;d;z;
0;17;;0,039647426;;39,64742589;NCD;16;SOL;1;d;z;
0;18;;0,050581218;;50,58121824;NCD;16;SOL;1;d;z;
0;19;;0,046939717;;46,93971682;NCD;16;SOL;1;d;z;
0;20;;0,046563;;46,56300007;NCD;16;SOL;1;d;z;
0;21;;0,047094274;;47,09427426;NCD;16;SOL;1;d;z;
0;22;;0,040145325;;40,14532536;NCD;16;SOL;1;d;z;
0;23;;0,036552662;;36,55266213;NCD;16;SOL;1;d;z;
0;24;;0,047085666;;47,0856658;NCD;16;SOL;1;d;z;
0;25;;0,041686175;;41,68617456;NCD;16;SOL;1;d;z;
0;26;;0,049114446;;49,11444602;NCD;16;SOL;1;d;z;
0;27;;0,046192906;;46,19290624;NCD;16;SOL;1;d;z;
0;28;;0,046002002;;46,00200191;NCD;16;SOL;1;d;z;
0;29;;0,04388589;;43,88588969;NCD;16;SOL;1;d;z;
0;30;;0,046002009;;46,00200919;NCD;16;SOL;1;d;z;
0;31;;0,053816879;;53,81687925;NCD;16;SOL;1;d;z;
0;32;;0,04958362;;49,58362035;NCD;16;SOL;1;d;z;
0;33;;0,040625924;;40,62592359;NCD;16;SOL;1;d;z;
0;34;;0,040163579;;40,1635791;NCD;16;SOL;1;d;z;
0;35;;0,049110845;;49,11084497;NCD;16;SOL;1;d;z;
0;36;;0,05111435;;51,11434957;NCD;16;SOL;1;d;z;
0;37;;0,060588005;;60,588005;NCD;16;SOL;1;d;z;
0;38;;0,046251562;;46,25156169;NCD;16;SOL;1;d;z;
0;39;;0,043108935;;43,10893493;NCD;16;SOL;1;d;z;
0;40;;0,059122436;;59,12243554;NCD;16;SOL;1;d;z;
0;41;;0,046544951;;46,54495052;NCD;16;SOL;1;d;z;
0;42;;0,047668517;;47,6685165;NCD;16;SOL;1;d;z;
0;43;;0,054314862;;54,31486156;NCD;16;SOL;1;d;z;
0;44;;0,052826761;;52,82676075;NCD;16;SOL;1;d;z;
0;45;;0,055076267;;55,07626728;NCD;16;SOL;1;d;z;
0;46;;0,049182233;;49,18223263;NCD;16;SOL;1;d;z;
0;47;;0,049969714;;49,96971406;NCD;16;SOL;1;d;z;
0;48;;0,057783007;;57,78300692;NCD;16;SOL;1;d;z;
0;49;;0,058159316;;58,15931581;NCD;16;SOL;1;d;z;
0;50;;0,064602005;;64,60200504;NCD;16;SOL;1;d;z;
0;51;;0,04397109;;43,97109014;NCD;16;SOL;1;d;z;
0;52;;0,047614906;;47,61490605;NCD;16;SOL;1;d;z;
0;1;;0,011039023;;11,03902323;NCD;16;SOL;1;d;z001;
0;2;;0,021318003;;21,31800284;NCD;16;SOL;1;d;z001;
0;3;;0,026892124;;26,89212411;NCD;16;SOL;1;d;z001;
0;4;;0,016060383;;16,06038312;NCD;16;SOL;1;d;z001;
0;5;;0,019185369;;19,18536948;NCD;16;SOL;1;d;z001;
0;6;;0,026643296;;26,64329592;NCD;16;SOL;1;d;z001;
0;7;;0,021878997;;21,87899736;NCD;16;SOL;1;d;z001;
0;8;;0,029652943;;29,65294257;NCD;16;SOL;1;d;z001;
0;9;;0,032537966;;32,53796604;NCD;16;SOL;1;d;z001;
0;10;;0,027670132;;27,67013175;NCD;16;SOL;1;d;z001;
0;11;;0,020957374;;20,957374;NCD;16;SOL;1;d;z001;
0;12;;0,029909396;;29,90939631;NCD;16;SOL;1;d;z001;
0;13;;0,027489004;;27,48900442;NCD;16;SOL;1;d;z001;
0;14;;0,029908218;;29,90821839;NCD;16;SOL;1;d;z001;
0;15;;0,033659991;;33,65999146;NCD;16;SOL;1;d;z001;
0;16;;0,032685081;;32,68508123;NCD;16;SOL;1;d;z001;
0;17;;0,031977001;;31,97700062;NCD;16;SOL;1;d;z001;
0;18;;0,036268428;;36,2684275;NCD;16;SOL;1;d;z001;
0;19;;0,034781995;;34,78199505;NCD;16;SOL;1;d;z001;
0;20;;0,031406186;;31,40618592;NCD;16;SOL;1;d;z001;
0;21;;0,032748864;;32,74886387;NCD;16;SOL;1;d;z001;
0;22;;0,027998031;;27,99803124;NCD;16;SOL;1;d;z001;
0;23;;0,033285667;;33,28566653;NCD;16;SOL;1;d;z001;
0;24;;0,02935575;;29,35574994;NCD;16;SOL;1;d;z001;
0;25;;0,031450521;;31,45052141;NCD;16;SOL;1;d;z001;
0;26;;0,032391566;;32,39156645;NCD;16;SOL;1;d;z001;
0;27;;0,035907953;;35,90795278;NCD;16;SOL;1;d;z001;
0;28;;0,040190632;;40,19063173;NCD;16;SOL;1;d;z001;
0;29;;0,034120627;;34,12062672;NCD;16;SOL;1;d;z001;
0;30;;0,034677775;;34,67777548;NCD;16;SOL;1;d;z001;
0;31;;0,032609057;;32,60905729;NCD;16;SOL;1;d;z001;
0;32;;0,036090032;;36,09003201;NCD;16;SOL;1;d;z001;
0;33;;0,034782017;;34,78201688;NCD;16;SOL;1;d;z001;
0;34;;0,041178552;;41,17855196;NCD;16;SOL;1;d;z001;
0;35;;0,037846189;;37,84618897;NCD;16;SOL;1;d;z001;
0;36;;0,029521426;;29,52142589;NCD;16;SOL;1;d;z001;
0;37;;0,03616823;;36,16822974;NCD;16;SOL;1;d;z001;
0;38;;0,033479894;;33,47989369;NCD;16;SOL;1;d;z001;
0;39;;0,040953004;;40,95300392;NCD;16;SOL;1;d;z001;
0;40;;0,03688037;;36,88036952;NCD;16;SOL;1;d;z001;
0;41;;0,035861843;;35,86184275;NCD;16;SOL;1;d;z001;
0;42;;0,035612881;;35,61288149;NCD;16;SOL;1;d;z001;
0;43;;0,039830993;;39,83099305;NCD;16;SOL;1;d;z001;
0;44;;0,035342993;;35,34299321;NCD;16;SOL;1;d;z001;
0;45;;0,034203835;;34,20383542;NCD;16;SOL;1;d;z001;
0;46;;0,035623686;;35,62368582;NCD;16;SOL;1;d;z001;
0;47;;0,044258932;;44,25893159;NCD;16;SOL;1;d;z001;
0;48;;0,042481579;;42,48157877;NCD;16;SOL;1;d;z001;
0;49;;0,040802563;;40,80256342;NCD;16;SOL;1;d;z001;
0;50;;0,03387851;;33,87851031;NCD;16;SOL;1;d;z001;
0;51;;0,037697882;;37,69788231;NCD;16;SOL;1;d;z001;
0;52;;0,034179385;;34,17938528;NCD;16;SOL;1;d;z001;
0;53;;0,043217707;;43,21770696;NCD;16;SOL;1;d;z001;
0;54;;0,032027915;;32,02791463;NCD;16;SOL;1;d;z001;
0;55;;0,039508327;;39,50832691;NCD;16;SOL;1;d;z001;
0;56;;0,040953004;;40,95300392;NCD;16;SOL;1;d;z001;
0;57;;0,044307522;;44,3075225;NCD;16;SOL;1;d;z001;
0;58;;0,036910892;;36,9108921;NCD;16;SOL;1;d;z001;
0;59;;0,035085016;;35,08501644;NCD;16;SOL;1;d;z001;
0;60;;0,041774004;;41,77400407;NCD;16;SOL;1;d;z001;
0;61;;0,038570328;;38,57032815;NCD;16;SOL;1;d;z001;
0;62;;0,043011956;;43,01195551;NCD;16;SOL;1;d;z001;
0;63;;0,035088065;;35,08806501;NCD;16;SOL;1;d;z001;
0;64;;0,048884067;;48,88406705;NCD;16;SOL;1;d;z001;
0;65;;0,041620319;;41,62031911;NCD;16;SOL;1;d;z001;
0;66;;0,044879998;;44,87999831;NCD;16;SOL;1;d;z001;
0;67;;0,041068665;;41,06866548;NCD;16;SOL;1;d;z001;
0;68;;0,035006658;;35,00665805;NCD;16;SOL;1;d;z001;
0;69;;0,044796813;;44,79681278;NCD;16;SOL;1;d;z001;
0;70;;0,046720224;;46,72022414;NCD;16;SOL;1;d;z001;
0;71;;0,044890348;;44,89034783;NCD;16;SOL;1;d;z001;
0;72;;0,042829321;;42,82932073;NCD;16;SOL;1;d;z001;
0;73;;0,039108417;;39,10841726;NCD;16;SOL;1;d;z001;
0;74;;0,047322403;;47,32240329;NCD;16;SOL;1;d;z001;
0;75;;0,04306949;;43,06949018;NCD;16;SOL;1;d;z001;
0;76;;0,041443097;;41,44309655;NCD;16;SOL;1;d;z001;
0;77;;0,041374148;;41,37414818;NCD;16;SOL;1;d;z001;
0;78;;0,051346521;;51,34652058;NCD;16;SOL;1;d;z001;
0;79;;0,049675585;;49,67558501;NCD;16;SOL;1;d;z001;
0;80;;0,043740908;;43,74090785;NCD;16;SOL;1;d;z001;
0;81;;0,040792446;;40,79244588;NCD;16;SOL;1;d;z001;
0;82;;0,047920714;;47,92071356;NCD;16;SOL;1;d;z001;
0;83;;0,046219317;;46,21931664;NCD;16;SOL;1;d;z001;
0;84;;0,048468165;;48,46816529;NCD;16;SOL;1;d;z001;
0;85;;0,046527118;;46,52711759;NCD;16;SOL;1;d;z001;
0;86;;0,052886105;;52,88610486;NCD;16;SOL;1;d;z001;
0;87;;0,054417003;;54,41700341;NCD;16;SOL;1;d;z001;
0;88;;0,048418256;;48,41825586;NCD;16;SOL;1;d;z001;
0;89;;0,052446651;;52,44665116;NCD;16;SOL;1;d;z001;
0;90;;0,052476165;;52,47616518;NCD;16;SOL;1;d;z001;
0;1;;0,020231043;;20,23104293;NCD;16;SOL;1;i;z;
0;2;;0,024538246;;24,53824589;NCD;16;SOL;1;i;z;
0;3;;0,031975585;;31,97558527;NCD;16;SOL;1;i;z;
0;4;;0,03256931;;32,56931001;NCD;16;SOL;1;i;z;
0;5;;0,032112767;;32,11276699;NCD;16;SOL;1;i;z;
0;6;;0,034553735;;34,55373455;NCD;16;SOL;1;i;z;
0;7;;0,037209766;;37,20976588;NCD;16;SOL;1;i;z;
0;8;;0,028806143;;28,80614255;NCD;16;SOL;1;i;z;
0;9;;0,032807044;;32,80704443;NCD;16;SOL;1;i;z;
0;10;;0,029732997;;29,73299706;NCD;16;SOL;1;i;z;
0;11;;0,025610198;;25,61019802;NCD;16;SOL;1;i;z;
0;12;;0,03763305;;37,63305031;NCD;16;SOL;1;i;z;
0;13;;0,029172006;;29,17200618;NCD;16;SOL;1;i;z;
0;14;;0,040392006;;40,39200576;NCD;16;SOL;1;i;z;
0;15;;0,044366339;;44,36633897;NCD;16;SOL;1;i;z;
0;16;;0,042509682;;42,50968247;NCD;16;SOL;1;i;z;
0;17;;0,041805485;;41,80548493;NCD;16;SOL;1;i;z;
0;18;;0,035778361;;35,77836066;NCD;16;SOL;1;i;z;
0;19;;0,041912799;;41,91279921;NCD;16;SOL;1;i;z;
0;20;;0,034782017;;34,78201688;NCD;16;SOL;1;i;z;
0;21;;0,038291484;;38,29148368;NCD;16;SOL;1;i;z;
0;22;;0,033345198;;33,3451978;NCD;16;SOL;1;i;z;
0;23;;0,039666689;;39,66668852;NCD;16;SOL;1;i;z;
0;24;;0,042075;;42,07500024;NCD;16;SOL;1;i;z;
0;25;;0,045852919;;45,85291856;NCD;16;SOL;1;i;z;
0;26;;0,040953018;;40,95301847;NCD;16;SOL;1;i;z;
0;27;;0,03537506;;35,37506;NCD;16;SOL;1;i;z;
0;28;;0,044261211;;44,26121111;NCD;16;SOL;1;i;z;
0;29;;0,043643872;;43,64387203;NCD;16;SOL;1;i;z;
0;30;;0,039060271;;39,06027123;NCD;16;SOL;1;i;z;
0;31;;0,03177894;;31,77894036;NCD;16;SOL;1;i;z;
0;32;;0,034738518;;34,73851779;NCD;16;SOL;1;i;z;
0;33;;0,040159391;;40,15939074;NCD;16;SOL;1;i;z;
0;34;;0,037804696;;37,80469551;NCD;16;SOL;1;i;z;
0;35;;0,044319007;;44,31900743;NCD;16;SOL;1;i;z;
0;36;;0,04380328;;43,80327978;NCD;16;SOL;1;i;z;
0;37;;0,043758017;;43,75801655;NCD;16;SOL;1;i;z;
0;38;;0,046568115;;46,56811462;NCD;16;SOL;1;i;z;
0;39;;0,04346108;;43,46108009;NCD;16;SOL;1;i;z;
0;40;;0,039981676;;39,98167597;NCD;16;SOL;1;i;z;
0;41;;0,036185404;;36,18540402;NCD;16;SOL;1;i;z;
0;42;;0,041626361;;41,62636127;NCD;16;SOL;1;i;z;
0;43;;0,047880197;;47,88019697;NCD;16;SOL;1;i;z;
0;44;;0,041726115;;41,72611461;NCD;16;SOL;1;i;z;
0;45;;0,032776725;;32,77672515;NCD;16;SOL;1;i;z;
0;46;;0,047607752;;47,60775245;NCD;16;SOL;1;i;z;
0;47;;0,048340733;;48,34073285;NCD;16;SOL;1;i;z;
0;48;;0,041697986;;41,6979858;NCD;16;SOL;1;i;z;
0;49;;0,0429101;;42,91010016;NCD;16;SOL;1;i;z;
0;50;;0,054417003;;54,41700341;NCD;16;SOL;1;i;z;
0;51;;0,035104275;;35,10427506;NCD;16;SOL;1;i;z;
0;52;;0,048503682;;48,50368196;NCD;16;SOL;1;i;z;
0;53;;0,040858895;;40,85889533;NCD;16;SOL;1;i;z;
0;54;;0,047123991;;47,12399095;NCD;16;SOL;1;i;z;
0;55;;0,040275587;;40,27558691;NCD;16;SOL;1;i;z;
0;56;;0,040296585;;40,29658539;NCD;16;SOL;1;i;z;
0;57;;0,048849921;;48,84992058;NCD;16;SOL;1;i;z;
0;58;;0,03463846;;34,63845951;NCD;16;SOL;1;i;z;
0;59;;0,039625432;;39,62543204;NCD;16;SOL;1;i;z;
0;60;;0,049367984;;49,36798359;NCD;16;SOL;1;i;z;
0;61;;0,047198974;;47,19897372;NCD;16;SOL;1;i;z;
0;62;;0,048421171;;48,42117126;NCD;16;SOL;1;i;z;
0;63;;0,041368394;;41,36839376;NCD;16;SOL;1;i;z;
0;64;;0,055742897;;55,74289697;NCD;16;SOL;1;i;z;
0;65;;0,047300325;;47,30032536;NCD;16;SOL;1;i;z;
0;66;;0,039831008;;39,8310076;NCD;16;SOL;1;i;z;
0;67;;0,050301039;;50,30103854;NCD;16;SOL;1;i;z;
0;68;;0,056662888;;56,66288763;NCD;16;SOL;1;i;z;
0;69;;0,052227066;;52,22706551;NCD;16;SOL;1;i;z;
0;70;;0,052053537;;52,05353741;NCD;16;SOL;1;i;z;
0;71;;0,044879998;;44,87999831;NCD;16;SOL;1;i;z;
0;72;;0,046806607;;46,80660722;NCD;16;SOL;1;i;z;
0;73;;0,046562986;;46,56298552;NCD;16;SOL;1;i;z;
0;74;;0,048807007;;48,80700726;NCD;16;SOL;1;i;z;
0;75;;0,047793881;;47,7938812;NCD;16;SOL;1;i;z;
0;76;;0,070124996;;70,12499555;NCD;16;SOL;1;i;z;
0;77;;0,045178283;;45,17828335;NCD;16;SOL;1;i;z;
0;78;;0,055563671;;55,56367057;NCD;16;SOL;1;i;z;
0;79;;0,066937792;;66,93779171;NCD;16;SOL;1;i;z;
0;1;;0,019757814;;19,75781377;NCD;16;SOL;1;i;z001;
0;2;;0,027166279;;27,16627906;NCD;16;SOL;1;i;z001;
0;3;;0,031977004;;31,97700426;NCD;16;SOL;1;i;z001;
0;4;;0,037016472;;37,01647169;NCD;16;SOL;1;i;z001;
0;5;;0,034582465;;34,582465;NCD;16;SOL;1;i;z001;
0;6;;0,034329405;;34,32940538;NCD;16;SOL;1;i;z001;
0;7;;0,035458635;;35,45863466;NCD;16;SOL;1;i;z001;
0;8;;0,029864451;;29,86445113;NCD;16;SOL;1;i;z001;
0;9;;0,037026002;;37,02600225;NCD;16;SOL;1;i;z001;
0;10;;0,034221011;;34,22101145;NCD;16;SOL;1;i;z001;
0;11;;0,035342993;;35,34299321;NCD;16;SOL;1;i;z001;
0;12;;0,040674572;;40,6745724;NCD;16;SOL;1;i;z001;
0;13;;0,036056093;;36,05609334;NCD;16;SOL;1;i;z001;
0;14;;0,041163689;;41,16368853;NCD;16;SOL;1;i;z001;
0;15;;0,039953147;;39,95314662;NCD;16;SOL;1;i;z001;
0;16;;0,036604764;;36,6047639;NCD;16;SOL;1;i;z001;
0;17;;0,0396459;;39,64589976;NCD;16;SOL;1;i;z001;
0;18;;0,02522918;;25,22918015;NCD;16;SOL;1;i;z001;
0;19;;0,032925034;;32,92503368;NCD;16;SOL;1;i;z001;
0;20;;0,037704417;;37,7044172;NCD;16;SOL;1;i;z001;
0;21;;0,035945461;;35,94546063;NCD;16;SOL;1;i;z001;
0;22;;0,03702601;;37,02600952;NCD;16;SOL;1;i;z001;
0;23;;0,02822389;;28,22388973;NCD;16;SOL;1;i;z001;
0;24;;0,040510042;;40,5100422;NCD;16;SOL;1;i;z001;
0;25;;0,03702601;;37,02600952;NCD;16;SOL;1;i;z001;
0;26;;0,045396487;;45,39648715;NCD;16;SOL;1;i;z001;
0;27;;0,024063395;;24,06339509;NCD;16;SOL;1;i;z001;
0;28;;0,046225913;;46,22591271;NCD;16;SOL;1;i;z001;
0;29;;0,037625143;;37,62514296;NCD;16;SOL;1;i;z001;
0;30;;0,04201901;;42,0190099;NCD;16;SOL;1;i;z001;
0;31;;0,043196982;;43,19698201;NCD;16;SOL;1;i;z001;
0;32;;0,043617243;;43,61724312;NCD;16;SOL;1;i;z001;
0;33;;0,047684996;;47,68499639;NCD;16;SOL;1;i;z001;
0;34;;0,045619006;;45,61900642;NCD;16;SOL;1;i;z001;
0;35;;0,042399881;;42,39988113;NCD;16;SOL;1;i;z001;
0;36;;0,043950129;;43,95012887;NCD;16;SOL;1;i;z001;
0;37;;0,043460198;;43,46019838;NCD;16;SOL;1;i;z001;
0;38;;0,039587954;;39,58795362;NCD;16;SOL;1;i;z001;
0;39;;0,042013864;;42,01386396;NCD;16;SOL;1;i;z001;
0;40;;0,041074495;;41,07449525;NCD;16;SOL;1;i;z001;
0;41;;0,044501758;;44,50175803;NCD;16;SOL;1;i;z001;
0;42;;0,035753761;;35,75376084;NCD;16;SOL;1;i;z001;
0;43;;0,049368004;;49,3680036;NCD;16;SOL;1;i;z001;
0;44;;0,033184403;;33,18440251;NCD;16;SOL;1;i;z001;
0;45;;0,046664966;;46,66496598;NCD;16;SOL;1;i;z001;
0;46;;0,048608657;;48,60865735;NCD;16;SOL;1;i;z001;
0;47;;0,05246974;;52,46974025;NCD;16;SOL;1;i;z001;
0;48;;0,039106711;;39,10671129;NCD;16;SOL;1;i;z001;
0;49;;0,047123991;;47,12399095;NCD;16;SOL;1;i;z001;
0;50;;0,042055201;;42,05520063;NCD;16;SOL;1;i;z001;
0;51;;0,047055826;;47,05582564;NCD;16;SOL;1;i;z001;
0;52;;0,052759365;;52,75936529;NCD;16;SOL;1;i;z001;
0;53;;0,049726878;;49,72687822;NCD;16;SOL;1;i;z001;
0;54;;0,054978009;;54,97800885;NCD;16;SOL;1;i;z001;
0;55;;0,048246002;;48,24600182;NCD;16;SOL;1;i;z001;
0;56;;0,049908705;;49,90870478;NCD;16;SOL;1;i;z001;
0;57;;0,048489966;;48,48996596;NCD;16;SOL;1;i;z001;
0;58;;0,052733987;;52,7339871;NCD;16;SOL;1;i;z001;
0;59;;0,049928989;;49,92898903;NCD;16;SOL;1;i;z001;
0;60;;0,044319007;;44,31900743;NCD;16;SOL;1;i;z001;
0;61;;0,047123991;;47,12399095;NCD;16;SOL;1;i;z001;
0;62;;0,056383459;;56,38345929;NCD;16;SOL;1;i;z001;
0;63;;0,053364054;;53,36405412;NCD;16;SOL;1;i;z001;
0;64;;0,056948697;;56,94869693;NCD;16;SOL;1;i;z001;
0;65;;0,046563;;46,56300007;NCD;16;SOL;1;i;z001;
0;1;;0,023621662;;23,62166179;NCD;16;SOL;2;d;z;
0;2;;0,029782434;;29,78243355;NCD;16;SOL;2;d;z;
0;3;;0,029171992;;29,17199163;NCD;16;SOL;2;d;z;
0;4;;0,033728773;;33,72877286;NCD;16;SOL;2;d;z;
0;5;;0,029171992;;29,17199163;NCD;16;SOL;2;d;z;
0;6;;0,034781988;;34,78198778;NCD;16;SOL;2;d;z;
0;7;;0,027442749;;27,4427493;NCD;16;SOL;2;d;z;
0;8;;0,030294002;;30,2940025;NCD;16;SOL;2;d;z;
0;9;;0,037921078;;37,92107772;NCD;16;SOL;2;d;z;
0;10;;0,027391275;;27,39127456;NCD;16;SOL;2;d;z;
0;11;;0,035381129;;35,38112897;NCD;16;SOL;2;d;z;
0;12;;0,037080019;;37,08001949;NCD;16;SOL;2;d;z;
0;13;;0,030855008;;30,85500794;NCD;16;SOL;2;d;z;
0;14;;0,031365875;;31,36587523;NCD;16;SOL;2;d;z;
0;15;;0,032538775;;32,53877477;NCD;16;SOL;2;d;z;
0;16;;0,033733341;;33,73334078;NCD;16;SOL;2;d;z;
0;17;;0,034261541;;34,26154126;NCD;16;SOL;2;d;z;
0;18;;0,037139607;;37,13960652;NCD;16;SOL;2;d;z;
0;19;;0,02773597;;27,73597048;NCD;16;SOL;2;d;z;
0;20;;0,035138028;;35,13802835;NCD;16;SOL;2;d;z;
0;21;;0,036875963;;36,87596343;NCD;16;SOL;2;d;z;
0;22;;0,031099163;;31,09916341;NCD;16;SOL;2;d;z;
0;23;;0,033002196;;33,00219646;NCD;16;SOL;2;d;z;
0;24;;0,038000288;;38,00028764;NCD;16;SOL;2;d;z;
0;25;;0,029070532;;29,07053165;NCD;16;SOL;2;d;z;
0;26;;0,030766485;;30,76648463;NCD;16;SOL;2;d;z;
0;27;;0,036847821;;36,84782135;NCD;16;SOL;2;d;z;
0;28;;0,038189013;;38,18901328;NCD;16;SOL;2;d;z;
0;29;;0,036933455;;36,93345518;NCD;16;SOL;2;d;z;
0;30;;0,040391998;;40,39199848;NCD;16;SOL;2;d;z;
0;31;;0,036489106;;36,48910613;NCD;16;SOL;2;d;z;
0;32;;0,032537995;;32,53799514;NCD;16;SOL;2;d;z;
0;33;;0,035322484;;35,32248383;NCD;16;SOL;2;d;z;
0;34;;0,032789498;;32,78949759;NCD;16;SOL;2;d;z;
0;35;;0,034782002;;34,78200233;NCD;16;SOL;2;d;z;
0;36;;0,037920959;;37,92095894;NCD;16;SOL;2;d;z;
0;37;;0,039273867;;39,27386702;NCD;16;SOL;2;d;z;
0;38;;0,033789289;;33,78928917;NCD;16;SOL;2;d;z;
0;39;;0,042241219;;42,24121853;NCD;16;SOL;2;d;z;
0;40;;0,037851943;;37,85194348;NCD;16;SOL;2;d;z;
0;41;;0,037337811;;37,33781147;NCD;16;SOL;2;d;z;
0;42;;0,034733409;;34,73340921;NCD;16;SOL;2;d;z;
0;43;;0,035559865;;35,55986505;NCD;16;SOL;2;d;z;
0;44;;0,031305091;;31,30509108;NCD;16;SOL;2;d;z;
0;45;;0,037853329;;37,85332909;NCD;16;SOL;2;d;z;
0;46;;0,040498174;;40,49817407;NCD;16;SOL;2;d;z;
0;47;;0,040710868;;40,71086808;NCD;16;SOL;2;d;z;
0;48;;0,037644438;;37,64443831;NCD;16;SOL;2;d;z;
0;49;;0,038518819;;38,51881903;NCD;16;SOL;2;d;z;
0;50;;0,039497781;;39,49778086;NCD;16;SOL;2;d;z;
0;51;;0,039121755;;39,12175481;NCD;16;SOL;2;d;z;
0;52;;0,040387056;;40,38705638;NCD;16;SOL;2;d;z;
0;53;;0,034180083;;34,18008328;NCD;16;SOL;2;d;z;
0;54;;0,033495297;;33,49529693;NCD;16;SOL;2;d;z;
0;55;;0,033206654;;33,20665389;NCD;16;SOL;2;d;z;
0;56;;0,037732985;;37,73298527;NCD;16;SOL;2;d;z;
0;57;;0,04274015;;42,74015046;NCD;16;SOL;2;d;z;
0;58;;0,034796523;;34,79652252;NCD;16;SOL;2;d;z;
0;59;;0,04147903;;41,4790295;NCD;16;SOL;2;d;z;
0;60;;0,039133187;;39,13318714;NCD;16;SOL;2;d;z;
0;61;;0,046783236;;46,7832362;NCD;16;SOL;2;d;z;
0;62;;0,040354586;;40,35458636;NCD;16;SOL;2;d;z;
0;63;;0,0384013;;38,40130013;NCD;16;SOL;2;d;z;
0;64;;0,03473093;;34,73092958;NCD;16;SOL;2;d;z;
0;65;;0,040392013;;40,39201303;NCD;16;SOL;2;d;z;
0;66;;0,043461117;;43,46111717;NCD;16;SOL;2;d;z;
0;67;;0,034322397;;34,32239672;NCD;16;SOL;2;d;z;
0;68;;0,042399888;;42,39988764;NCD;16;SOL;2;d;z;
0;69;;0,045441004;;45,44100375;NCD;16;SOL;2;d;z;
0;70;;0,044350228;;44,35022776;NCD;16;SOL;2;d;z;
0;71;;0,043746611;;43,74661139;NCD;16;SOL;2;d;z;
0;72;;0,043108563;;43,10856305;NCD;16;SOL;2;d;z;
0;73;;0,039567646;;39,5676457;NCD;16;SOL;2;d;z;
0;74;;0,04491224;;44,91223991;NCD;16;SOL;2;d;z;
0;75;;0,041666501;;41,66650059;NCD;16;SOL;2;d;z;
0;76;;0,044446421;;44,44642076;NCD;16;SOL;2;d;z;
0;77;;0,043817762;;43,81776223;NCD;16;SOL;2;d;z;
0;78;;0,042638948;;42,63894823;NCD;16;SOL;2;d;z;
0;79;;0,04661314;;46,6131397;NCD;16;SOL;2;d;z;
0;80;;0,043072075;;43,07207468;NCD;16;SOL;2;d;z;
0;81;;0,042387525;;42,38752471;NCD;16;SOL;2;d;z;
0;82;;0,036783875;;36,78387504;NCD;16;SOL;2;d;z;
0;83;;0,037645064;;37,64506366;NCD;16;SOL;2;d;z;
0;84;;0,04319397;;43,19397035;NCD;16;SOL;2;d;z;
0;85;;0,044987815;;44,98781468;NCD;16;SOL;2;d;z;
0;86;;0,04303779;;43,03778959;NCD;16;SOL;2;d;z;
0;87;;0,037816801;;37,81680054;NCD;16;SOL;2;d;z;
0;88;;0,04167602;;41,67601954;NCD;16;SOL;2;d;z;
0;89;;0,047567473;;47,56747301;NCD;16;SOL;2;d;z;
0;90;;0,044220474;;44,22047394;NCD;16;SOL;2;d;z;
0;91;;0,035705254;;35,70525379;NCD;16;SOL;2;d;z;
0;92;;0,040883731;;40,88373086;NCD;16;SOL;2;d;z;
0;93;;0,039112071;;39,11207114;NCD;16;SOL;2;d;z;
0;94;;0,038350252;;38,35025245;NCD;16;SOL;2;d;z;
0;95;;0,041285451;;41,28545077;NCD;16;SOL;2;d;z;
0;96;;0,042729028;;42,72902764;NCD;16;SOL;2;d;z;
0;97;;0,046398415;;46,39841455;NCD;16;SOL;2;d;z;
0;98;;0,037304131;;37,30413092;NCD;16;SOL;2;d;z;
0;99;;0,044880006;;44,88000559;NCD;16;SOL;2;d;z;
0;100;;0,047683022;;47,68302195;NCD;16;SOL;2;d;z;
0;101;;0,043696156;;43,69615618;NCD;16;SOL;2;d;z;
0;102;;0,037969617;;37,96961659;NCD;16;SOL;2;d;z;
0;103;;0,043059386;;43,05938627;NCD;16;SOL;2;d;z;
0;104;;0,047519081;;47,51908082;NCD;16;SOL;2;d;z;
0;105;;0,042241767;;42,24176746;NCD;16;SOL;2;d;z;
0;106;;0,039487984;;39,48798437;NCD;16;SOL;2;d;z;
0;107;;0,046329845;;46,32984452;NCD;16;SOL;2;d;z;
0;108;;0,046206663;;46,20666318;NCD;16;SOL;2;d;z;
0;109;;0,049832239;;49,83223929;NCD;16;SOL;2;d;z;
0;110;;0,05515164;;55,15164028;NCD;16;SOL;2;d;z;
0;111;;0,055004905;;55,00490482;NCD;16;SOL;2;d;z;
0;112;;0,056252431;;56,2524305;NCD;16;SOL;2;d;z;
0;1;;0,021074502;;21,07450244;NCD;16;SOL;2;d;z001;
0;2;;0,034336913;;34,33691267;NCD;16;SOL;2;d;z001;
0;3;;0,040739535;;40,73953497;NCD;16;SOL;2;d;z001;
0;4;;0,034053078;;34,05307773;NCD;16;SOL;2;d;z001;
0;5;;0,031145315;;31,14531498;NCD;16;SOL;2;d;z001;
0;6;;0,025291501;;25,29150112;NCD;16;SOL;2;d;z001;
0;7;;0,033271222;;33,2712225;NCD;16;SOL;2;d;z001;
0;8;;0,030577644;;30,57764378;NCD;16;SOL;2;d;z001;
0;9;;0,034696041;;34,6960415;NCD;16;SOL;2;d;z001;
0;10;;0,033970219;;33,97021873;NCD;16;SOL;2;d;z001;
0;11;;0,029397626;;29,39762621;NCD;16;SOL;2;d;z001;
0;12;;0,028439098;;28,43909781;NCD;16;SOL;2;d;z001;
0;13;;0,033418214;;33,41821376;NCD;16;SOL;2;d;z001;
0;14;;0,032615304;;32,61530419;NCD;16;SOL;2;d;z001;
0;15;;0,0339944;;33,99439989;NCD;16;SOL;2;d;z001;
0;16;;0,033517081;;33,51708119;NCD;16;SOL;2;d;z001;
0;17;;0,039050208;;39,05020794;NCD;16;SOL;2;d;z001;
0;18;;0,038518824;;38,51882401;NCD;16;SOL;2;d;z001;
0;19;;0,03474721;;34,74721042;NCD;16;SOL;2;d;z001;
0;20;;0,036066167;;36,06616735;NCD;16;SOL;2;d;z001;
0;21;;0,035356295;;35,35629528;NCD;16;SOL;2;d;z001;
0;22;;0,033659999;;33,65999873;NCD;16;SOL;2;d;z001;
0;23;;0,034208211;;34,20821125;NCD;16;SOL;2;d;z001;
0;24;;0,030746873;;30,74687253;NCD;16;SOL;2;d;z001;
0;25;;0,030855008;;30,85500794;NCD;16;SOL;2;d;z001;
0;26;;0,037598143;;37,59814345;NCD;16;SOL;2;d;z001;
0;27;;0,039592316;;39,59231608;NCD;16;SOL;2;d;z001;
0;28;;0,037246178;;37,24617762;NCD;16;SOL;2;d;z001;
0;29;;0,0422782;;42,27820037;NCD;16;SOL;2;d;z001;
0;30;;0,033467964;;33,46796388;NCD;16;SOL;2;d;z001;
0;31;;0,032068124;;32,06812385;NCD;16;SOL;2;d;z001;
0;32;;0,04020016;;40,20015974;NCD;16;SOL;2;d;z001;
0;33;;0,037852674;;37,85267375;NCD;16;SOL;2;d;z001;
0;34;;0,033841824;;33,84182394;NCD;16;SOL;2;d;z001;
0;35;;0,039460467;;39,46046682;NCD;16;SOL;2;d;z001;
0;36;;0,031360871;;31,36087092;NCD;16;SOL;2;d;z001;
0;37;;0,039806436;;39,80643649;NCD;16;SOL;2;d;z001;
0;38;;0,038709026;;38,70902583;NCD;16;SOL;2;d;z001;
0;39;;0,032277688;;32,27768778;NCD;16;SOL;2;d;z001;
0;40;;0,036258575;;36,25857523;NCD;16;SOL;2;d;z001;
0;41;;0,033660006;;33,66000601;NCD;16;SOL;2;d;z001;
0;42;;0,03943901;;39,43900976;NCD;16;SOL;2;d;z001;
0;43;;0,043346458;;43,34645817;NCD;16;SOL;2;d;z001;
0;44;;0,044318993;;44,31899288;NCD;16;SOL;2;d;z001;
0;45;;0,041702063;;41,70206274;NCD;16;SOL;2;d;z001;
0;46;;0,039909121;;39,90912109;NCD;16;SOL;2;d;z001;
0;47;;0,032371501;;32,37150079;NCD;16;SOL;2;d;z001;
0;48;;0,038161281;;38,16128075;NCD;16;SOL;2;d;z001;
0;49;;0,041174227;;41,17422679;NCD;16;SOL;2;d;z001;
0;50;;0,034898858;;34,89885822;NCD;16;SOL;2;d;z001;
0;51;;0,04176109;;41,76108951;NCD;16;SOL;2;d;z001;
0;52;;0,040910669;;40,91066916;NCD;16;SOL;2;d;z001;
0;53;;0,039140468;;39,1404678;NCD;16;SOL;2;d;z001;
0;54;;0,041824825;;41,82482518;NCD;16;SOL;2;d;z001;
0;55;;0,038708997;;38,70899673;NCD;16;SOL;2;d;z001;
0;56;;0,048586366;;48,5863656;NCD;16;SOL;2;d;z001;
0;57;;0,0316439;;31,64389978;NCD;16;SOL;2;d;z001;
0;58;;0,038014077;;38,01407749;NCD;16;SOL;2;d;z001;
0;59;;0,037406241;;37,40624075;NCD;16;SOL;2;d;z001;
0;60;;0,037549542;;37,54954245;NCD;16;SOL;2;d;z001;
0;61;;0,038745191;;38,74519087;NCD;16;SOL;2;d;z001;
0;62;;0,04846962;;48,4696195;NCD;16;SOL;2;d;z001;
0;63;;0,042649335;;42,6493353;NCD;16;SOL;2;d;z001;
0;64;;0,03458469;;34,58469037;NCD;16;SOL;2;d;z001;
0;65;;0,039819989;;39,81998941;NCD;16;SOL;2;d;z001;
0;66;;0,030928878;;30,92887842;NCD;16;SOL;2;d;z001;
0;67;;0,044763044;;44,76304369;NCD;16;SOL;2;d;z001;
0;68;;0,04418931;;44,18930954;NCD;16;SOL;2;d;z001;
0;69;;0,039305069;;39,30506857;NCD;16;SOL;2;d;z001;
0;70;;0,042289638;;42,28963783;NCD;16;SOL;2;d;z001;
0;71;;0,035361711;;35,36171065;NCD;16;SOL;2;d;z001;
0;72;;0,035234746;;35,23474632;NCD;16;SOL;2;d;z001;
0;73;;0,046740118;;46,74011792;NCD;16;SOL;2;d;z001;
0;74;;0,036488767;;36,48876745;NCD;16;SOL;2;d;z001;
0;75;;0,045915125;;45,91512518;NCD;16;SOL;2;d;z001;
0;76;;0,029584086;;29,58408576;NCD;16;SOL;2;d;z001;
0;77;;0,047388122;;47,3881221;NCD;16;SOL;2;d;z001;
0;78;;0,036803019;;36,80301929;NCD;16;SOL;2;d;z001;
0;79;;0,047885021;;47,8850212;NCD;16;SOL;2;d;z001;
0;80;;0,0379134;;37,91339965;NCD;16;SOL;2;d;z001;
0;81;;0,041052586;;41,05258604;NCD;16;SOL;2;d;z001;
0;82;;0,04598516;;45,98515963;NCD;16;SOL;2;d;z001;
0;83;;0,038708997;;38,70899673;NCD;16;SOL;2;d;z001;
0;84;;0,03838232;;38,38231973;NCD;16;SOL;2;d;z001;
0;85;;0,039591829;;39,59182948;NCD;16;SOL;2;d;z001;
0;86;;0,045435891;;45,43589081;NCD;16;SOL;2;d;z001;
0;87;;0,044171894;;44,17189389;NCD;16;SOL;2;d;z001;
0;88;;0,047862956;;47,86295572;NCD;16;SOL;2;d;z001;
0;89;;0,047698425;;47,69842514;NCD;16;SOL;2;d;z001;
0;90;;0,054248207;;54,24820687;NCD;16;SOL;2;d;z001;
0;91;;0,043355293;;43,35529341;NCD;16;SOL;2;d;z001;
0;92;;0,040353376;;40,35337598;NCD;16;SOL;2;d;z001;
0;93;;0,048537371;;48,5373706;NCD;16;SOL;2;d;z001;
0;94;;0,052005144;;52,00514448;NCD;16;SOL;2;d;z001;
0;95;;0,053177687;;53,17768684;NCD;16;SOL;2;d;z001;
0;96;;0,044689642;;44,68964171;NCD;16;SOL;2;d;z001;
0;97;;0,05299298;;52,99297994;NCD;16;SOL;2;d;z001;
0;98;;0,045881915;;45,88191542;NCD;16;SOL;2;d;z001;
0;99;;0,045752648;;45,75264843;NCD;16;SOL;2;d;z001;
0;100;;0,05060436;;50,60435977;NCD;16;SOL;2;d;z001;
0;101;;0,054245852;;54,24585165;NCD;16;SOL;2;d;z001;
0;1;;0,007854003;;7,854003343;NCD;16;SOL;2;i;z;
0;2;;0,007909946;;7,90994585;NCD;16;SOL;2;i;z;
0;3;;0,007854003;;7,854003343;NCD;16;SOL;2;i;z;
0;4;;0,010558292;;10,55829197;NCD;16;SOL;2;i;z;
0;5;;0,010235861;;10,23586083;NCD;16;SOL;2;i;z;
0;6;;0,013991886;;13,99188557;NCD;16;SOL;2;i;z;
0;7;;0,013358106;;13,35810602;NCD;16;SOL;2;i;z;
0;8;;0,018798765;;18,79876464;NCD;16;SOL;2;i;z;
0;9;;0,016830018;;16,83001756;NCD;16;SOL;2;i;z;
0;10;;0,022329823;;22,32982317;NCD;16;SOL;2;i;z;
0;11;;0,018432037;;18,43203677;NCD;16;SOL;2;i;z;
0;12;;0,019437656;;19,43765629;NCD;16;SOL;2;i;z;
0;13;;0,019635001;;19,63500108;NCD;16;SOL;2;i;z;
0;14;;0,023258516;;23,25851649;NCD;16;SOL;2;i;z;
0;15;;0,025805995;;25,80599539;NCD;16;SOL;2;i;z;
0;16;;0,031630197;;31,63019736;NCD;16;SOL;2;i;z;
0;17;;0,031391399;;31,39139917;NCD;16;SOL;2;i;z;
0;18;;0,026607153;;26,60715287;NCD;16;SOL;2;i;z;
0;19;;0,027192322;;27,19232223;NCD;16;SOL;2;i;z;
0;20;;0,029986257;;29,98625698;NCD;16;SOL;2;i;z;
0;21;;0,030724502;;30,72450202;NCD;16;SOL;2;i;z;
0;22;;0,02938722;;29,38722016;NCD;16;SOL;2;i;z;
0;23;;0,034908451;;34,90845141;NCD;16;SOL;2;i;z;
0;24;;0,030294002;;30,2940025;NCD;16;SOL;2;i;z;
0;25;;0,036378588;;36,37858775;NCD;16;SOL;2;i;z;
0;26;;0,032409279;;32,40927892;NCD;16;SOL;2;i;z;
0;27;;0,032537995;;32,53799514;NCD;16;SOL;2;i;z;
0;28;;0,032128629;;32,12862924;NCD;16;SOL;2;i;z;
0;29;;0,035432851;;35,43285076;NCD;16;SOL;2;i;z;
0;30;;0,034863006;;34,86300575;NCD;16;SOL;2;i;z;
0;31;;0,033774055;;33,77405546;NCD;16;SOL;2;i;z;
0;32;;0,037338673;;37,33867328;NCD;16;SOL;2;i;z;
0;33;;0,038939172;;38,93917186;NCD;16;SOL;2;i;z;
0;34;;0,038876223;;38,87622262;NCD;16;SOL;2;i;z;
0;35;;0,042048828;;42,04882828;NCD;16;SOL;2;i;z;
0;36;;0,033320233;;33,32023291;NCD;16;SOL;2;i;z;
0;37;;0,038765369;;38,76536934;NCD;16;SOL;2;i;z;
0;38;;0,035270795;;35,27079524;NCD;16;SOL;2;i;z;
0;39;;0,040391998;;40,39199848;NCD;16;SOL;2;i;z;
0;40;;0,041257552;;41,25755169;NCD;16;SOL;2;i;z;
0;41;;0,04044179;;40,44178953;NCD;16;SOL;2;i;z;
0;42;;0,034504513;;34,50451331;NCD;16;SOL;2;i;z;
0;43;;0,043670627;;43,67062703;NCD;16;SOL;2;i;z;
0;44;;0,039234356;;39,23435637;NCD;16;SOL;2;i;z;
0;45;;0,040194314;;40,19431396;NCD;16;SOL;2;i;z;
0;46;;0,033504658;;33,50465816;NCD;16;SOL;2;i;z;
0;47;;0,044880002;;44,88000195;NCD;16;SOL;2;i;z;
0;48;;0,044879998;;44,87999831;NCD;16;SOL;2;i;z;
0;49;;0,051040304;;51,04030441;NCD;16;SOL;2;i;z;
0;50;;0,042568748;;42,56874813;NCD;16;SOL;2;i;z;
0;51;;0,037248021;;37,24802131;NCD;16;SOL;2;i;z;
0;52;;0,046337737;;46,33773731;NCD;16;SOL;2;i;z;
0;1;;0,022079341;;22,07934075;NCD;16;SOL;2;i;z001;
0;2;;0,024922689;;24,92268927;NCD;16;SOL;2;i;z001;
0;3;;0,022790332;;22,79033243;NCD;16;SOL;2;i;z001;
0;4;;0,028123368;;28,12336829;NCD;16;SOL;2;i;z001;
0;5;;0,029161184;;29,16118402;NCD;16;SOL;2;i;z001;
0;6;;0,032776777;;32,77677668;NCD;16;SOL;2;i;z001;
0;7;;0,027516312;;27,51631248;NCD;16;SOL;2;i;z001;
0;8;;0,026904539;;26,90453946;NCD;16;SOL;2;i;z001;
0;9;;0,034068025;;34,0680251;NCD;16;SOL;2;i;z001;
0;10;;0,033363576;;33,36357644;NCD;16;SOL;2;i;z001;
0;11;;0,030255796;;30,25579584;NCD;16;SOL;2;i;z001;
0;12;;0,03434024;;34,34024034;NCD;16;SOL;2;i;z001;
0;13;;0,030544899;;30,54489948;NCD;16;SOL;2;i;z001;
0;14;;0,033696315;;33,69631458;NCD;16;SOL;2;i;z001;
0;15;;0,040077672;;40,07767154;NCD;16;SOL;2;i;z001;
0;16;;0,037605328;;37,60532813;NCD;16;SOL;2;i;z001;
0;17;;0,040659375;;40,65937545;NCD;16;SOL;2;i;z001;
0;18;;0,032925023;;32,92502339;NCD;16;SOL;2;i;z001;
0;19;;0,035342993;;35,34299321;NCD;16;SOL;2;i;z001;
0;20;;0,044879998;;44,87999831;NCD;16;SOL;2;i;z001;
0;21;;0,047239622;;47,23962168;NCD;16;SOL;2;i;z001;
0;22;;0,040560387;;40,5603874;NCD;16;SOL;2;i;z001;
0;23;;0,043197011;;43,19701111;NCD;16;SOL;2;i;z001;
0;24;;0,045213788;;45,21378828;NCD;16;SOL;2;i;z001;
0;25;;0,041375073;;41,375073;NCD;16;SOL;2;i;z001;
0;26;;0,042841822;;42,84182195;NCD;16;SOL;2;i;z001;
0;27;;0,047290724;;47,29072396;NCD;16;SOL;2;i;z001;
0;28;;0,047154376;;47,1543764;NCD;16;SOL;2;i;z001;
0;29;;0,042841298;;42,84129775;NCD;16;SOL;2;i;z001;
0;30;;0,057222001;;57,22200149;NCD;16;SOL;2;i;z001;
0;31;;0,063393003;;63,39300307;NCD;16;SOL;2;i;z001;
0;32;;0,053855998;;53,85599798;NCD;16;SOL;2;i;z001;
0;1;;0,029407137;;29,40713691;NCD;16;SOL;3;d;z;
0;2;;0,019111767;;19,11176708;NCD;16;SOL;3;d;z;
0;3;;0,03628474;;36,28474011;NCD;16;SOL;3;d;z;
0;4;;0,024558107;;24,55810735;NCD;16;SOL;3;d;z;
0;5;;0,028750121;;28,7501207;NCD;16;SOL;3;d;z;
0;6;;0,033329316;;33,32931572;NCD;16;SOL;3;d;z;
0;7;;0,033660006;;33,66000601;NCD;16;SOL;3;d;z;
0;8;;0,039270002;;39,27000216;NCD;16;SOL;3;d;z;
0;9;;0,036465004;;36,46500409;NCD;16;SOL;3;d;z;
0;10;;0,046445215;;46,44521513;NCD;16;SOL;3;d;z;
0;11;;0,044752502;;44,75250154;NCD;16;SOL;3;d;z;
0;12;;0,037025995;;37,02599497;NCD;16;SOL;3;d;z;
0;13;;0,044455134;;44,45513395;NCD;16;SOL;3;d;z;
0;14;;0,042664042;;42,66404194;NCD;16;SOL;3;d;z;
0;15;;0,033671479;;33,67147899;NCD;16;SOL;3;d;z;
0;16;;0,046591827;;46,59182682;NCD;16;SOL;3;d;z;
0;17;;0,04376397;;43,76397021;NCD;16;SOL;3;d;z;
0;18;;0,033147297;;33,14729707;NCD;16;SOL;3;d;z;
0;19;;0,030285203;;30,28520303;NCD;16;SOL;3;d;z;
0;20;;0,038070884;;38,07088378;NCD;16;SOL;3;d;z;
0;21;;0,042500505;;42,50050513;NCD;16;SOL;3;d;z;
0;22;;0,039270002;;39,27000216;NCD;16;SOL;3;d;z;
0;23;;0,042084241;;42,08424064;NCD;16;SOL;3;d;z;
0;24;;0,040368957;;40,36895683;NCD;16;SOL;3;d;z;
0;25;;0,040226015;;40,22601516;NCD;16;SOL;3;d;z;
0;26;;0,041383309;;41,38330878;NCD;16;SOL;3;d;z;
0;27;;0,038200242;;38,20024228;NCD;16;SOL;3;d;z;
0;28;;0,036465004;;36,46500409;NCD;16;SOL;3;d;z;
0;29;;0,040327881;;40,32788068;NCD;16;SOL;3;d;z;
0;30;;0,041418678;;41,41867787;NCD;16;SOL;3;d;z;
0;31;;0,047771359;;47,77135934;NCD;16;SOL;3;d;z;
0;32;;0,047684996;;47,68499639;NCD;16;SOL;3;d;z;
0;33;;0,04189809;;41,8980896;NCD;16;SOL;3;d;z;
0;34;;0,052987519;;52,98751936;NCD;16;SOL;3;d;z;
0;35;;0,044134367;;44,13436684;NCD;16;SOL;3;d;z;
0;36;;0,043410761;;43,41076065;NCD;16;SOL;3;d;z;
0;37;;0,040952989;;40,95298937;NCD;16;SOL;3;d;z;
0;38;;0,034817806;;34,81780607;NCD;16;SOL;3;d;z;
0;39;;0,047685025;;47,68502549;NCD;16;SOL;3;d;z;
0;40;;0,049675592;;49,67559152;NCD;16;SOL;3;d;z;
0;41;;0,040952989;;40,95298937;NCD;16;SOL;3;d;z;
0;42;;0,053294993;;53,29499254;NCD;16;SOL;3;d;z;
0;43;;0,050121761;;50,1217612;NCD;16;SOL;3;d;z;
0;44;;0,038945916;;38,94591636;NCD;16;SOL;3;d;z;
0;45;;0,038867717;;38,86771736;NCD;16;SOL;3;d;z;
0;46;;0,038147991;;38,14799129;NCD;16;SOL;3;d;z;
0;47;;0,04353968;;43,53968017;NCD;16;SOL;3;d;z;
0;48;;0,046081104;;46,08110434;NCD;16;SOL;3;d;z;
0;49;;0,051236039;;51,23603926;NCD;16;SOL;3;d;z;
0;50;;0,047777833;;47,77783315;NCD;16;SOL;3;d;z;
0;51;;0,04639987;;46,39986996;NCD;16;SOL;3;d;z;
0;52;;0,045186884;;45,18688397;NCD;16;SOL;3;d;z;
0;53;;0,043503872;;43,50387188;NCD;16;SOL;3;d;z;
0;54;;0,052064143;;52,06414315;NCD;16;SOL;3;d;z;
0;55;;0,049324;;49,32400043;NCD;16;SOL;3;d;z;
0;56;;0,034447067;;34,44706729;NCD;16;SOL;3;d;z;
0;57;;0,042000654;;42,00065388;NCD;16;SOL;3;d;z;
0;58;;0,054356002;;54,35600157;NCD;16;SOL;3;d;z;
0;59;;0,047291545;;47,2915451;NCD;16;SOL;3;d;z;
0;60;;0,048919723;;48,91972272;NCD;16;SOL;3;d;z;
0;61;;0,053294993;;53,29499254;NCD;16;SOL;3;d;z;
0;62;;0,052613419;;52,61341948;NCD;16;SOL;3;d;z;
0;63;;0,041373995;;41,37399453;NCD;16;SOL;3;d;z;
0;64;;0,050141949;;50,14194926;NCD;16;SOL;3;d;z;
0;65;;0,057330533;;57,3305334;NCD;16;SOL;3;d;z;
0;66;;0,058724551;;58,7245511;NCD;16;SOL;3;d;z;
0;67;;0,043661655;;43,66165525;NCD;16;SOL;3;d;z;
0;68;;0,054978009;;54,97800885;NCD;16;SOL;3;d;z;
0;1;;0,029806721;;29,8067215;NCD;16;SOL;3;d;z001;
0;2;;0,03300732;;33,0073202;NCD;16;SOL;3;d;z001;
0;3;;0,034526692;;34,52669153;NCD;16;SOL;3;d;z001;
0;4;;0,037020112;;37,02011189;NCD;16;SOL;3;d;z001;
0;5;;0,021468798;;21,46879804;NCD;16;SOL;3;d;z001;
0;6;;0,036739909;;36,73990878;NCD;16;SOL;3;d;z001;
0;7;;0,029728167;;29,72816693;NCD;16;SOL;3;d;z001;
0;8;;0,022649299;;22,64929916;NCD;16;SOL;3;d;z001;
0;9;;0,03662948;;36,62948026;NCD;16;SOL;3;d;z001;
0;10;;0,04158272;;41,58271982;NCD;16;SOL;3;d;z001;
0;11;;0,035801206;;35,80120644;NCD;16;SOL;3;d;z001;
0;12;;0,043112876;;43,11287562;NCD;16;SOL;3;d;z001;
0;13;;0,034044198;;34,04419814;NCD;16;SOL;3;d;z001;
0;14;;0,035954844;;35,95484417;NCD;16;SOL;3;d;z001;
0;15;;0,041593271;;41,59327059;NCD;16;SOL;3;d;z001;
0;16;;0,042745317;;42,74531653;NCD;16;SOL;3;d;z001;
0;17;;0,039068168;;39,06816824;NCD;16;SOL;3;d;z001;
0;18;;0,041622607;;41,62260719;NCD;16;SOL;3;d;z001;
0;19;;0,040771651;;40,77165088;NCD;16;SOL;3;d;z001;
0;20;;0,039096807;;39,09680688;NCD;16;SOL;3;d;z001;
0;21;;0,038355293;;38,35529304;NCD;16;SOL;3;d;z001;
0;22;;0,042636006;;42,63600567;NCD;16;SOL;3;d;z001;
0;23;;0,041150844;;41,15084372;NCD;16;SOL;3;d;z001;
0;24;;0,045855967;;45,85596664;NCD;16;SOL;3;d;z001;
0;25;;0,040456205;;40,45620465;NCD;16;SOL;3;d;z001;
0;26;;0,036642729;;36,64272869;NCD;16;SOL;3;d;z001;
0;27;;0,046562986;;46,56298552;NCD;16;SOL;3;d;z001;
0;28;;0,042633729;;42,63372856;NCD;16;SOL;3;d;z001;
0;29;;0,040065715;;40,06571477;NCD;16;SOL;3;d;z001;
0;30;;0,039684877;;39,68487664;NCD;16;SOL;3;d;z001;
0;31;;0,043740984;;43,74098352;NCD;16;SOL;3;d;z001;
0;32;;0,04186617;;41,86617048;NCD;16;SOL;3;d;z001;
0;33;;0,036262967;;36,26296707;NCD;16;SOL;3;d;z001;
0;34;;0,041204046;;41,20404572;NCD;16;SOL;3;d;z001;
0;35;;0,046778367;;46,77836725;NCD;16;SOL;3;d;z001;
0;36;;0,038738601;;38,73860086;NCD;16;SOL;3;d;z001;
0;37;;0,039889084;;39,88908436;NCD;16;SOL;3;d;z001;
0;38;;0,040598036;;40,59803608;NCD;16;SOL;3;d;z001;
0;39;;0,053872719;;53,8727186;NCD;16;SOL;3;d;z001;
0;40;;0,046562986;;46,56298552;NCD;16;SOL;3;d;z001;
0;41;;0,036705107;;36,70510717;NCD;16;SOL;3;d;z001;
0;42;;0,041799341;;41,79934059;NCD;16;SOL;3;d;z001;
0;43;;0,050046938;;50,04693843;NCD;16;SOL;3;d;z001;
0;44;;0,048136947;;48,13694729;NCD;16;SOL;3;d;z001;
0;45;;0,045340773;;45,34077343;NCD;16;SOL;3;d;z001;
0;46;;0,034953966;;34,95396579;NCD;16;SOL;3;d;z001;
0;47;;0,047025222;;47,02522165;NCD;16;SOL;3;d;z001;
0;48;;0,053297509;;53,29750894;NCD;16;SOL;3;d;z001;
0;49;;0,041914501;;41,91450149;NCD;16;SOL;3;d;z001;
0;50;;0,046668212;;46,66821203;NCD;16;SOL;3;d;z001;
0;51;;0,052733998;;52,73399802;NCD;16;SOL;3;d;z001;
0;52;;0,043577716;;43,5777158;NCD;16;SOL;3;d;z001;
0;53;;0,053855998;;53,85599798;NCD;16;SOL;3;d;z001;
0;54;;0,051053401;;51,05340134;NCD;16;SOL;3;d;z001;
0;55;;0,043906171;;43,90617053;NCD;16;SOL;3;d;z001;
0;1;;0,035922489;;35,92248904;NCD;16;SOL;3;d;z002;
0;2;;0,029732997;;29,73299706;NCD;16;SOL;3;d;z002;
0;3;;0,035919237;;35,91923735;NCD;16;SOL;3;d;z002;
0;4;;0,03765187;;37,6518699;NCD;16;SOL;3;d;z002;
0;5;;0,03275326;;32,75325972;NCD;16;SOL;3;d;z002;
0;6;;0,040953004;;40,95300392;NCD;16;SOL;3;d;z002;
0;7;;0,033660006;;33,66000601;NCD;16;SOL;3;d;z002;
0;8;;0,030854979;;30,85497883;NCD;16;SOL;3;d;z002;
0;9;;0,038147991;;38,14799129;NCD;16;SOL;3;d;z002;
0;10;;0,041457024;;41,45702388;NCD;16;SOL;3;d;z002;
0;11;;0,044846825;;44,84682515;NCD;16;SOL;3;d;z002;
0;12;;0,045441004;;45,44100375;NCD;16;SOL;3;d;z002;
0;13;;0,037025995;;37,02599497;NCD;16;SOL;3;d;z002;
0;14;;0,034782002;;34,78200233;NCD;16;SOL;3;d;z002;
0;15;;0,038204362;;38,20436152;NCD;16;SOL;3;d;z002;
0;16;;0,029732997;;29,73299706;NCD;16;SOL;3;d;z002;
0;17;;0,038902744;;38,90274393;NCD;16;SOL;3;d;z002;
0;18;;0,030855008;;30,85500794;NCD;16;SOL;3;d;z002;
0;19;;0,050356933;;50,35693331;NCD;16;SOL;3;d;z002;
0;20;;0,05370555;;53,70554967;NCD;16;SOL;3;d;z002;
0;21;;0,050261662;;50,26166212;NCD;16;SOL;3;d;z002;
0;22;;0,04628016;;46,28016035;NCD;16;SOL;3;d;z002;
0;23;;0,038982683;;38,98268314;NCD;16;SOL;3;d;z002;
0;24;;0,046807201;;46,80720146;NCD;16;SOL;3;d;z002;
0;25;;0,06250127;;62,50127029;NCD;16;SOL;3;d;z002;
0;26;;0,044741127;;44,74112659;NCD;16;SOL;3;d;z002;
0;27;;0,044319001;;44,31900106;NCD;16;SOL;3;d;z002;
0;28;;0,049180505;;49,18050482;NCD;16;SOL;3;d;z002;
0;29;;0,039830978;;39,83097849;NCD;16;SOL;3;d;z002;
0;30;;0,060434275;;60,43427473;NCD;16;SOL;3;d;z002;
0;31;;0,058344012;;58,34401236;NCD;16;SOL;3;d;z002;
0;32;;0,053514609;;53,51460907;NCD;16;SOL;3;d;z002;
0;33;;0,049845362;;49,84536162;NCD;16;SOL;3;d;z002;
0;34;;0,060793397;;60,79339673;NCD;16;SOL;3;d;z002;
0;35;;0,047684996;;47,68499639;NCD;16;SOL;3;d;z002;
0;36;;0,051050985;;51,05098535;NCD;16;SOL;3;d;z002;
0;37;;0,057490474;;57,49047363;NCD;16;SOL;3;d;z002;
0;38;;0,050533189;;50,53318851;NCD;16;SOL;3;d;z002;
0;39;;0,053424559;;53,42455934;NCD;16;SOL;3;d;z002;
0;40;;0,042075;;42,07500024;NCD;16;SOL;3;d;z002;
0;41;;0,053486017;;53,48601724;NCD;16;SOL;3;d;z002;
0;42;;0,04968194;;49,68194017;NCD;16;SOL;3;d;z002;
0;43;;0,051640282;;51,64028249;NCD;16;SOL;3;d;z002;
0;44;;0,038752496;;38,75249563;NCD;16;SOL;3;d;z002;
0;45;;0,047216815;;47,21681473;NCD;16;SOL;3;d;z002;
0;46;;0,070124996;;70,12499555;NCD;16;SOL;3;d;z002;
0;47;;0,071719168;;71,71916842;NCD;16;SOL;3;d;z002;
0;48;;0,068715325;;68,71532488;NCD;16;SOL;3;d;z002;
0;49;;0,049073348;;49,07334844;NCD;16;SOL;3;d;z002;
0;50;;0,059358464;;59,35846405;NCD;16;SOL;3;d;z002;
0;51;;0,065626458;;65,62645759;NCD;16;SOL;3;d;z002;
0;52;;0,063393003;;63,39300307;NCD;16;SOL;3;d;z002;
0;53;;0,067562185;;67,56218541;NCD;16;SOL;3;d;z002;
0;54;;0,041405143;;41,40514349;NCD;16;SOL;3;d;z002;
0;1;;0,026426817;;26,42681686;NCD;16;SOL;3;i;z;
0;2;;0,022950282;;22,95028248;NCD;16;SOL;3;i;z;
0;3;;0,024123001;;24,12300091;NCD;16;SOL;3;i;z;
0;4;;0,023561995;;23,56199548;NCD;16;SOL;3;i;z;
0;5;;0,022768221;;22,76822121;NCD;16;SOL;3;i;z;
0;6;;0,02685906;;26,85905975;NCD;16;SOL;3;i;z;
0;7;;0,026974719;;26,97471876;NCD;16;SOL;3;i;z;
0;8;;0,021892257;;21,89225699;NCD;16;SOL;3;i;z;
0;9;;0,028049995;;28,04999531;NCD;16;SOL;3;i;z;
0;10;;0,02159438;;21,59437983;NCD;16;SOL;3;i;z;
0;11;;0,030757459;;30,75745901;NCD;16;SOL;3;i;z;
0;12;;0,025058356;;25,05835619;NCD;16;SOL;3;i;z;
0;13;;0,021817796;;21,81779563;NCD;16;SOL;3;i;z;
0;14;;0,031306956;;31,30695563;NCD;16;SOL;3;i;z;
0;15;;0,027107916;;27,10791623;NCD;16;SOL;3;i;z;
0;16;;0,03430382;;34,30381962;NCD;16;SOL;3;i;z;
0;17;;0,03539014;;35,39014027;NCD;16;SOL;3;i;z;
0;18;;0,025784659;;25,78465938;NCD;16;SOL;3;i;z;
0;19;;0,025736615;;25,7366147;NCD;16;SOL;3;i;z;
0;20;;0,035903999;;35,90399865;NCD;16;SOL;3;i;z;
0;21;;0,028611001;;28,61100074;NCD;16;SOL;3;i;z;
0;22;;0,025139453;;25,13945254;NCD;16;SOL;3;i;z;
0;23;;0,026928014;;26,92801354;NCD;16;SOL;3;i;z;
0;24;;0,036936119;;36,93611883;NCD;16;SOL;3;i;z;
0;25;;0,033606083;;33,60608327;NCD;16;SOL;3;i;z;
0;26;;0,036127695;;36,12769523;NCD;16;SOL;3;i;z;
0;27;;0,036886389;;36,88638865;NCD;16;SOL;3;i;z;
0;28;;0,024105896;;24,1058964;NCD;16;SOL;3;i;z;
0;29;;0,026156844;;26,15684399;NCD;16;SOL;3;i;z;
0;30;;0,035175928;;35,17592831;NCD;16;SOL;3;i;z;
0;31;;0,033667882;;33,66788179;NCD;16;SOL;3;i;z;
0;32;;0,035229305;;35,22930454;NCD;16;SOL;3;i;z;
0;33;;0,032866193;;32,86619345;NCD;16;SOL;3;i;z;
0;34;;0,029989619;;29,98961917;NCD;16;SOL;3;i;z;
0;35;;0,036721942;;36,72194172;NCD;16;SOL;3;i;z;
0;36;;0,036929263;;36,92926316;NCD;16;SOL;3;i;z;
0;37;;0,040268222;;40,26822151;NCD;16;SOL;3;i;z;
0;38;;0,033384101;;33,38410144;NCD;16;SOL;3;i;z;
0;39;;0,032537995;;32,53799514;NCD;16;SOL;3;i;z;
0;40;;0,034674809;;34,67480914;NCD;16;SOL;3;i;z;
0;41;;0,033099001;;33,09900058;NCD;16;SOL;3;i;z;
0;42;;0,038148006;;38,14800584;NCD;16;SOL;3;i;z;
0;43;;0,033099001;;33,09900058;NCD;16;SOL;3;i;z;
0;44;;0,042842199;;42,84219948;NCD;16;SOL;3;i;z;
0;45;;0,03728858;;37,28858046;NCD;16;SOL;3;i;z;
0;46;;0,034115096;;34,11509563;NCD;16;SOL;3;i;z;
0;47;;0,043134448;;43,13444836;NCD;16;SOL;3;i;z;
0;48;;0,047711215;;47,71121516;NCD;16;SOL;3;i;z;
0;49;;0,046125331;;46,12533057;NCD;16;SOL;3;i;z;
0;50;;0,042897035;;42,89703485;NCD;16;SOL;3;i;z;
0;51;;0,040065394;;40,06539383;NCD;16;SOL;3;i;z;
0;52;;0,044559089;;44,55908942;NCD;16;SOL;3;i;z;
0;53;;0,045537767;;45,53776697;NCD;16;SOL;3;i;z;
0;54;;0,040548276;;40,54827609;NCD;16;SOL;3;i;z;
0;55;;0,049139796;;49,13979646;NCD;16;SOL;3;i;z;
0;1;;0,009134518;;9,134518495;HFD;8;FDB;1;i;z;
0;2;;0,012589603;;12,58960255;HFD;8;FDB;1;i;z;
0;3;;0,010098003;;10,09800326;HFD;8;FDB;1;i;z;
0;4;;0,010710563;;10,71056273;HFD;8;FDB;1;i;z;
0;5;;0,013959453;;13,95945333;HFD;8;FDB;1;i;z;
0;6;;0,013493345;;13,49334544;HFD;8;FDB;1;i;z;
0;7;;0,013464014;;13,46401405;HFD;8;FDB;1;i;z;
0;8;;0,015749632;;15,74963153;HFD;8;FDB;1;i;z;
0;9;;0,013694627;;13,69462734;HFD;8;FDB;1;i;z;
0;10;;0,014271583;;14,27158259;HFD;8;FDB;1;i;z;
0;11;;0,018844709;;18,84470921;HFD;8;FDB;1;i;z;
0;12;;0,01471011;;14,71010957;HFD;8;FDB;1;i;z;
0;13;;0,01296944;;12,96943993;HFD;8;FDB;1;i;z;
0;14;;0,014388779;;14,38877895;HFD;8;FDB;1;i;z;
0;15;;0,016350991;;16,35099103;HFD;8;FDB;1;i;z;
0;16;;0,01577592;;15,77591956;HFD;8;FDB;1;i;z;
0;17;;0,017208765;;17,20876491;HFD;8;FDB;1;i;z;
0;18;;0,017326831;;17,32683087;HFD;8;FDB;1;i;z;
0;19;;0,015055443;;15,05544269;HFD;8;FDB;1;i;z;
0;20;;0,010537258;;10,53725773;HFD;8;FDB;1;i;z;
0;21;;0,020756997;;20,7569974;HFD;8;FDB;1;i;z;
0;22;;0,016202653;;16,20265332;HFD;8;FDB;1;i;z;
0;23;;0,016898599;;16,89859857;HFD;8;FDB;1;i;z;
0;24;;0,011062772;;11,06277239;HFD;8;FDB;1;i;z;
0;25;;0,014642113;;14,64211307;HFD;8;FDB;1;i;z;
0;26;;0,015147001;;15,14700125;HFD;8;FDB;1;i;z;
0;27;;0,015470805;;15,4708054;HFD;8;FDB;1;i;z;
0;28;;0,01480069;;14,80068963;HFD;8;FDB;1;i;z;
0;29;;0,016830003;;16,83000301;HFD;8;FDB;1;i;z;
0;30;;0,020195992;;20,19599197;HFD;8;FDB;1;i;z;
0;31;;0,01914433;;19,1443304;HFD;8;FDB;1;i;z;
0;32;;0,015470795;;15,47079512;HFD;8;FDB;1;i;z;
0;33;;0,018336024;;18,33602358;HFD;8;FDB;1;i;z;
0;34;;0,018972414;;18,97241381;HFD;8;FDB;1;i;z;
0;35;;0,018250889;;18,25088946;HFD;8;FDB;1;i;z;
0;36;;0,019939257;;19,93925706;HFD;8;FDB;1;i;z;
0;37;;0,017019291;;17,01929051;HFD;8;FDB;1;i;z;
0;38;;0,022439985;;22,4399846;HFD;8;FDB;1;i;z;
0;39;;0,016269012;;16,26901212;HFD;8;FDB;1;i;z;
0;40;;0,017068972;;17,06897246;HFD;8;FDB;1;i;z;
0;41;;0,019012141;;19,01214102;HFD;8;FDB;1;i;z;
0;42;;0,014710106;;14,71010634;HFD;8;FDB;1;i;z;
0;43;;0,016268998;;16,26899757;HFD;8;FDB;1;i;z;
0;44;;0,017471721;;17,47172067;HFD;8;FDB;1;i;z;
0;45;;0,021585708;;21,58570849;HFD;8;FDB;1;i;z;
0;46;;0,020756997;;20,7569974;HFD;8;FDB;1;i;z;
0;47;;0,015554997;;15,55499734;HFD;8;FDB;1;i;z;
0;48;;0,023007858;;23,00785759;HFD;8;FDB;1;i;z;
0;49;;0,015867491;;15,86749101;HFD;8;FDB;1;i;z;
0;50;;0,01930041;;19,30040981;HFD;8;FDB;1;i;z;
0;51;;0,016626646;;16,62664598;HFD;8;FDB;1;i;z;
0;52;;0,021518486;;21,51848634;HFD;8;FDB;1;i;z;
0;53;;0,024032279;;24,03227887;HFD;8;FDB;1;i;z;
0;54;;0,020572724;;20,57272393;HFD;8;FDB;1;i;z;
0;55;;0,019437682;;19,43768202;HFD;8;FDB;1;i;z;
0;56;;0,024683999;;24,68399907;HFD;8;FDB;1;i;z;
0;57;;0,014875843;;14,87584283;HFD;8;FDB;1;i;z;
0;58;;0,024986643;;24,98664274;HFD;8;FDB;1;i;z;
0;59;;0,015458302;;15,45830158;HFD;8;FDB;1;i;z;
0;60;;0,019893296;;19,89329584;HFD;8;FDB;1;i;z;
0;61;;0,022611167;;22,61116684;HFD;8;FDB;1;i;z;
0;62;;0,023001005;;23,00100459;HFD;8;FDB;1;i;z;
0;63;;0,021292724;;21,2927242;HFD;8;FDB;1;i;z;
0;64;;0,026225096;;26,22509615;HFD;8;FDB;1;i;z;
0;65;;0,024123001;;24,12300091;HFD;8;FDB;1;i;z;
0;66;;0,025806017;;25,80601722;HFD;8;FDB;1;i;z;
0;67;;0,025736591;;25,736591;HFD;8;FDB;1;i;z;
0;68;;0,018852827;;18,85282743;HFD;8;FDB;1;i;z;
0;69;;0,028658338;;28,65833751;HFD;8;FDB;1;i;z;
0;70;;0,026561888;;26,56188792;HFD;8;FDB;1;i;z;
0;71;;0,024336037;;24,33603677;HFD;8;FDB;1;i;z;
0;72;;0,026792544;;26,79254368;HFD;8;FDB;1;i;z;
0;73;;0,028561466;;28,56146632;HFD;8;FDB;1;i;z;
0;74;;0,016809421;;16,80942085;HFD;8;FDB;1;i;z;
0;75;;0,021011953;;21,01195296;HFD;8;FDB;1;i;z;
0;76;;0,022258736;;22,25873639;HFD;8;FDB;1;i;z;
0;77;;0,023389197;;23,3891973;HFD;8;FDB;1;i;z;
0;78;;0,027343266;;27,34326587;HFD;8;FDB;1;i;z;
0;79;;0,016307646;;16,30764559;HFD;8;FDB;1;i;z;
0;80;;0,024197909;;24,19790925;HFD;8;FDB;1;i;z;
0;81;;0,02086431;;20,86430954;HFD;8;FDB;1;i;z;
0;82;;0,019040986;;19,04098612;HFD;8;FDB;1;i;z;
0;83;;0,028958152;;28,95815193;HFD;8;FDB;1;i;z;
0;84;;0,029604653;;29,60465262;HFD;8;FDB;1;i;z;
0;85;;0,023414771;;23,41477054;HFD;8;FDB;1;i;z;
0;86;;0,026410928;;26,41092805;HFD;8;FDB;1;i;z;
0;87;;0,029728636;;29,72863603;HFD;8;FDB;1;i;z;
0;88;;0,022541838;;22,54183784;HFD;8;FDB;1;i;z;
0;89;;0,029925269;;29,92526939;HFD;8;FDB;1;i;z;
0;90;;0,029714512;;29,71451192;HFD;8;FDB;1;i;z;
0;91;;0,028000458;;28,00045786;HFD;8;FDB;1;i;z;
0;92;;0,027007509;;27,00750919;HFD;8;FDB;1;i;z;
0;93;;0,03445841;;34,45841013;HFD;8;FDB;1;i;z;
0;94;;0,026092239;;26,0922388;HFD;8;FDB;1;i;z;
0;95;;0,023102767;;23,10276702;HFD;8;FDB;1;i;z;
0;96;;0,028586012;;28,58601228;HFD;8;FDB;1;i;z;
0;97;;0,025659178;;25,65917782;HFD;8;FDB;1;i;z;
0;98;;0,029171999;;29,1719989;HFD;8;FDB;1;i;z;
0;99;;0,026601798;;26,60179828;HFD;8;FDB;1;i;z;
0;100;;0,034782017;;34,78201688;HFD;8;FDB;1;i;z;
0;101;;0,028610986;;28,61098619;HFD;8;FDB;1;i;z;
0;102;;0,035552235;;35,5522347;HFD;8;FDB;1;i;z;
0;103;;0,03528235;;35,28235025;HFD;8;FDB;1;i;z;
0;104;;0,03270131;;32,7013099;HFD;8;FDB;1;i;z;
0;105;;0,03104486;;31,04486021;HFD;8;FDB;1;i;z;
0;106;;0,029168153;;29,16815276;HFD;8;FDB;1;i;z;
0;107;;0,037805755;;37,80575528;HFD;8;FDB;1;i;z;
0;108;;0,03287704;;32,87703969;HFD;8;FDB;1;i;z;
0;109;;0,026998795;;26,99879505;HFD;8;FDB;1;i;z;
0;110;;0,038378453;;38,37845316;HFD;8;FDB;1;i;z;
0;111;;0,037808291;;37,80829134;HFD;8;FDB;1;i;z;
0;1;;0,012342003;;12,34200317;HFD;8;FDB;1;i;z001;
0;2;;0,013487362;;13,48736195;HFD;8;FDB;1;i;z001;
0;3;;0,009206958;;9,206957675;HFD;8;FDB;1;i;z001;
0;4;;0,013463999;;13,46399949;HFD;8;FDB;1;i;z001;
0;5;;0,012902994;;12,90299406;HFD;8;FDB;1;i;z001;
0;6;;0,013090692;;13,09069179;HFD;8;FDB;1;i;z001;
0;7;;0,012700482;;12,70048248;HFD;8;FDB;1;i;z001;
0;8;;0,010887928;;10,88792817;HFD;8;FDB;1;i;z001;
0;9;;0,015470795;;15,47079512;HFD;8;FDB;1;i;z001;
0;10;;0,013499392;;13,49939243;HFD;8;FDB;1;i;z001;
0;11;;0,017391023;;17,39102299;HFD;8;FDB;1;i;z001;
0;12;;0,017562094;;17,5620935;HFD;8;FDB;1;i;z001;
0;13;;0,014755519;;14,75551943;HFD;8;FDB;1;i;z001;
0;14;;0,015887971;;15,88797061;HFD;8;FDB;1;i;z001;
0;15;;0,016863429;;16,86342905;HFD;8;FDB;1;i;z001;
0;16;;0,016658183;;16,65818274;HFD;8;FDB;1;i;z001;
0;17;;0,017951999;;17,95199933;HFD;8;FDB;1;i;z001;
0;18;;0,019073996;;19,07399565;HFD;8;FDB;1;i;z001;
0;19;;0,018386399;;18,3863988;HFD;8;FDB;1;i;z001;
0;20;;0,015736673;;15,73667265;HFD;8;FDB;1;i;z001;
0;21;;0,015470805;;15,4708054;HFD;8;FDB;1;i;z001;
0;22;;0,01823593;;18,23593046;HFD;8;FDB;1;i;z001;
0;23;;0,016143577;;16,14357712;HFD;8;FDB;1;i;z001;
0;24;;0,015707992;;15,70799213;HFD;8;FDB;1;i;z001;
0;25;;0,016269012;;16,26901212;HFD;8;FDB;1;i;z001;
0;26;;0,015867486;;15,86748586;HFD;8;FDB;1;i;z001;
0;27;;0,017446824;;17,4468245;HFD;8;FDB;1;i;z001;
0;28;;0,016767803;;16,76780296;HFD;8;FDB;1;i;z001;
0;29;;0,020757027;;20,7570265;HFD;8;FDB;1;i;z001;
0;30;;0,019635001;;19,63500108;HFD;8;FDB;1;i;z001;
0;31;;0,017753463;;17,7534625;HFD;8;FDB;1;i;z001;
0;32;;0,020757005;;20,75700468;HFD;8;FDB;1;i;z001;
0;33;;0,018513005;;18,51300476;HFD;8;FDB;1;i;z001;
0;34;;0,023001005;;23,00100459;HFD;8;FDB;1;i;z001;
0;35;;0,021421115;;21,42111518;HFD;8;FDB;1;i;z001;
0;36;;0,021497012;;21,49701234;HFD;8;FDB;1;i;z001;
0;37;;0,019635001;;19,63500108;HFD;8;FDB;1;i;z001;
0;38;;0,019192224;;19,19222442;HFD;8;FDB;1;i;z001;
0;39;;0,019705627;;19,70562655;HFD;8;FDB;1;i;z001;
0;40;;0,022738279;;22,73827888;HFD;8;FDB;1;i;z001;
0;41;;0,024072497;;24,07249725;HFD;8;FDB;1;i;z001;
0;42;;0,01907401;;19,0740102;HFD;8;FDB;1;i;z001;
0;43;;0,021325385;;21,32538519;HFD;8;FDB;1;i;z001;
0;44;;0,023001005;;23,00100459;HFD;8;FDB;1;i;z001;
0;45;;0,02748899;;27,48898987;HFD;8;FDB;1;i;z001;
0;46;;0,025576955;;25,57695532;HFD;8;FDB;1;i;z001;
0;47;;0,027355209;;27,35520877;HFD;8;FDB;1;i;z001;
0;48;;0,027712882;;27,71288186;HFD;8;FDB;1;i;z001;
0;49;;0,027939047;;27,93904703;HFD;8;FDB;1;i;z001;
0;50;;0,028147471;;28,14747145;HFD;8;FDB;1;i;z001;
0;51;;0,027893602;;27,89360186;HFD;8;FDB;1;i;z001;
0;52;;0,020037161;;20,03716122;HFD;8;FDB;1;i;z001;
0;53;;0,029733001;;29,7330007;HFD;8;FDB;1;i;z001;
0;54;;0,029604656;;29,60465587;HFD;8;FDB;1;i;z001;
0;55;;0,03054491;;30,54490977;HFD;8;FDB;1;i;z001;
0;56;;0,028522043;;28,52204317;HFD;8;FDB;1;i;z001;
0;57;;0,021547433;;21,54743281;HFD;8;FDB;1;i;z001;
0;58;;0,025199138;;25,19913783;HFD;8;FDB;1;i;z001;
0;59;;0,026932179;;26,93217851;HFD;8;FDB;1;i;z001;
0;60;;0,03145782;;31,45781988;HFD;8;FDB;1;i;z001;
0;61;;0,026471933;;26,47193336;HFD;8;FDB;1;i;z001;
0;62;;0,031977004;;31,97700426;HFD;8;FDB;1;i;z001;
0;63;;0,03146739;;31,46739002;HFD;8;FDB;1;i;z001;
0;64;;0,031415999;;31,41599882;HFD;8;FDB;1;i;z001;
0;65;;0,030474828;;30,47482841;HFD;8;FDB;1;i;z001;
0;66;;0,029855548;;29,85554838;HFD;8;FDB;1;i;z001;
0;67;;0,031056609;;31,05660948;HFD;8;FDB;1;i;z001;
0;68;;0,03123901;;31,23900996;HFD;8;FDB;1;i;z001;
0;69;;0,032333446;;32,33344562;HFD;8;FDB;1;i;z001;
0;70;;0,035342993;;35,34299321;HFD;8;FDB;1;i;z001;
0;71;;0,034371516;;34,37151598;HFD;8;FDB;1;i;z001;
0;72;;0,037990135;;37,99013502;HFD;8;FDB;1;i;z001;
0;73;;0,034217711;;34,21771112;HFD;8;FDB;1;i;z001;
0;74;;0,033761702;;33,76170189;HFD;8;FDB;1;i;z001;
0;75;;0,034441722;;34,44172193;HFD;8;FDB;1;i;z001;
0;76;;0,037298843;;37,29884267;HFD;8;FDB;1;i;z001;
0;77;;0,037883925;;37,88392492;HFD;8;FDB;1;i;z001;
0;78;;0,035235457;;35,23545695;HFD;8;FDB;1;i;z001;
0;79;;0,038147991;;38,14799129;HFD;8;FDB;1;i;z001;
0;80;;0,040357379;;40,35737913;HFD;8;FDB;1;i;z001;
0;81;;0,03741054;;37,41053979;HFD;8;FDB;1;i;z001;
0;82;;0,038286276;;38,28627571;HFD;8;FDB;1;i;z001;
0;83;;0,040391998;;40,39199848;HFD;8;FDB;1;i;z001;
0;84;;0,038751847;;38,75184667;HFD;8;FDB;1;i;z001;
0;85;;0,039225958;;39,22595787;HFD;8;FDB;1;i;z001;
0;86;;0,037598647;;37,59864706;HFD;8;FDB;1;i;z001;
0;87;;0,041898107;;41,8981075;HFD;8;FDB;1;i;z001;
0;88;;0,038692371;;38,69237079;HFD;8;FDB;1;i;z001;
0;89;;0,038816416;;38,81641582;HFD;8;FDB;1;i;z001;
0;90;;0,051611976;;51,61197623;HFD;8;FDB;1;i;z001;
0;1;;0,010097996;;10,09799598;HFD;8;FDB;2;i;z;
0;2;;0,014563789;;14,56378934;HFD;8;FDB;2;i;z;
0;3;;0,016268983;;16,26898302;HFD;8;FDB;2;i;z;
0;4;;0,016830003;;16,83000301;HFD;8;FDB;2;i;z;
0;5;;0,015304115;;15,30411459;HFD;8;FDB;2;i;z;
0;6;;0,018445429;;18,44542941;HFD;8;FDB;2;i;z;
0;7;;0,021024424;;21,02442443;HFD;8;FDB;2;i;z;
0;8;;0,015766568;;15,76656812;HFD;8;FDB;2;i;z;
0;9;;0,016730145;;16,73014513;HFD;8;FDB;2;i;z;
0;10;;0,014152453;;14,15245284;HFD;8;FDB;2;i;z;
0;11;;0,015361681;;15,36168051;HFD;8;FDB;2;i;z;
0;12;;0,017429818;;17,42981778;HFD;8;FDB;2;i;z;
0;13;;0,021546254;;21,54625419;HFD;8;FDB;2;i;z;
0;14;;0,019073981;;19,07398109;HFD;8;FDB;2;i;z;
0;15;;0,022214476;;22,21447609;HFD;8;FDB;2;i;z;
0;16;;0,019720533;;19,72053292;HFD;8;FDB;2;i;z;
0;17;;0,020195992;;20,19599197;HFD;8;FDB;2;i;z;
0;18;;0,022394333;;22,39433282;HFD;8;FDB;2;i;z;
0;19;;0,022439999;;22,43999916;HFD;8;FDB;2;i;z;
0;20;;0,020627734;;20,62773368;HFD;8;FDB;2;i;z;
0;21;;0,021161869;;21,1618688;HFD;8;FDB;2;i;z;
0;22;;0,022600279;;22,60027861;HFD;8;FDB;2;i;z;
0;23;;0,02197972;;21,97972017;HFD;8;FDB;2;i;z;
0;24;;0,021773451;;21,77345061;HFD;8;FDB;2;i;z;
0;25;;0,017562085;;17,56208537;HFD;8;FDB;2;i;z;
0;26;;0,024123001;;24,12300091;HFD;8;FDB;2;i;z;
0;27;;0,020756997;;20,7569974;HFD;8;FDB;2;i;z;
0;28;;0,024928297;;24,92829708;HFD;8;FDB;2;i;z;
0;29;;0,022439985;;22,4399846;HFD;8;FDB;2;i;z;
0;30;;0,024570156;;24,57015608;HFD;8;FDB;2;i;z;
0;31;;0,023561995;;23,56199548;HFD;8;FDB;2;i;z;
0;32;;0,016973077;;16,97307661;HFD;8;FDB;2;i;z;
0;33;;0,027411314;;27,41131378;HFD;8;FDB;2;i;z;
0;34;;0,026566392;;26,56639222;HFD;8;FDB;2;i;z;
0;35;;0,023571636;;23,5716362;HFD;8;FDB;2;i;z;
0;36;;0,024884671;;24,8846713;HFD;8;FDB;2;i;z;
0;37;;0,022484237;;22,48423673;HFD;8;FDB;2;i;z;
0;38;;0,027362786;;27,36278575;HFD;8;FDB;2;i;z;
0;39;;0,03054848;;30,54848024;HFD;8;FDB;2;i;z;
0;40;;0,024202121;;24,20212084;HFD;8;FDB;2;i;z;
0;41;;0,027489004;;27,48900442;HFD;8;FDB;2;i;z;
0;42;;0,020195992;;20,19599197;HFD;8;FDB;2;i;z;
0;43;;0,021155488;;21,15548787;HFD;8;FDB;2;i;z;
0;44;;0,026730856;;26,73085607;HFD;8;FDB;2;i;z;
0;45;;0,030535682;;30,53568243;HFD;8;FDB;2;i;z;
0;46;;0,029464332;;29,46433238;HFD;8;FDB;2;i;z;
0;47;;0,035343008;;35,34300777;HFD;8;FDB;2;i;z;
0;48;;0,03205312;;32,05311988;HFD;8;FDB;2;i;z;
0;49;;0,026300622;;26,30062168;HFD;8;FDB;2;i;z;
0;50;;0,032735406;;32,73540618;HFD;8;FDB;2;i;z;
0;51;;0,034082635;;34,08263519;HFD;8;FDB;2;i;z;
0;52;;0,034558526;;34,55852578;HFD;8;FDB;2;i;z;
0;53;;0,033078983;;33,07898272;HFD;8;FDB;2;i;z;
0;54;;0,031337234;;31,33723432;HFD;8;FDB;2;i;z;
0;55;;0,031391084;;31,39108363;HFD;8;FDB;2;i;z;
0;56;;0,03702601;;37,02600952;HFD;8;FDB;2;i;z;
0;57;;0,032479784;;32,47978369;HFD;8;FDB;2;i;z;
0;58;;0,035121355;;35,12135452;HFD;8;FDB;2;i;z;
0;59;;0,032611707;;32,61170697;HFD;8;FDB;2;i;z;
0;60;;0,029562866;;29,56286558;HFD;8;FDB;2;i;z;
0;61;;0,03053838;;30,53837958;HFD;8;FDB;2;i;z;
0;62;;0,02935377;;29,35376987;HFD;8;FDB;2;i;z;
0;63;;0,030148219;;30,14821902;HFD;8;FDB;2;i;z;
0;64;;0,030506246;;30,50624623;HFD;8;FDB;2;i;z;
0;65;;0,030079828;;30,07982769;HFD;8;FDB;2;i;z;
0;66;;0,032728728;;32,72872825;HFD;8;FDB;2;i;z;
0;67;;0,035342993;;35,34299321;HFD;8;FDB;2;i;z;
0;68;;0,038789048;;38,78904827;HFD;8;FDB;2;i;z;
0;69;;0,037792942;;37,79294186;HFD;8;FDB;2;i;z;
0;70;;0,043349824;;43,34982378;HFD;8;FDB;2;i;z;
0;71;;0,036750521;;36,75052114;HFD;8;FDB;2;i;z;
0;72;;0,043476058;;43,47605791;HFD;8;FDB;2;i;z;
0;73;;0,03253801;;32,53800969;HFD;8;FDB;2;i;z;
0;1;;0,015554997;;15,55499734;HFD;8;FDB;2;i;z001;
0;2;;0,014677434;;14,6774342;HFD;8;FDB;2;i;z001;
0;3;;0,018354896;;18,35489617;HFD;8;FDB;2;i;z001;
0;4;;0,018513005;;18,51300476;HFD;8;FDB;2;i;z001;
0;5;;0,019067401;;19,0674014;HFD;8;FDB;2;i;z001;
0;6;;0,020195992;;20,19599197;HFD;8;FDB;2;i;z001;
0;7;;0,016833841;;16,83384138;HFD;8;FDB;2;i;z001;
0;8;;0,023280904;;23,28090373;HFD;8;FDB;2;i;z001;
0;9;;0,016258054;;16,25805448;HFD;8;FDB;2;i;z001;
0;10;;0,016322017;;16,32201737;HFD;8;FDB;2;i;z001;
0;11;;0,01683383;;16,83382997;HFD;8;FDB;2;i;z001;
0;12;;0,02431233;;24,31233013;HFD;8;FDB;2;i;z001;
0;13;;0,023360631;;23,36063088;HFD;8;FDB;2;i;z001;
0;14;;0,024197914;;24,1979144;HFD;8;FDB;2;i;z001;
0;15;;0,025245012;;25,24501178;HFD;8;FDB;2;i;z001;
0;16;;0,027655865;;27,65586498;HFD;8;FDB;2;i;z001;
0;17;;0,024684006;;24,68400635;HFD;8;FDB;2;i;z001;
0;18;;0,02805001;;28,05000986;HFD;8;FDB;2;i;z001;
0;19;;0,026071907;;26,07190731;HFD;8;FDB;2;i;z001;
0;20;;0,023001005;;23,00100459;HFD;8;FDB;2;i;z001;
0;21;;0,025805988;;25,80598812;HFD;8;FDB;2;i;z001;
0;22;;0,024123001;;24,12300091;HFD;8;FDB;2;i;z001;
0;23;;0,027255876;;27,25587609;HFD;8;FDB;2;i;z001;
0;24;;0,026798129;;26,79812881;HFD;8;FDB;2;i;z001;
0;25;;0,019758848;;19,75884781;HFD;8;FDB;2;i;z001;
0;26;;0,024827262;;24,82726249;HFD;8;FDB;2;i;z001;
0;27;;0,025655488;;25,65548781;HFD;8;FDB;2;i;z001;
0;28;;0,022078046;;22,07804646;HFD;8;FDB;2;i;z001;
0;29;;0,02624365;;26,24364969;HFD;8;FDB;2;i;z001;
0;30;;0,025844121;;25,84412063;HFD;8;FDB;2;i;z001;
0;31;;0,027725974;;27,72597389;HFD;8;FDB;2;i;z001;
0;32;;0,02387951;;23,87950992;HFD;8;FDB;2;i;z001;
0;33;;0,025044987;;25,04498685;HFD;8;FDB;2;i;z001;
0;34;;0,026954821;;26,95482068;HFD;8;FDB;2;i;z001;
0;35;;0,031064723;;31,06472321;HFD;8;FDB;2;i;z001;
0;36;;0,032245951;;32,2459508;HFD;8;FDB;2;i;z001;
0;37;;0,027682731;;27,68273123;HFD;8;FDB;2;i;z001;
0;38;;0,033255188;;33,25518766;HFD;8;FDB;2;i;z001;
0;39;;0,033660006;;33,66000601;HFD;8;FDB;2;i;z001;
0;40;;0,030294002;;30,2940025;HFD;8;FDB;2;i;z001;
0;41;;0,033659999;;33,65999873;HFD;8;FDB;2;i;z001;
0;42;;0,035703145;;35,70314481;HFD;8;FDB;2;i;z001;
0;43;;0,032941146;;32,94114559;HFD;8;FDB;2;i;z001;
0;44;;0,028952999;;28,95299899;HFD;8;FDB;2;i;z001;
0;45;;0,034936823;;34,93682288;HFD;8;FDB;2;i;z001;
0;46;;0,036265804;;36,26580445;HFD;8;FDB;2;i;z001;
0;47;;0,0374545;;37,45449985;HFD;8;FDB;2;i;z001;
0;48;;0,040928629;;40,92862896;HFD;8;FDB;2;i;z001;
0;49;;0,032161495;;32,16149544;HFD;8;FDB;2;i;z001;
0;50;;0,039138305;;39,1383055;HFD;8;FDB;2;i;z001;
0;51;;0,031582521;;31,58252105;HFD;8;FDB;2;i;z001;
0;52;;0,038465489;;38,46548927;HFD;8;FDB;2;i;z001;
0;53;;0,037350936;;37,35093576;HFD;8;FDB;2;i;z001;
0;54;;0,036535218;;36,53521834;HFD;8;FDB;2;i;z001;
0;55;;0,039278473;;39,27847324;HFD;8;FDB;2;i;z001;
0;56;;0,043197011;;43,19701111;HFD;8;FDB;2;i;z001;
0;1;;0,010659001;;10,65900142;HFD;8;FDB;3;d;z;
0;2;;0,010821347;;10,8213471;HFD;8;FDB;3;d;z;
0;3;;0,010097981;;10,09798143;HFD;8;FDB;3;d;z;
0;4;;0,012293483;;12,29348254;HFD;8;FDB;3;d;z;
0;5;;0,013297027;;13,29702655;HFD;8;FDB;3;d;z;
0;6;;0,010659001;;10,65900142;HFD;8;FDB;3;d;z;
0;7;;0,010918989;;10,91898869;HFD;8;FDB;3;d;z;
0;8;;0,012293457;;12,29345651;HFD;8;FDB;3;d;z;
0;9;;0,01319074;;13,19074005;HFD;8;FDB;3;d;z;
0;10;;0,015147001;;15,14700125;HFD;8;FDB;3;d;z;
0;11;;0,012550173;;12,55017342;HFD;8;FDB;3;d;z;
0;12;;0,013534899;;13,53489856;HFD;8;FDB;3;d;z;
0;13;;0,015708007;;15,70800669;HFD;8;FDB;3;d;z;
0;14;;0,014227528;;14,22752779;HFD;8;FDB;3;d;z;
0;15;;0,015708007;;15,70800669;HFD;8;FDB;3;d;z;
0;16;;0,015708036;;15,70803579;HFD;8;FDB;3;d;z;
0;17;;0,012977768;;12,97776811;HFD;8;FDB;3;d;z;
0;18;;0,018223277;;18,22327707;HFD;8;FDB;3;d;z;
0;19;;0,016487594;;16,48759364;HFD;8;FDB;3;d;z;
0;20;;0,016660867;;16,66086736;HFD;8;FDB;3;d;z;
0;21;;0,015426431;;15,42643099;HFD;8;FDB;3;d;z;
0;22;;0,014805705;;14,80570479;HFD;8;FDB;3;d;z;
0;23;;0,019008187;;19,00818674;HFD;8;FDB;3;d;z;
0;24;;0,018478299;;18,47829936;HFD;8;FDB;3;d;z;
0;25;;0,018644311;;18,64431081;HFD;8;FDB;3;d;z;
0;26;;0,020026667;;20,02666718;HFD;8;FDB;3;d;z;
0;27;;0,019836616;;19,83661585;HFD;8;FDB;3;d;z;
0;28;;0,017925585;;17,92558483;HFD;8;FDB;3;d;z;
0;29;;0,018647516;;18,64751612;HFD;8;FDB;3;d;z;
0;30;;0,017091586;;17,09158613;HFD;8;FDB;3;d;z;
0;31;;0,017685302;;17,6853023;HFD;8;FDB;3;d;z;
0;32;;0,021345937;;21,34593663;HFD;8;FDB;3;d;z;
0;33;;0,019820069;;19,82006917;HFD;8;FDB;3;d;z;
0;34;;0,024314373;;24,31437278;HFD;8;FDB;3;d;z;
0;35;;0,021706233;;21,70623343;HFD;8;FDB;3;d;z;
0;36;;0,022539247;;22,53924736;HFD;8;FDB;3;d;z;
0;37;;0,021490468;;21,49046754;HFD;8;FDB;3;d;z;
0;38;;0,022804327;;22,80432662;HFD;8;FDB;3;d;z;
0;39;;0,022439985;;22,4399846;HFD;8;FDB;3;d;z;
0;40;;0,025244983;;25,24498268;HFD;8;FDB;3;d;z;
0;41;;0,022579851;;22,57985101;HFD;8;FDB;3;d;z;
0;42;;0,024371357;;24,3713569;HFD;8;FDB;3;d;z;
0;43;;0,025806003;;25,80600267;HFD;8;FDB;3;d;z;
0;44;;0,022709711;;22,70971075;HFD;8;FDB;3;d;z;
0;45;;0,021878979;;21,87897917;HFD;8;FDB;3;d;z;
0;46;;0,020397938;;20,3979376;HFD;8;FDB;3;d;z;
0;47;;0,024991311;;24,99131133;HFD;8;FDB;3;d;z;
0;48;;0,026366994;;26,36699355;HFD;8;FDB;3;d;z;
0;49;;0,027597571;;27,59757109;HFD;8;FDB;3;d;z;
0;50;;0,029724824;;29,72482402;HFD;8;FDB;3;d;z;
0;51;;0,027489004;;27,48900442;HFD;8;FDB;3;d;z;
0;52;;0,022972483;;22,97248306;HFD;8;FDB;3;d;z;
0;53;;0,026828842;;26,82884226;HFD;8;FDB;3;d;z;
0;54;;0,02790363;;27,90363043;HFD;8;FDB;3;d;z;
0;55;;0,026343125;;26,3431248;HFD;8;FDB;3;d;z;
0;56;;0,027579609;;27,57960945;HFD;8;FDB;3;d;z;
0;57;;0,029171992;;29,17199163;HFD;8;FDB;3;d;z;
0;58;;0,028342647;;28,34264702;HFD;8;FDB;3;d;z;
0;59;;0,028040182;;28,04018165;HFD;8;FDB;3;d;z;
0;60;;0,031338268;;31,33826812;HFD;8;FDB;3;d;z;
0;61;;0,030488023;;30,48802298;HFD;8;FDB;3;d;z;
0;62;;0,029171999;;29,1719989;HFD;8;FDB;3;d;z;
0;63;;0,033517164;;33,51716353;HFD;8;FDB;3;d;z;
0;64;;0,028250088;;28,25008829;HFD;8;FDB;3;d;z;
0;65;;0,029291481;;29,29148135;HFD;8;FDB;3;d;z;
0;66;;0,031971526;;31,97152589;HFD;8;FDB;3;d;z;
0;1;;0,011220007;;11,22000685;HFD;8;FDB;4;d;z001;
0;2;;0,0091238;;9,123799741;HFD;8;FDB;4;d;z001;
0;3;;0,011698089;;11,69808944;HFD;8;FDB;4;d;z001;
0;4;;0,011219996;;11,21999594;HFD;8;FDB;4;d;z001;
0;5;;0,012547028;;12,54702845;HFD;8;FDB;4;d;z001;
0;6;;0,011900609;;11,90060925;HFD;8;FDB;4;d;z001;
0;7;;0,011211637;;11,21163674;HFD;8;FDB;4;d;z001;
0;8;;0,014802349;;14,80234909;HFD;8;FDB;4;d;z001;
0;9;;0,011791691;;11,791691;HFD;8;FDB;4;d;z001;
0;10;;0,011780998;;11,78099774;HFD;8;FDB;4;d;z001;
0;11;;0,012341996;;12,3419959;HFD;8;FDB;4;d;z001;
0;12;;0,013377968;;13,37796823;HFD;8;FDB;4;d;z001;
0;13;;0,013548522;;13,5485222;HFD;8;FDB;4;d;z001;
0;14;;0,012903001;;12,90300133;HFD;8;FDB;4;d;z001;
0;15;;0,014526559;;14,52655909;HFD;8;FDB;4;d;z001;
0;16;;0,015546887;;15,54688746;HFD;8;FDB;4;d;z001;
0;17;;0,014586025;;14,58602492;HFD;8;FDB;4;d;z001;
0;18;;0,015708007;;15,70800669;HFD;8;FDB;4;d;z001;
0;19;;0,01419382;;14,19381972;HFD;8;FDB;4;d;z001;
0;20;;0,012342003;;12,34200317;HFD;8;FDB;4;d;z001;
0;21;;0,012544346;;12,54434576;HFD;8;FDB;4;d;z001;
0;22;;0,015180518;;15,1805183;HFD;8;FDB;4;d;z001;
0;23;;0,015147001;;15,14700125;HFD;8;FDB;4;d;z001;
0;24;;0,014024998;;14,02499765;HFD;8;FDB;4;d;z001;
0;25;;0,013670187;;13,67018732;HFD;8;FDB;4;d;z001;
0;26;;0,015127275;;15,12727531;HFD;8;FDB;4;d;z001;
0;27;;0,014121501;;14,12150136;HFD;8;FDB;4;d;z001;
0;28;;0,016525898;;16,5258984;HFD;8;FDB;4;d;z001;
0;29;;0,016268998;;16,26899757;HFD;8;FDB;4;d;z001;
0;30;;0,018674529;;18,67452853;HFD;8;FDB;4;d;z001;
0;31;;0,016705346;;16,70534553;HFD;8;FDB;4;d;z001;
0;32;;0,015707999;;15,70799941;HFD;8;FDB;4;d;z001;
0;33;;0,010658987;;10,65898687;HFD;8;FDB;4;d;z001;
0;34;;0,013181896;;13,18189595;HFD;8;FDB;4;d;z001;
0;35;;0,012951023;;12,95102324;HFD;8;FDB;4;d;z001;
0;36;;0,016919748;;16,91974767;HFD;8;FDB;4;d;z001;
0;37;;0,016204708;;16,20470766;HFD;8;FDB;4;d;z001;
0;38;;0,015554984;;15,55498432;HFD;8;FDB;4;d;z001;
0;39;;0,012954402;;12,95440183;HFD;8;FDB;4;d;z001;
0;40;;0,0183588;;18,35880028;HFD;8;FDB;4;d;z001;
0;41;;0,012903009;;12,90300861;HFD;8;FDB;4;d;z001;
0;42;;0,017951999;;17,95199933;HFD;8;FDB;4;d;z001;
0;43;;0,014585996;;14,58599581;HFD;8;FDB;4;d;z001;
0;44;;0,013077764;;13,07776373;HFD;8;FDB;4;d;z001;
0;45;;0,018565613;;18,56561312;HFD;8;FDB;4;d;z001;
0;46;;0,013547903;;13,5479028;HFD;8;FDB;4;d;z001;
0;47;;0,015103019;;15,1030195;HFD;8;FDB;4;d;z001;
0;48;;0,015707999;;15,70799941;HFD;8;FDB;4;d;z001;
0;49;;0,017753678;;17,75367761;HFD;8;FDB;4;d;z001;
0;50;;0,01290298;;12,90297951;HFD;8;FDB;4;d;z001;
0;51;;0,017803627;;17,80362651;HFD;8;FDB;4;d;z001;
0;52;;0,020034313;;20,03431348;HFD;8;FDB;4;d;z001;
0;53;;0,02057671;;20,57670982;HFD;8;FDB;4;d;z001;
0;54;;0,020115964;;20,1159636;HFD;8;FDB;4;d;z001;
0;55;;0,019820064;;19,82006429;HFD;8;FDB;4;d;z001;
0;56;;0,016774508;;16,77450806;HFD;8;FDB;4;d;z001;
0;57;;0,015341294;;15,34129367;HFD;8;FDB;4;d;z001;
0;58;;0,018314747;;18,31474664;HFD;8;FDB;4;d;z001;
0;59;;0,021421095;;21,4210946;HFD;8;FDB;4;d;z001;
0;60;;0,01597156;;15,97156031;HFD;8;FDB;4;d;z001;
0;61;;0,015842286;;15,84228571;HFD;8;FDB;4;d;z001;
0;62;;0,016268998;;16,26899757;HFD;8;FDB;4;d;z001;
0;63;;0,01907401;;19,0740102;HFD;8;FDB;4;d;z001;
0;64;;0,015013887;;15,01388704;HFD;8;FDB;4;d;z001;
0;65;;0,015042805;;15,04280517;HFD;8;FDB;4;d;z001;
0;66;;0,019582979;;19,5829793;HFD;8;FDB;4;d;z001;
0;67;;0,021248293;;21,24829321;HFD;8;FDB;4;d;z001;
0;68;;0,017521321;;17,52132109;HFD;8;FDB;4;d;z001;
0;69;;0,01402499;;14,02499038;HFD;8;FDB;4;d;z001;
0;70;;0,017990998;;17,99099757;HFD;8;FDB;4;d;z001;
0;71;;0,018314734;;18,31473362;HFD;8;FDB;4;d;z001;
0;72;;0,017391;;17,39100026;HFD;8;FDB;4;d;z001;
0;73;;0,01907401;;19,0740102;HFD;8;FDB;4;d;z001;
0;74;;0,020586215;;20,58621496;HFD;8;FDB;4;d;z001;
0;75;;0,017755864;;17,75586439;HFD;8;FDB;4;d;z001;
0;76;;0,01402499;;14,02499038;HFD;8;FDB;4;d;z001;
0;77;;0,021879001;;21,879001;HFD;8;FDB;4;d;z001;
0;78;;0,017459679;;17,45967938;HFD;8;FDB;4;d;z001;
0;79;;0,019800118;;19,80011793;HFD;8;FDB;4;d;z001;
0;80;;0,016839344;;16,83934367;HFD;8;FDB;4;d;z001;
0;81;;0,020901162;;20,90116215;HFD;8;FDB;4;d;z001;
0;82;;0,016813885;;16,81388516;HFD;8;FDB;4;d;z001;
0;83;;0,016573798;;16,57379774;HFD;8;FDB;4;d;z001;
0;84;;0,017454269;;17,45426943;HFD;8;FDB;4;d;z001;
0;85;;0,022195542;;22,19554175;HFD;8;FDB;4;d;z001;
0;86;;0,018513005;;18,51300476;HFD;8;FDB;4;d;z001;
0;87;;0,01402499;;14,02499038;HFD;8;FDB;4;d;z001;
0;88;;0,01673613;;16,73612986;HFD;8;FDB;4;d;z001;
0;89;;0,01843154;;18,43154027;HFD;8;FDB;4;d;z001;
0;90;;0,021255538;;21,25553792;HFD;8;FDB;4;d;z001;
0;91;;0,019967685;;19,96768478;HFD;8;FDB;4;d;z001;
0;92;;0,018369569;;18,36956867;HFD;8;FDB;4;d;z001;
0;93;;0,016056756;;16,05675633;HFD;8;FDB;4;d;z001;
0;94;;0,023025078;;23,02507777;HFD;8;FDB;4;d;z001;
0;95;;0,020321861;;20,3218607;HFD;8;FDB;4;d;z001;
0;96;;0,016740562;;16,74056207;HFD;8;FDB;4;d;z001;
0;97;;0,023167139;;23,16713949;HFD;8;FDB;4;d;z001;
0;98;;0,023345854;;23,34585392;HFD;8;FDB;4;d;z001;
0;99;;0,02136304;;21,36303993;HFD;8;FDB;4;d;z001;
0;100;;0,021072263;;21,07226291;HFD;8;FDB;4;d;z001;
0;101;;0,018513005;;18,51300476;HFD;8;FDB;4;d;z001;
0;102;;0,021024424;;21,02442443;HFD;8;FDB;4;d;z001;
0;103;;0,022009084;;22,00908352;HFD;8;FDB;4;d;z001;
0;104;;0,024023821;;24,02382141;HFD;8;FDB;4;d;z001;
0;105;;0,018748181;;18,74818072;HFD;8;FDB;4;d;z001;
0;106;;0,024636971;;24,63697146;HFD;8;FDB;4;d;z001;
0;107;;0,025248793;;25,24879291;HFD;8;FDB;4;d;z001;
0;108;;0,024663977;;24,66397685;HFD;8;FDB;4;d;z001;
0;109;;0,017562098;;17,56209839;HFD;8;FDB;4;d;z001;
0;110;;0,023204202;;23,20420167;HFD;8;FDB;4;d;z001;
0;111;;0,023007858;;23,00785759;HFD;8;FDB;4;d;z001;
0;112;;0,023475102;;23,47510153;HFD;8;FDB;4;d;z001;
0;113;;0,021879008;;21,87900827;HFD;8;FDB;4;d;z001;
0;114;;0,019904585;;19,90458506;HFD;8;FDB;4;d;z001;
0;115;;0,021325405;;21,32540472;HFD;8;FDB;4;d;z001;
0;116;;0,019313322;;19,31332213;HFD;8;FDB;4;d;z001;
0;117;;0,019714887;;19,71488675;HFD;8;FDB;4;d;z001;
0;118;;0,017390994;;17,39099389;HFD;8;FDB;4;d;z001;
0;119;;0,020756997;;20,7569974;HFD;8;FDB;4;d;z001;
0;120;;0,026927995;;26,92799535;HFD;8;FDB;4;d;z001;
0;121;;0,020270841;;20,27084077;HFD;8;FDB;4;d;z001;
0;122;;0,02300785;;23,00784987;HFD;8;FDB;4;d;z001;
0;123;;0,025650533;;25,65053275;HFD;8;FDB;4;d;z001;
0;124;;0,024111484;;24,11148397;HFD;8;FDB;4;d;z001;
0;125;;0,022048008;;22,04800762;HFD;8;FDB;4;d;z001;
0;126;;0,025614098;;25,61409782;HFD;8;FDB;4;d;z001;
0;127;;0,020746419;;20,74641927;HFD;8;FDB;4;d;z001;
0;128;;0,019251806;;19,25180605;HFD;8;FDB;4;d;z001;
0;129;;0,027597571;;27,59757109;HFD;8;FDB;4;d;z001;
0;130;;0,025046633;;25,04663259;HFD;8;FDB;4;d;z001;
0;131;;0,017390994;;17,39099389;HFD;8;FDB;4;d;z001;
0;132;;0,030347577;;30,34757709;HFD;8;FDB;4;d;z001;
0;133;;0,024231589;;24,23158866;HFD;8;FDB;4;d;z001;
0;134;;0,027586779;;27,58677868;HFD;8;FDB;4;d;z001;
0;135;;0,026927999;;26,92799899;HFD;8;FDB;4;d;z001;
0;136;;0,026406733;;26,40673302;HFD;8;FDB;4;d;z001;
0;137;;0,027988592;;27,9885922;HFD;8;FDB;4;d;z001;
0;138;;0,023328378;;23,32837793;HFD;8;FDB;4;d;z001;
0;139;;0,028958152;;28,95815193;HFD;8;FDB;4;d;z001;
0;140;;0,026526759;;26,52675854;HFD;8;FDB;4;d;z001;
0;141;;0,023496187;;23,49618657;HFD;8;FDB;4;d;z001;
0;142;;0,021298072;;21,29807214;HFD;8;FDB;4;d;z001;
0;143;;0,028819621;;28,81962141;HFD;8;FDB;4;d;z001;
0;144;;0,025244997;;25,24499723;HFD;8;FDB;4;d;z001;
0;145;;0,029236545;;29,23654478;HFD;8;FDB;4;d;z001;
0;146;;0,023561999;;23,56199911;HFD;8;FDB;4;d;z001;
0;147;;0,023920176;;23,92017578;HFD;8;FDB;4;d;z001;
0;148;;0,023583356;;23,58335598;HFD;8;FDB;4;d;z001;
0;149;;0,030189543;;30,18954277;HFD;8;FDB;4;d;z001;
0;150;;0,02252091;;22,52091023;HFD;8;FDB;4;d;z001;
0;151;;0,032099852;;32,09985244;HFD;8;FDB;4;d;z001;
0;152;;0,029801347;;29,80134686;HFD;8;FDB;4;d;z001;
0;153;;0,02419794;;24,19794012;HFD;8;FDB;4;d;z001;
0;154;;0,029155562;;29,15556182;HFD;8;FDB;4;d;z001;
0;155;;0,026186113;;26,18611312;HFD;8;FDB;4;d;z001;
0;156;;0,024435732;;24,43573197;HFD;8;FDB;4;d;z001;
0;157;;0,030017649;;30,01764906;HFD;8;FDB;4;d;z001;
0;158;;0,023180174;;23,18017383;HFD;8;FDB;4;d;z001;
0;159;;0,031399827;;31,39982662;HFD;8;FDB;4;d;z001;
0;160;;0,030634332;;30,63433153;HFD;8;FDB;4;d;z001;
0;161;;0,031324017;;31,32401739;HFD;8;FDB;4;d;z001;
0;162;;0,034082621;;34,08262143;HFD;8;FDB;4;d;z001;
0;163;;0,032455848;;32,45584759;HFD;8;FDB;4;d;z001;
0;164;;0,03247507;;32,47507043;HFD;8;FDB;4;d;z001;
0;165;;0,03271322;;32,7132202;HFD;8;FDB;4;d;z001;
0;166;;0,031466553;;31,46655338;HFD;8;FDB;4;d;z001;
0;167;;0,032113545;;32,1135452;HFD;8;FDB;4;d;z001;
0;168;;0,034189603;;34,18960331;HFD;8;FDB;4;d;z001;
0;169;;0,033497967;;33,49796661;HFD;8;FDB;4;d;z001;
0;170;;0,024806642;;24,80664192;HFD;8;FDB;4;d;z001;
0;171;;0,030897751;;30,89775056;HFD;8;FDB;4;d;z001;
0;172;;0,02597656;;25,97655997;HFD;8;FDB;4;d;z001;
0;173;;0,027315706;;27,31570567;HFD;8;FDB;4;d;z001;
0;174;;0,031863803;;31,86380326;HFD;8;FDB;4;d;z001;
0;175;;0,035471735;;35,47173459;HFD;8;FDB;4;d;z001;
0;176;;0,030233117;;30,23311734;HFD;8;FDB;4;d;z001;
0;177;;0,037430048;;37,43004782;HFD;8;FDB;4;d;z001;
0;178;;0,043005462;;43,00546249;HFD;8;FDB;4;d;z001;
0;179;;0,039270002;;39,27000216;HFD;8;FDB;4;d;z001;
0;180;;0,038776729;;38,77672855;HFD;8;FDB;4;d;z001;
0;1;;0,011004861;;11,00486082;HFD;8;FDB;4;i;z;
0;2;;0,012250173;;12,25017299;HFD;8;FDB;4;i;z;
0;3;;0,017852766;;17,85276647;HFD;8;FDB;4;i;z;
0;4;;0,016264177;;16,26417661;HFD;8;FDB;4;i;z;
0;5;;0,015805893;;15,8058931;HFD;8;FDB;4;i;z;
0;6;;0,015929767;;15,9297673;HFD;8;FDB;4;i;z;
0;7;;0,017704822;;17,70482244;HFD;8;FDB;4;i;z;
0;8;;0,018998554;;18,99855383;HFD;8;FDB;4;i;z;
0;9;;0,017057543;;17,05754267;HFD;8;FDB;4;i;z;
0;10;;0,018377664;;18,3776641;HFD;8;FDB;4;i;z;
0;11;;0,016829988;;16,82998845;HFD;8;FDB;4;i;z;
0;12;;0,012074115;;12,07411465;HFD;8;FDB;4;i;z;
0;13;;0,023434485;;23,43448547;HFD;8;FDB;4;i;z;
0;14;;0,020564022;;20,56402189;HFD;8;FDB;4;i;z;
0;15;;0,019825139;;19,82513877;HFD;8;FDB;4;i;z;
0;16;;0,024123001;;24,12300091;HFD;8;FDB;4;i;z;
0;17;;0,025019239;;25,01923862;HFD;8;FDB;4;i;z;
0;18;;0,025806017;;25,80601722;HFD;8;FDB;4;i;z;
0;19;;0,022199069;;22,19906876;HFD;8;FDB;4;i;z;
0;20;;0,021717895;;21,71789535;HFD;8;FDB;4;i;z;
0;21;;0,021879008;;21,87900827;HFD;8;FDB;4;i;z;
0;22;;0,021074502;;21,07450244;HFD;8;FDB;4;i;z;
0;23;;0,025927399;;25,92739876;HFD;8;FDB;4;i;z;
0;24;;0,026089237;;26,08923665;HFD;8;FDB;4;i;z;
0;25;;0,019946064;;19,94606384;HFD;8;FDB;4;i;z;
0;26;;0,017361188;;17,36118803;HFD;8;FDB;4;i;z;
0;27;;0,029172021;;29,17202073;HFD;8;FDB;4;i;z;
0;28;;0,026415413;;26,4154125;HFD;8;FDB;4;i;z;
0;29;;0,022327527;;22,32752662;HFD;8;FDB;4;i;z;
0;30;;0,024684006;;24,68400635;HFD;8;FDB;4;i;z;
0;31;;0,025414075;;25,41407485;HFD;8;FDB;4;i;z;
0;32;;0,029591298;;29,59129755;HFD;8;FDB;4;i;z;
0;33;;0,028958157;;28,95815707;HFD;8;FDB;4;i;z;
0;34;;0,026927999;;26,92799899;HFD;8;FDB;4;i;z;
0;35;;0,018687411;;18,6874115;HFD;8;FDB;4;i;z;
0;36;;0,028350213;;28,35021283;HFD;8;FDB;4;i;z;
0;37;;0,028252103;;28,25210273;HFD;8;FDB;4;i;z;
0;38;;0,031977001;;31,97700062;HFD;8;FDB;4;i;z;
0;39;;0,021436769;;21,43676881;HFD;8;FDB;4;i;z;
0;40;;0,027880598;;27,88059773;HFD;8;FDB;4;i;z;
0;41;;0,037665603;;37,66560302;HFD;8;FDB;4;i;z;
0;1;;0,011652193;;11,65219329;NCD;8;FDB;1;d;z;
0;2;;0,01058288;;10,58287991;NCD;8;FDB;1;d;z;
0;3;;0,011666054;;11,66605366;NCD;8;FDB;1;d;z;
0;4;;0,017390994;;17,39099389;NCD;8;FDB;1;d;z;
0;5;;0,010785625;;10,78562516;NCD;8;FDB;1;d;z;
0;6;;0,013884073;;13,88407328;NCD;8;FDB;1;d;z;
0;7;;0,017832853;;17,83285307;NCD;8;FDB;1;d;z;
0;8;;0,017951999;;17,95199933;NCD;8;FDB;1;d;z;
0;9;;0,01680117;;16,80117046;NCD;8;FDB;1;d;z;
0;10;;0,019190822;;19,1908221;NCD;8;FDB;1;d;z;
0;11;;0,014810755;;14,81075534;NCD;8;FDB;1;d;z;
0;12;;0,018513005;;18,51300476;NCD;8;FDB;1;d;z;
0;13;;0,016278576;;16,27857568;NCD;8;FDB;1;d;z;
0;14;;0,013463999;;13,46399949;NCD;8;FDB;1;d;z;
0;15;;0,017390994;;17,39099389;NCD;8;FDB;1;d;z;
0;16;;0,015867481;;15,86748072;NCD;8;FDB;1;d;z;
0;17;;0,014025005;;14,02500493;NCD;8;FDB;1;d;z;
0;18;;0,018513005;;18,51300476;NCD;8;FDB;1;d;z;
0;19;;0,022519096;;22,5190957;NCD;8;FDB;1;d;z;
0;20;;0,017499833;;17,49983278;NCD;8;FDB;1;d;z;
0;21;;0,023390884;;23,39088393;NCD;8;FDB;1;d;z;
0;22;;0,021879008;;21,87900827;NCD;8;FDB;1;d;z;
0;23;;0,021879008;;21,87900827;NCD;8;FDB;1;d;z;
0;24;;0,024362707;;24,36270666;NCD;8;FDB;1;d;z;
0;25;;0,021878994;;21,87899372;NCD;8;FDB;1;d;z;
0;26;;0,020756997;;20,7569974;NCD;8;FDB;1;d;z;
0;27;;0,02300099;;23,00099004;NCD;8;FDB;1;d;z;
0;28;;0,024366357;;24,36635684;NCD;8;FDB;1;d;z;
0;29;;0,021106471;;21,1064711;NCD;8;FDB;1;d;z;
0;30;;0,02164562;;21,64562013;NCD;8;FDB;1;d;z;
0;31;;0,021984839;;21,98483873;NCD;8;FDB;1;d;z;
0;32;;0,02123424;;21,23423951;NCD;8;FDB;1;d;z;
0;33;;0,026578033;;26,57803316;NCD;8;FDB;1;d;z;
0;34;;0,019820063;;19,82006266;NCD;8;FDB;1;d;z;
0;35;;0,024903696;;24,9036962;NCD;8;FDB;1;d;z;
0;36;;0,020843077;;20,84307658;NCD;8;FDB;1;d;z;
0;37;;0,024781157;;24,78115697;NCD;8;FDB;1;d;z;
0;38;;0,028561466;;28,56146632;NCD;8;FDB;1;d;z;
0;39;;0,0200611;;20,06109952;NCD;8;FDB;1;d;z;
0;40;;0,025806003;;25,80600267;NCD;8;FDB;1;d;z;
0;41;;0,027269234;;27,2692339;NCD;8;FDB;1;d;z;
0;42;;0,029792192;;29,79219179;NCD;8;FDB;1;d;z;
0;43;;0,026255524;;26,25552386;NCD;8;FDB;1;d;z;
0;44;;0,022374372;;22,37437241;NCD;8;FDB;1;d;z;
0;45;;0,021743425;;21,74342542;NCD;8;FDB;1;d;z;
0;46;;0,031899576;;31,89957616;NCD;8;FDB;1;d;z;
0;47;;0,030263381;;30,26338052;NCD;8;FDB;1;d;z;
0;48;;0,029287704;;29,28770364;NCD;8;FDB;1;d;z;
0;49;;0,030148214;;30,14821388;NCD;8;FDB;1;d;z;
0;50;;0,024991291;;24,99129075;NCD;8;FDB;1;d;z;
0;51;;0,027032574;;27,03257417;NCD;8;FDB;1;d;z;
0;52;;0,034652456;;34,65245563;NCD;8;FDB;1;d;z;
0;53;;0,034120614;;34,12061371;NCD;8;FDB;1;d;z;
0;54;;0,033660006;;33,66000601;NCD;8;FDB;1;d;z;
0;55;;0,035205531;;35,20553124;NCD;8;FDB;1;d;z;
0;56;;0,040392013;;40,39201303;NCD;8;FDB;1;d;z;
0;57;;0,034175851;;34,17585114;NCD;8;FDB;1;d;z;
0;58;;0,040381485;;40,38148543;NCD;8;FDB;1;d;z;
0;59;;0,042134562;;42,13456226;NCD;8;FDB;1;d;z;
0;60;;0,039672551;;39,67255062;NCD;8;FDB;1;d;z;
0;61;;0,038314391;;38,31439128;NCD;8;FDB;1;d;z;
0;1;;0,019074003;;19,07400292;NCD;8;FDB;2;d;z;
0;2;;0,017562085;;17,56208537;NCD;8;FDB;2;d;z;
0;3;;0,016809437;;16,80943712;NCD;8;FDB;2;d;z;
0;4;;0,018382306;;18,38230629;NCD;8;FDB;2;d;z;
0;5;;0,018284504;;18,284504;NCD;8;FDB;2;d;z;
0;6;;0,020756997;;20,7569974;NCD;8;FDB;2;d;z;
0;7;;0,022214497;;22,21449667;NCD;8;FDB;2;d;z;
0;8;;0,019634987;;19,63498653;NCD;8;FDB;2;d;z;
0;9;;0,019635016;;19,63501563;NCD;8;FDB;2;d;z;
0;10;;0,020196021;;20,19602107;NCD;8;FDB;2;d;z;
0;11;;0,021833741;;21,83374114;NCD;8;FDB;2;d;z;
0;12;;0,021010001;;21,01000075;NCD;8;FDB;2;d;z;
0;13;;0,018675038;;18,67503766;NCD;8;FDB;2;d;z;
0;14;;0,024123001;;24,12300091;NCD;8;FDB;2;d;z;
0;15;;0,021879001;;21,879001;NCD;8;FDB;2;d;z;
0;16;;0,024968452;;24,96845228;NCD;8;FDB;2;d;z;
0;17;;0,021122829;;21,12282948;NCD;8;FDB;2;d;z;
0;18;;0,024316773;;24,31677251;NCD;8;FDB;2;d;z;
0;19;;0,021878994;;21,87899372;NCD;8;FDB;2;d;z;
0;20;;0,024510549;;24,51054927;NCD;8;FDB;2;d;z;
0;21;;0,027489004;;27,48900442;NCD;8;FDB;2;d;z;
0;22;;0,026092783;;26,09278313;NCD;8;FDB;2;d;z;
0;23;;0,021388387;;21,38838663;NCD;8;FDB;2;d;z;
0;24;;0,021348579;;21,34857891;NCD;8;FDB;2;d;z;
0;25;;0,026073486;;26,0734861;NCD;8;FDB;2;d;z;
0;26;;0,024981759;;24,98175928;NCD;8;FDB;2;d;z;
0;27;;0,028048311;;28,04831107;NCD;8;FDB;2;d;z;
0;28;;0,031414622;;31,41462157;NCD;8;FDB;2;d;z;
0;29;;0,029070505;;29,07050458;NCD;8;FDB;2;d;z;
0;30;;0,023954108;;23,95410768;NCD;8;FDB;2;d;z;
0;31;;0,02433262;;24,33261978;NCD;8;FDB;2;d;z;
0;32;;0,026858576;;26,8585756;NCD;8;FDB;2;d;z;
0;33;;0,030855008;;30,85500794;NCD;8;FDB;2;d;z;
0;34;;0,02710756;;27,1075604;NCD;8;FDB;2;d;z;
0;35;;0,032015149;;32,01514924;NCD;8;FDB;2;d;z;
0;36;;0,028521918;;28,52191793;NCD;8;FDB;2;d;z;
0;37;;0,025613078;;25,61307832;NCD;8;FDB;2;d;z;
0;38;;0,030294002;;30,2940025;NCD;8;FDB;2;d;z;
0;39;;0,027361084;;27,36108378;NCD;8;FDB;2;d;z;
0;40;;0,030294002;;30,2940025;NCD;8;FDB;2;d;z;
0;41;;0,027215319;;27,21531854;NCD;8;FDB;2;d;z;
0;42;;0,03275799;;32,75799023;NCD;8;FDB;2;d;z;
0;43;;0,026462709;;26,46270935;NCD;8;FDB;2;d;z;
0;44;;0,034548949;;34,5489494;NCD;8;FDB;2;d;z;
0;45;;0,030696825;;30,69682548;NCD;8;FDB;2;d;z;
0;46;;0,033881101;;33,88110071;NCD;8;FDB;2;d;z;
0;47;;0,031415999;;31,41599882;NCD;8;FDB;2;d;z;
0;48;;0,028816356;;28,81635607;NCD;8;FDB;2;d;z;
0;49;;0,029025623;;29,02562311;NCD;8;FDB;2;d;z;
0;50;;0,032511642;;32,51164177;NCD;8;FDB;2;d;z;
0;51;;0,039125096;;39,12509592;NCD;8;FDB;2;d;z;
0;52;;0,030773116;;30,77311628;NCD;8;FDB;2;d;z;
0;53;;0,034390017;;34,3900171;NCD;8;FDB;2;d;z;
0;54;;0,031415999;;31,41599882;NCD;8;FDB;2;d;z;
0;55;;0,029684432;;29,68443199;NCD;8;FDB;2;d;z;
0;1;;0,016979109;;16,97910887;NCD;8;FDB;2;i;z;
0;2;;0,021133898;;21,13389838;NCD;8;FDB;2;i;z;
0;3;;0,021240803;;21,24080267;NCD;8;FDB;2;i;z;
0;4;;0,02333248;;23,33247974;NCD;8;FDB;2;i;z;
0;5;;0,021501744;;21,50174393;NCD;8;FDB;2;i;z;
0;6;;0,025688124;;25,68812446;NCD;8;FDB;2;i;z;
0;7;;0,024966782;;24,96678244;NCD;8;FDB;2;i;z;
0;8;;0,028958157;;28,95815707;NCD;8;FDB;2;i;z;
0;9;;0,026086679;;26,08667904;NCD;8;FDB;2;i;z;
0;10;;0,027267458;;27,26745751;NCD;8;FDB;2;i;z;
0;11;;0,023399515;;23,3995151;NCD;8;FDB;2;i;z;
0;12;;0,028397527;;28,39752721;NCD;8;FDB;2;i;z;
0;13;;0,033660006;;33,66000601;NCD;8;FDB;2;i;z;
0;14;;0,025677073;;25,6770726;NCD;8;FDB;2;i;z;
0;15;;0,027556907;;27,55690716;NCD;8;FDB;2;i;z;
0;16;;0,032946976;;32,94697575;NCD;8;FDB;2;i;z;
0;17;;0,034568957;;34,56895737;NCD;8;FDB;2;i;z;
0;18;;0,027609899;;27,60989853;NCD;8;FDB;2;i;z;
0;19;;0,030798539;;30,7985386;NCD;8;FDB;2;i;z;
0;20;;0,03296838;;32,96838005;NCD;8;FDB;2;i;z;
0;21;;0,03343642;;33,43641974;NCD;8;FDB;2;i;z;
0;22;;0,04144397;;41,44396976;NCD;8;FDB;2;i;z;
0;23;;0,037031127;;37,03112711;NCD;8;FDB;2;i;z;
0;24;;0,035365754;;35,36575362;NCD;8;FDB;2;i;z;
0;25;;0,036049792;;36,04979159;NCD;8;FDB;2;i;z;
0;26;;0,034239938;;34,23993848;NCD;8;FDB;2;i;z;
0;27;;0,026198283;;26,19828262;NCD;8;FDB;2;i;z;
0;28;;0,047446291;;47,44629087;NCD;8;FDB;2;i;z;
0;29;;0,041560206;;41,56020632;NCD;8;FDB;2;i;z;
0;30;;0,031389143;;31,3891434;NCD;8;FDB;2;i;z;
0;31;;0,032591355;;32,59135496;NCD;8;FDB;2;i;z;
0;32;;0,043616116;;43,61611592;NCD;8;FDB;2;i;z;
0;33;;0,037904065;;37,90406548;NCD;8;FDB;2;i;z;
0;34;;0,038722305;;38,72230509;NCD;8;FDB;2;i;z;
0;35;;0,039668691;;39,66869083;NCD;8;FDB;2;i;z;
0;36;;0,046573909;;46,57390904;NCD;8;FDB;2;i;z;
0;1;;0,010659016;;10,65901597;NCD;8;FDB;3;d;z;
0;2;;0,007854018;;7,854017895;NCD;8;FDB;3;d;z;
0;3;;0,009323557;;9,323556643;NCD;8;FDB;3;d;z;
0;4;;0,01177043;;11,77043001;NCD;8;FDB;3;d;z;
0;5;;0,014585996;;14,58599581;NCD;8;FDB;3;d;z;
0;6;;0,011006982;;11,00698206;NCD;8;FDB;3;d;z;
0;7;;0,011780998;;11,78099774;NCD;8;FDB;3;d;z;
0;8;;0,016269012;;16,26901212;NCD;8;FDB;3;d;z;
0;9;;0,017252372;;17,25237205;NCD;8;FDB;3;d;z;
0;10;;0,01485298;;14,8529798;NCD;8;FDB;3;d;z;
0;11;;0,011441903;;11,44190349;NCD;8;FDB;3;d;z;
0;12;;0,016829988;;16,82998845;NCD;8;FDB;3;d;z;
0;13;;0,013090625;;13,09062463;NCD;8;FDB;3;d;z;
0;14;;0,017951999;;17,95199933;NCD;8;FDB;3;d;z;
0;15;;0,016269001;;16,26900121;NCD;8;FDB;3;d;z;
0;16;;0,013493332;;13,49333167;NCD;8;FDB;3;d;z;
0;17;;0,017951999;;17,95199933;NCD;8;FDB;3;d;z;
0;18;;0,014387233;;14,38723272;NCD;8;FDB;3;d;z;
0;19;;0,015839687;;15,83968687;NCD;8;FDB;3;d;z;
0;20;;0,019635001;;19,63500108;NCD;8;FDB;3;d;z;
0;21;;0,018757718;;18,75771801;NCD;8;FDB;3;d;z;
0;22;;0,017951999;;17,95199933;NCD;8;FDB;3;d;z;
0;23;;0,018513005;;18,51300476;NCD;8;FDB;3;d;z;
0;24;;0,019222996;;19,22299566;NCD;8;FDB;3;d;z;
0;25;;0,015555004;;15,55500384;NCD;8;FDB;3;d;z;
0;26;;0,01907401;;19,0740102;NCD;8;FDB;3;d;z;
0;27;;0,01907401;;19,0740102;NCD;8;FDB;3;d;z;
0;28;;0,012613941;;12,61394109;NCD;8;FDB;3;d;z;
0;29;;0,019295828;;19,29582836;NCD;8;FDB;3;d;z;
0;30;;0,019498774;;19,49877361;NCD;8;FDB;3;d;z;
0;31;;0,019487788;;19,48778832;NCD;8;FDB;3;d;z;
0;32;;0,01824761;;18,24760977;NCD;8;FDB;3;d;z;
0;33;;0,012542306;;12,54230607;NCD;8;FDB;3;d;z;
0;34;;0,021597912;;21,59791185;NCD;8;FDB;3;d;z;
0;35;;0,019671671;;19,67167076;NCD;8;FDB;3;d;z;
0;36;;0,017951999;;17,95199933;NCD;8;FDB;3;d;z;
0;37;;0,017756783;;17,75678276;NCD;8;FDB;3;d;z;
0;38;;0,019073996;;19,07399565;NCD;8;FDB;3;d;z;
0;39;;0,015707978;;15,70797758;NCD;8;FDB;3;d;z;
0;40;;0,018547772;;18,54777248;NCD;8;FDB;3;d;z;
0;41;;0,016239972;;16,2399722;NCD;8;FDB;3;d;z;
0;42;;0,020927494;;20,92749424;NCD;8;FDB;3;d;z;
0;43;;0,021878994;;21,87899372;NCD;8;FDB;3;d;z;
0;44;;0,020196021;;20,19602107;NCD;8;FDB;3;d;z;
0;45;;0,021308976;;21,30897569;NCD;8;FDB;3;d;z;
0;46;;0,015696597;;15,69659744;NCD;8;FDB;3;d;z;
0;47;;0,013314102;;13,31410219;NCD;8;FDB;3;d;z;
0;48;;0,02102321;;21,02320976;NCD;8;FDB;3;d;z;
0;49;;0,020774863;;20,77486327;NCD;8;FDB;3;d;z;
0;50;;0,0158878;;15,88779995;NCD;8;FDB;3;d;z;
0;51;;0,021088645;;21,08864514;NCD;8;FDB;3;d;z;
0;52;;0,024576666;;24,57666554;NCD;8;FDB;3;d;z;
0;53;;0,022539265;;22,53926529;NCD;8;FDB;3;d;z;
0;54;;0,021037708;;21,03770778;NCD;8;FDB;3;d;z;
0;55;;0,01907401;;19,0740102;NCD;8;FDB;3;d;z;
0;56;;0,018346191;;18,34619144;NCD;8;FDB;3;d;z;
0;57;;0,015658557;;15,6585567;NCD;8;FDB;3;d;z;
0;58;;0,024470866;;24,47086608;NCD;8;FDB;3;d;z;
0;59;;0,023198474;;23,1984736;NCD;8;FDB;3;d;z;
0;60;;0,024123;;24,12299978;NCD;8;FDB;3;d;z;
0;61;;0,025245012;;25,24501178;NCD;8;FDB;3;d;z;
0;62;;0,024341019;;24,3410187;NCD;8;FDB;3;d;z;
0;63;;0,021317999;;21,3179992;NCD;8;FDB;3;d;z;
0;64;;0,021878994;;21,87899372;NCD;8;FDB;3;d;z;
0;65;;0,022900115;;22,90011526;NCD;8;FDB;3;d;z;
0;66;;0,026928028;;26,92802809;NCD;8;FDB;3;d;z;
0;67;;0,025806003;;25,80600267;NCD;8;FDB;3;d;z;
0;68;;0,017951999;;17,95199933;NCD;8;FDB;3;d;z;
0;69;;0,026974744;;26,97474449;NCD;8;FDB;3;d;z;
0;70;;0,020756997;;20,7569974;NCD;8;FDB;3;d;z;
0;71;;0,022611167;;22,61116684;NCD;8;FDB;3;d;z;
0;72;;0,020321848;;20,32184769;NCD;8;FDB;3;d;z;
0;73;;0,02804;;28,04000042;NCD;8;FDB;3;d;z;
0;74;;0,027545166;;27,54516626;NCD;8;FDB;3;d;z;
0;75;;0,02300099;;23,00099004;NCD;8;FDB;3;d;z;
0;76;;0,0257147;;25,71470042;NCD;8;FDB;3;d;z;
0;77;;0,023375462;;23,37546249;NCD;8;FDB;3;d;z;
0;78;;0,021318003;;21,31800284;NCD;8;FDB;3;d;z;
0;79;;0,025063739;;25,06373908;NCD;8;FDB;3;d;z;
0;80;;0,027810797;;27,81079651;NCD;8;FDB;3;d;z;
0;81;;0,025279862;;25,27986208;NCD;8;FDB;3;d;z;
0;82;;0,024944239;;24,94423907;NCD;8;FDB;3;d;z;
0;83;;0,021139543;;21,13954317;NCD;8;FDB;3;d;z;
0;84;;0,027371404;;27,37140437;NCD;8;FDB;3;d;z;
0;85;;0,032537995;;32,53799514;NCD;8;FDB;3;d;z;
0;86;;0,02805001;;28,05000986;NCD;8;FDB;3;d;z;
0;87;;0,029579173;;29,57917295;NCD;8;FDB;3;d;z;
0;88;;0,0310083;;31,00829983;NCD;8;FDB;3;d;z;
0;89;;0,024394288;;24,39428767;NCD;8;FDB;3;d;z;
0;90;;0,029102889;;29,10288874;NCD;8;FDB;3;d;z;
0;91;;0,027062133;;27,06213319;NCD;8;FDB;3;d;z;
0;92;;0,031103982;;31,10398233;NCD;8;FDB;3;d;z;
0;93;;0,032364402;;32,36440192;NCD;8;FDB;3;d;z;
0;94;;0,030269776;;30,26977576;NCD;8;FDB;3;d;z;
0;95;;0,023388377;;23,38837705;NCD;8;FDB;3;d;z;
0;96;;0,029186594;;29,18659407;NCD;8;FDB;3;d;z;
0;97;;0,026512129;;26,51212923;NCD;8;FDB;3;d;z;
0;98;;0,028367765;;28,36776478;NCD;8;FDB;3;d;z;
0;99;;0,033367972;;33,36797196;NCD;8;FDB;3;d;z;
0;100;;0,031526237;;31,52623721;NCD;8;FDB;3;d;z;
0;101;;0,033885772;;33,88577236;NCD;8;FDB;3;d;z;
0;102;;0,034220997;;34,22099689;NCD;8;FDB;3;d;z;
0;103;;0,026832828;;26,8328279;NCD;8;FDB;3;d;z;
0;104;;0,033075212;;33,07521242;NCD;8;FDB;3;d;z;
0;105;;0,037025995;;37,02599497;NCD;8;FDB;3;d;z;
0;106;;0,032308629;;32,30862946;NCD;8;FDB;3;d;z;
0;107;;0,030112131;;30,11213106;NCD;8;FDB;3;d;z;
0;108;;0,030193403;;30,19340262;NCD;8;FDB;3;d;z;
0;109;;0,029333413;;29,3334128;NCD;8;FDB;3;d;z;
0;110;;0,030854979;;30,85497883;NCD;8;FDB;3;d;z;
0;111;;0,035772913;;35,77291332;NCD;8;FDB;3;d;z;
0;112;;0,03258227;;32,58226968;NCD;8;FDB;3;d;z;
0;113;;0,042640672;;42,64067166;NCD;8;FDB;3;d;z;
0;1;;0,008279264;;8,279264169;NCD;8;FDB;3;d;z002;
0;2;;0,010098011;;10,09801053;NCD;8;FDB;3;d;z002;
0;3;;0,007854018;;7,854017895;NCD;8;FDB;3;d;z002;
0;4;;0,010839288;;10,83928811;NCD;8;FDB;3;d;z002;
0;5;;0,012042574;;12,04257375;NCD;8;FDB;3;d;z002;
0;6;;0,013464014;;13,46401405;NCD;8;FDB;3;d;z002;
0;7;;0,013010814;;13,01081443;NCD;8;FDB;3;d;z002;
0;8;;0,009972252;;9,972252397;NCD;8;FDB;3;d;z002;
0;9;;0,013463999;;13,46399949;NCD;8;FDB;3;d;z002;
0;10;;0,014925783;;14,92578315;NCD;8;FDB;3;d;z002;
0;11;;0,012576832;;12,57683228;NCD;8;FDB;3;d;z002;
0;12;;0,013487367;;13,4873671;NCD;8;FDB;3;d;z002;
0;13;;0,014677424;;14,67742391;NCD;8;FDB;3;d;z002;
0;14;;0,010740117;;10,74011653;NCD;8;FDB;3;d;z002;
0;15;;0,010887417;;10,88741707;NCD;8;FDB;3;d;z002;
0;16;;0,011006982;;11,00698206;NCD;8;FDB;3;d;z002;
0;17;;0,012193838;;12,19383838;NCD;8;FDB;3;d;z002;
0;18;;0,011781005;;11,78100501;NCD;8;FDB;3;d;z002;
0;19;;0,012903001;;12,90300133;NCD;8;FDB;3;d;z002;
0;20;;0,016583828;;16,58382814;NCD;8;FDB;3;d;z002;
0;21;;0,014954425;;14,95442452;NCD;8;FDB;3;d;z002;
0;22;;0,011780998;;11,78099774;NCD;8;FDB;3;d;z002;
0;23;;0,012874781;;12,87478076;NCD;8;FDB;3;d;z002;
0;24;;0,014049665;;14,04966504;NCD;8;FDB;3;d;z002;
0;25;;0,015084056;;15,08405617;NCD;8;FDB;3;d;z002;
0;26;;0,016700985;;16,7009849;NCD;8;FDB;3;d;z002;
0;27;;0,011039031;;11,03903137;NCD;8;FDB;3;d;z002;
0;28;;0,014878444;;14,87844356;NCD;8;FDB;3;d;z002;
0;29;;0,012902833;;12,90283263;NCD;8;FDB;3;d;z002;
0;30;;0,011540792;;11,54079198;NCD;8;FDB;3;d;z002;
0;31;;0,015999152;;15,9991515;NCD;8;FDB;3;d;z002;
0;32;;0,014586003;;14,58600309;NCD;8;FDB;3;d;z002;
0;33;;0,015147009;;15,14700853;NCD;8;FDB;3;d;z002;
0;34;;0,01117033;;11,17032977;NCD;8;FDB;3;d;z002;
0;35;;0,013463999;;13,46399949;NCD;8;FDB;3;d;z002;
0;36;;0,01402499;;14,02499038;NCD;8;FDB;3;d;z002;
0;37;;0,016829988;;16,82998845;NCD;8;FDB;3;d;z002;
0;38;;0,014091071;;14,09107107;NCD;8;FDB;3;d;z002;
0;39;;0,016307652;;16,30765169;NCD;8;FDB;3;d;z002;
0;40;;0,015423417;;15,42341661;NCD;8;FDB;3;d;z002;
0;41;;0,014551434;;14,5514338;NCD;8;FDB;3;d;z002;
0;42;;0,017084715;;17,08471505;NCD;8;FDB;3;d;z002;
0;43;;0,017055144;;17,05514385;NCD;8;FDB;3;d;z002;
0;44;;0,015147001;;15,14700125;NCD;8;FDB;3;d;z002;
0;45;;0,018689076;;18,6890759;NCD;8;FDB;3;d;z002;
0;46;;0,013044608;;13,04460751;NCD;8;FDB;3;d;z002;
0;47;;0,014762628;;14,76262782;NCD;8;FDB;3;d;z002;
0;48;;0,018478315;;18,47831494;NCD;8;FDB;3;d;z002;
0;49;;0,016699663;;16,69966311;NCD;8;FDB;3;d;z002;
0;50;;0,018513005;;18,51300476;NCD;8;FDB;3;d;z002;
0;51;;0,013366884;;13,3668837;NCD;8;FDB;3;d;z002;
0;52;;0,017951999;;17,95199933;NCD;8;FDB;3;d;z002;
0;53;;0,015740886;;15,74088552;NCD;8;FDB;3;d;z002;
0;54;;0,018513005;;18,51300476;NCD;8;FDB;3;d;z002;
0;55;;0,018513005;;18,51300476;NCD;8;FDB;3;d;z002;
0;56;;0,019487776;;19,48777647;NCD;8;FDB;3;d;z002;
0;57;;0,018029878;;18,02987792;NCD;8;FDB;3;d;z002;
0;58;;0,019223024;;19,22302433;NCD;8;FDB;3;d;z002;
0;59;;0,020153292;;20,15329181;NCD;8;FDB;3;d;z002;
0;60;;0,01622592;;16,22592014;NCD;8;FDB;3;d;z002;
0;61;;0,018513005;;18,51300476;NCD;8;FDB;3;d;z002;
0;62;;0,018513005;;18,51300476;NCD;8;FDB;3;d;z002;
0;63;;0,017407467;;17,40746686;NCD;8;FDB;3;d;z002;
0;64;;0,013590169;;13,59016854;NCD;8;FDB;3;d;z002;
0;65;;0,018372286;;18,37228642;NCD;8;FDB;3;d;z002;
0;66;;0,012628196;;12,6281961;NCD;8;FDB;3;d;z002;
0;67;;0,020196007;;20,19600652;NCD;8;FDB;3;d;z002;
0;68;;0,019414953;;19,41495313;NCD;8;FDB;3;d;z002;
0;69;;0,014736502;;14,73650195;NCD;8;FDB;3;d;z002;
0;70;;0,01897413;;18,97413032;NCD;8;FDB;3;d;z002;
0;71;;0,01452655;;14,52654983;NCD;8;FDB;3;d;z002;
0;72;;0,015053212;;15,05321231;NCD;8;FDB;3;d;z002;
0;73;;0,020156698;;20,15669806;NCD;8;FDB;3;d;z002;
0;74;;0,018850085;;18,85008529;NCD;8;FDB;3;d;z002;
0;75;;0,020195992;;20,19599197;NCD;8;FDB;3;d;z002;
0;76;;0,021817816;;21,81781621;NCD;8;FDB;3;d;z002;
0;77;;0,017178148;;17,17814845;NCD;8;FDB;3;d;z002;
0;78;;0,019254623;;19,25462251;NCD;8;FDB;3;d;z002;
0;79;;0,018254519;;18,25451851;NCD;8;FDB;3;d;z002;
0;80;;0,015708007;;15,70800669;NCD;8;FDB;3;d;z002;
0;81;;0,021818376;;21,81837619;NCD;8;FDB;3;d;z002;
0;82;;0,021878994;;21,87899372;NCD;8;FDB;3;d;z002;
0;83;;0,016546614;;16,54661393;NCD;8;FDB;3;d;z002;
0;84;;0,022439999;;22,43999916;NCD;8;FDB;3;d;z002;
0;85;;0,01806387;;18,06387039;NCD;8;FDB;3;d;z002;
0;86;;0,022743057;;22,7430571;NCD;8;FDB;3;d;z002;
0;87;;0,019302522;;19,3025224;NCD;8;FDB;3;d;z002;
0;88;;0,017635079;;17,63507896;NCD;8;FDB;3;d;z002;
0;89;;0,013662434;;13,66243421;NCD;8;FDB;3;d;z002;
0;90;;0,016249184;;16,24918364;NCD;8;FDB;3;d;z002;
0;91;;0,017719193;;17,7191932;NCD;8;FDB;3;d;z002;
0;92;;0,023000997;;23,00099732;NCD;8;FDB;3;d;z002;
0;93;;0,021134114;;21,13411419;NCD;8;FDB;3;d;z002;
0;94;;0,015887825;;15,88782516;NCD;8;FDB;3;d;z002;
0;95;;0,019314639;;19,31463919;NCD;8;FDB;3;d;z002;
0;96;;0,020195992;;20,19599197;NCD;8;FDB;3;d;z002;
0;97;;0,021074515;;21,07451546;NCD;8;FDB;3;d;z002;
0;98;;0,016830018;;16,83001756;NCD;8;FDB;3;d;z002;
0;99;;0,016720772;;16,72077249;NCD;8;FDB;3;d;z002;
0;100;;0,016793881;;16,7938812;NCD;8;FDB;3;d;z002;
0;101;;0,017307213;;17,30721253;NCD;8;FDB;3;d;z002;
0;102;;0,016268998;;16,26899757;NCD;8;FDB;3;d;z002;
0;103;;0,021086437;;21,08643738;NCD;8;FDB;3;d;z002;
0;104;;0,025111053;;25,11105313;NCD;8;FDB;3;d;z002;
0;105;;0,021721851;;21,72185072;NCD;8;FDB;3;d;z002;
0;106;;0,019635016;;19,63501563;NCD;8;FDB;3;d;z002;
0;107;;0,025449582;;25,44958194;NCD;8;FDB;3;d;z002;
0;108;;0,020603114;;20,60311365;NCD;8;FDB;3;d;z002;
0;109;;0,026358794;;26,35879412;NCD;8;FDB;3;d;z002;
0;110;;0,015695785;;15,69578535;NCD;8;FDB;3;d;z002;
0;111;;0,020224313;;20,22431349;NCD;8;FDB;3;d;z002;
0;112;;0,01754166;;17,54165993;NCD;8;FDB;3;d;z002;
0;113;;0,019987577;;19,98757674;NCD;8;FDB;3;d;z002;
0;114;;0,024683992;;24,6839918;NCD;8;FDB;3;d;z002;
0;115;;0,022594254;;22,59425436;NCD;8;FDB;3;d;z002;
0;116;;0,021318003;;21,31800284;NCD;8;FDB;3;d;z002;
0;117;;0,018513005;;18,51300476;NCD;8;FDB;3;d;z002;
0;118;;0,022439999;;22,43999916;NCD;8;FDB;3;d;z002;
0;119;;0,024123001;;24,12300091;NCD;8;FDB;3;d;z002;
0;120;;0,027312309;;27,31230856;NCD;8;FDB;3;d;z002;
0;121;;0,024552446;;24,55244552;NCD;8;FDB;3;d;z002;
0;122;;0,023652071;;23,65207099;NCD;8;FDB;3;d;z002;
0;123;;0,025326157;;25,32615664;NCD;8;FDB;3;d;z002;
0;124;;0,022193481;;22,19348112;NCD;8;FDB;3;d;z002;
0;125;;0,019569177;;19,56917666;NCD;8;FDB;3;d;z002;
0;126;;0,024683977;;24,68397724;NCD;8;FDB;3;d;z002;
0;127;;0,024225055;;24,22505451;NCD;8;FDB;3;d;z002;
0;128;;0,02755716;;27,55716034;NCD;8;FDB;3;d;z002;
0;129;;0,023188085;;23,18808512;NCD;8;FDB;3;d;z002;
0;130;;0,020757012;;20,75701195;NCD;8;FDB;3;d;z002;
0;131;;0,020195999;;20,19599924;NCD;8;FDB;3;d;z002;
0;132;;0,024329734;;24,32973379;NCD;8;FDB;3;d;z002;
0;133;;0,025806003;;25,80600267;NCD;8;FDB;3;d;z002;
0;134;;0,022328949;;22,32894873;NCD;8;FDB;3;d;z002;
0;135;;0,020911564;;20,91156371;NCD;8;FDB;3;d;z002;
0;136;;0,020756997;;20,7569974;NCD;8;FDB;3;d;z002;
0;137;;0,026961229;;26,96122879;NCD;8;FDB;3;d;z002;
0;138;;0,027987276;;27,98727619;NCD;8;FDB;3;d;z002;
0;139;;0,023082846;;23,08284634;NCD;8;FDB;3;d;z002;
0;140;;0,027726738;;27,72673801;NCD;8;FDB;3;d;z002;
0;141;;0,028092163;;28,09216283;NCD;8;FDB;3;d;z002;
0;142;;0,02229401;;22,29401036;NCD;8;FDB;3;d;z002;
0;143;;0,03047934;;30,47934033;NCD;8;FDB;3;d;z002;
0;144;;0,026003198;;26,00319792;NCD;8;FDB;3;d;z002;
0;145;;0,025736606;;25,73660581;NCD;8;FDB;3;d;z002;
0;146;;0,021318003;;21,31800284;NCD;8;FDB;3;d;z002;
0;147;;0,020195992;;20,19599197;NCD;8;FDB;3;d;z002;
0;148;;0,030381243;;30,38124299;NCD;8;FDB;3;d;z002;
0;149;;0,028089535;;28,08953497;NCD;8;FDB;3;d;z002;
0;150;;0,023397509;;23,39750908;NCD;8;FDB;3;d;z002;
0;151;;0,02552155;;25,52155002;NCD;8;FDB;3;d;z002;
0;152;;0,025339579;;25,33957916;NCD;8;FDB;3;d;z002;
0;153;;0,021176909;;21,17690949;NCD;8;FDB;3;d;z002;
0;154;;0,025541815;;25,54181506;NCD;8;FDB;3;d;z002;
0;155;;0,025339568;;25,33956777;NCD;8;FDB;3;d;z002;
0;156;;0,027768095;;27,76809512;NCD;8;FDB;3;d;z002;
0;157;;0,023001001;;23,00100095;NCD;8;FDB;3;d;z002;
0;158;;0,026181358;;26,18135785;NCD;8;FDB;3;d;z002;
0;159;;0,029267342;;29,26734234;NCD;8;FDB;3;d;z002;
0;160;;0,02419728;;24,19728023;NCD;8;FDB;3;d;z002;
0;161;;0,028610986;;28,61098619;NCD;8;FDB;3;d;z002;
0;162;;0,02709578;;27,09577956;NCD;8;FDB;3;d;z002;
0;163;;0,029867119;;29,86711882;NCD;8;FDB;3;d;z002;
0;164;;0,031630195;;31,63019546;NCD;8;FDB;3;d;z002;
0;165;;0,023344732;;23,34473165;NCD;8;FDB;3;d;z002;
0;166;;0,030518048;;30,51804789;NCD;8;FDB;3;d;z002;
0;167;;0,028470429;;28,47042936;NCD;8;FDB;3;d;z002;
0;168;;0,033660006;;33,66000601;NCD;8;FDB;3;d;z002;
0;169;;0,035054039;;35,05403945;NCD;8;FDB;3;d;z002;
0;170;;0,026046432;;26,04643212;NCD;8;FDB;3;d;z002;
0;171;;0,032899506;;32,89950561;NCD;8;FDB;3;d;z002;
0;172;;0,026733822;;26,73382241;NCD;8;FDB;3;d;z002;
0;173;;0,029102907;;29,10290664;NCD;8;FDB;3;d;z002;
0;174;;0,038413812;;38,41381185;NCD;8;FDB;3;d;z002;
0;175;;0,035546443;;35,54644294;NCD;8;FDB;3;d;z002;
0;176;;0,032556574;;32,55657368;NCD;8;FDB;3;d;z002;
0;177;;0,031416013;;31,41601337;NCD;8;FDB;3;d;z002;
0;178;;0,035713943;;35,71394275;NCD;8;FDB;3;d;z002;
0;179;;0,034454395;;34,45439487;NCD;8;FDB;3;d;z002;
0;180;;0,032516409;;32,51640926;NCD;8;FDB;3;d;z002;
0;181;;0,043724551;;43,72455051;NCD;8;FDB;3;d;z002;
0;1;;0,008185223;;8,185222796;NCD;8;FDB;3;i;z;
0;2;;0,009050284;;9,050284433;NCD;8;FDB;3;i;z;
0;3;;0,009917186;;9,917186382;NCD;8;FDB;3;i;z;
0;4;;0,008976;;8,975999663;NCD;8;FDB;3;i;z;
0;5;;0,011773068;;11,77306785;NCD;8;FDB;3;i;z;
0;6;;0,011173689;;11,17368946;NCD;8;FDB;3;i;z;
0;7;;0,011167991;;11,16799134;NCD;8;FDB;3;i;z;
0;8;;0,010658987;;10,65898687;NCD;8;FDB;3;i;z;
0;9;;0,008760649;;8,760649007;NCD;8;FDB;3;i;z;
0;10;;0,008716048;;8,716047743;NCD;8;FDB;3;i;z;
0;11;;0,008414994;;8,414994227;NCD;8;FDB;3;i;z;
0;12;;0,011112744;;11,11274381;NCD;8;FDB;3;i;z;
0;13;;0,009605712;;9,60571181;NCD;8;FDB;3;i;z;
0;14;;0,011107248;;11,10724834;NCD;8;FDB;3;i;z;
0;15;;0,01011815;;10,1181502;NCD;8;FDB;3;i;z;
0;16;;0,012303487;;12,30348728;NCD;8;FDB;3;i;z;
0;17;;0,011842831;;11,84283129;NCD;8;FDB;3;i;z;
0;18;;0,009744041;;9,744040896;NCD;8;FDB;3;i;z;
0;19;;0,012694001;;12,69400104;NCD;8;FDB;3;i;z;
0;20;;0,011052666;;11,05266613;NCD;8;FDB;3;i;z;
0;21;;0,014280743;;14,28074345;NCD;8;FDB;3;i;z;
0;22;;0,013063536;;13,06353626;NCD;8;FDB;3;i;z;
0;23;;0,010658987;;10,65898687;NCD;8;FDB;3;i;z;
0;24;;0,012274234;;12,27423428;NCD;8;FDB;3;i;z;
0;25;;0,013062677;;13,06267724;NCD;8;FDB;3;i;z;
0;26;;0,011791704;;11,79170402;NCD;8;FDB;3;i;z;
0;27;;0,011246415;;11,24641518;NCD;8;FDB;3;i;z;
0;28;;0,009425477;;9,425476891;NCD;8;FDB;3;i;z;
0;29;;0,013437846;;13,43784633;NCD;8;FDB;3;i;z;
0;30;;0,014607459;;14,60745904;NCD;8;FDB;3;i;z;
0;31;;0,010537125;;10,53712516;NCD;8;FDB;3;i;z;
0;32;;0,012237309;;12,23730884;NCD;8;FDB;3;i;z;
0;33;;0,013306015;;13,30601546;NCD;8;FDB;3;i;z;
0;34;;0,012293457;;12,29345651;NCD;8;FDB;3;i;z;
0;35;;0,01011815;;10,1181502;NCD;8;FDB;3;i;z;
0;36;;0,015867496;;15,86749615;NCD;8;FDB;3;i;z;
0;37;;0,014314164;;14,31416402;NCD;8;FDB;3;i;z;
0;38;;0,01087184;;10,87184003;NCD;8;FDB;3;i;z;
0;39;;0,013502919;;13,50291873;NCD;8;FDB;3;i;z;
0;40;;0,014280743;;14,28074345;NCD;8;FDB;3;i;z;
0;41;;0,012207069;;12,20706876;NCD;8;FDB;3;i;z;
0;42;;0,01402499;;14,02499038;NCD;8;FDB;3;i;z;
0;43;;0,013482005;;13,48200456;NCD;8;FDB;3;i;z;
0;44;;0,015304121;;15,30412109;NCD;8;FDB;3;i;z;
0;45;;0,014554979;;14,55497939;NCD;8;FDB;3;i;z;
0;46;;0,012586215;;12,58621503;NCD;8;FDB;3;i;z;
0;47;;0,013688539;;13,68853949;NCD;8;FDB;3;i;z;
0;48;;0,01040186;;10,40186017;NCD;8;FDB;3;i;z;
0;49;;0,015266385;;15,26638475;NCD;8;FDB;3;i;z;
0;50;;0,012694001;;12,69400104;NCD;8;FDB;3;i;z;
0;51;;0,014414915;;14,41491512;NCD;8;FDB;3;i;z;
0;52;;0,013464014;;13,46401405;NCD;8;FDB;3;i;z;
0;53;;0,01495907;;14,95907007;NCD;8;FDB;3;i;z;
0;54;;0,010976536;;10,9765361;NCD;8;FDB;3;i;z;
0;55;;0,01448706;;14,48705995;NCD;8;FDB;3;i;z;
0;56;;0,012541097;;12,54109684;NCD;8;FDB;3;i;z;
0;57;;0,013499016;;13,49901594;NCD;8;FDB;3;i;z;
0;58;;0,015147001;;15,14700125;NCD;8;FDB;3;i;z;
0;59;;0,014029347;;14,02934731;NCD;8;FDB;3;i;z;
0;60;;0,015322332;;15,32233213;NCD;8;FDB;3;i;z;
0;61;;0,012486871;;12,48687088;NCD;8;FDB;3;i;z;
0;62;;0,015308828;;15,30882759;NCD;8;FDB;3;i;z;
0;63;;0,017833486;;17,83348585;NCD;8;FDB;3;i;z;
0;64;;0,017600317;;17,60031725;NCD;8;FDB;3;i;z;
0;65;;0,016705877;;16,70587697;NCD;8;FDB;3;i;z;
0;66;;0,015765799;;15,76579862;NCD;8;FDB;3;i;z;
0;67;;0,014212178;;14,21217831;NCD;8;FDB;3;i;z;
0;68;;0,01469313;;14,69312995;NCD;8;FDB;3;i;z;
0;69;;0,013675915;;13,67591469;NCD;8;FDB;3;i;z;
0;70;;0,015546712;;15,54671226;NCD;8;FDB;3;i;z;
0;71;;0,012341974;;12,34197407;NCD;8;FDB;3;i;z;
0;72;;0,013556861;;13,55686058;NCD;8;FDB;3;i;z;
0;73;;0,012903009;;12,90300861;NCD;8;FDB;3;i;z;
0;74;;0,016988371;;16,98837063;NCD;8;FDB;3;i;z;
0;75;;0,018046899;;18,04689865;NCD;8;FDB;3;i;z;
0;76;;0,015826733;;15,82673342;NCD;8;FDB;3;i;z;
0;77;;0,013578694;;13,57869398;NCD;8;FDB;3;i;z;
0;78;;0,016686479;;16,68647866;NCD;8;FDB;3;i;z;
0;79;;0,017704826;;17,70482566;NCD;8;FDB;3;i;z;
0;80;;0,013615751;;13,61575135;NCD;8;FDB;3;i;z;
0;81;;0,016701275;;16,70127504;NCD;8;FDB;3;i;z;
0;82;;0,016689008;;16,68900842;NCD;8;FDB;3;i;z;
0;83;;0,016830018;;16,83001756;NCD;8;FDB;3;i;z;
0;84;;0,01648981;;16,48981023;NCD;8;FDB;3;i;z;
0;85;;0,020058468;;20,05846807;NCD;8;FDB;3;i;z;
0;86;;0,019594228;;19,59422835;NCD;8;FDB;3;i;z;
0;87;;0,017531277;;17,53127733;NCD;8;FDB;3;i;z;
0;88;;0,020756997;;20,7569974;NCD;8;FDB;3;i;z;
0;89;;0,019373544;;19,3735443;NCD;8;FDB;3;i;z;
0;90;;0,020231033;;20,23103264;NCD;8;FDB;3;i;z;
0;91;;0,01439745;;14,39745011;NCD;8;FDB;3;i;z;
0;92;;0,017278;;17,27799959;NCD;8;FDB;3;i;z;
0;93;;0,020195992;;20,19599197;NCD;8;FDB;3;i;z;
0;94;;0,012644726;;12,644726;NCD;8;FDB;3;i;z;
0;95;;0,01836673;;18,36673005;NCD;8;FDB;3;i;z;
0;96;;0,01626787;;16,26786995;NCD;8;FDB;3;i;z;
0;97;;0,020382124;;20,38212387;NCD;8;FDB;3;i;z;
0;98;;0,021769336;;21,76933596;NCD;8;FDB;3;i;z;
0;99;;0,019886058;;19,88605788;NCD;8;FDB;3;i;z;
0;100;;0,014089682;;14,08968195;NCD;8;FDB;3;i;z;
0;101;;0,020399507;;20,39950746;NCD;8;FDB;3;i;z;
0;102;;0,020823613;;20,82361319;NCD;8;FDB;3;i;z;
0;103;;0,020708776;;20,70877614;NCD;8;FDB;3;i;z;
0;104;;0,022439985;;22,4399846;NCD;8;FDB;3;i;z;
0;105;;0,022078059;;22,07805948;NCD;8;FDB;3;i;z;
0;106;;0,01806691;;18,06691007;NCD;8;FDB;3;i;z;
0;107;;0,01785094;;17,8509396;NCD;8;FDB;3;i;z;
0;108;;0,022611167;;22,61116684;NCD;8;FDB;3;i;z;
0;109;;0,014025019;;14,02501948;NCD;8;FDB;3;i;z;
0;110;;0,021882939;;21,88293889;NCD;8;FDB;3;i;z;
0;111;;0,022440014;;22,44001371;NCD;8;FDB;3;i;z;
0;112;;0,015122365;;15,12236484;NCD;8;FDB;3;i;z;
0;113;;0,021318003;;21,31800284;NCD;8;FDB;3;i;z;
0;114;;0,019244125;;19,24412535;NCD;8;FDB;3;i;z;
0;115;;0,020195999;;20,19599924;NCD;8;FDB;3;i;z;
0;116;;0,023493916;;23,49391625;NCD;8;FDB;3;i;z;
0;117;;0,021024414;;21,02441414;NCD;8;FDB;3;i;z;
0;118;;0,022363291;;22,36329077;NCD;8;FDB;3;i;z;
0;119;;0,021317996;;21,31799556;NCD;8;FDB;3;i;z;
0;120;;0,022584925;;22,58492534;NCD;8;FDB;3;i;z;
0;121;;0,017962986;;17,96298603;NCD;8;FDB;3;i;z;
0;122;;0,016829996;;16,82999573;NCD;8;FDB;3;i;z;
0;123;;0,022913136;;22,91313613;NCD;8;FDB;3;i;z;
0;124;;0,024123001;;24,12300091;NCD;8;FDB;3;i;z;
0;125;;0,024424021;;24,42402122;NCD;8;FDB;3;i;z;
0;126;;0,021304833;;21,3048333;NCD;8;FDB;3;i;z;
0;127;;0,021827164;;21,82716371;NCD;8;FDB;3;i;z;
0;128;;0,022439999;;22,43999916;NCD;8;FDB;3;i;z;
0;129;;0,021794364;;21,79436388;NCD;8;FDB;3;i;z;
0;130;;0,023561995;;23,56199548;NCD;8;FDB;3;i;z;
0;131;;0,022053402;;22,0534024;NCD;8;FDB;3;i;z;
0;132;;0,018850315;;18,8503145;NCD;8;FDB;3;i;z;
0;133;;0,019331698;;19,33169847;NCD;8;FDB;3;i;z;
0;134;;0,023330896;;23,33089559;NCD;8;FDB;3;i;z;
0;135;;0,025019115;;25,01911455;NCD;8;FDB;3;i;z;
0;136;;0,026366994;;26,36699355;NCD;8;FDB;3;i;z;
0;137;;0,028049995;;28,04999531;NCD;8;FDB;3;i;z;
0;138;;0,020165586;;20,16558563;NCD;8;FDB;3;i;z;
0;139;;0,023774175;;23,77417546;NCD;8;FDB;3;i;z;
0;140;;0,018077406;;18,07740573;NCD;8;FDB;3;i;z;
0;141;;0,023801239;;23,80123908;NCD;8;FDB;3;i;z;
0;142;;0,024500337;;24,50033656;NCD;8;FDB;3;i;z;
0;143;;0,02758675;;27,58675001;NCD;8;FDB;3;i;z;
0;144;;0,023104993;;23,10499298;NCD;8;FDB;3;i;z;
0;145;;0,028958157;;28,95815707;NCD;8;FDB;3;i;z;
0;146;;0,022439999;;22,43999916;NCD;8;FDB;3;i;z;
0;147;;0,02770816;;27,70816003;NCD;8;FDB;3;i;z;
0;148;;0,026349864;;26,34986368;NCD;8;FDB;3;i;z;
0;149;;0,024679326;;24,67932632;NCD;8;FDB;3;i;z;
0;150;;0,028730854;;28,73085383;NCD;8;FDB;3;i;z;
0;151;;0,022440029;;22,44002913;NCD;8;FDB;3;i;z;
0;152;;0,02902335;;29,0233502;NCD;8;FDB;3;i;z;
0;153;;0,028027109;;28,02710853;NCD;8;FDB;3;i;z;
0;154;;0,028783635;;28,78363498;NCD;8;FDB;3;i;z;
0;155;;0,031415984;;31,41598427;NCD;8;FDB;3;i;z;
0;156;;0,028611015;;28,6110153;NCD;8;FDB;3;i;z;
0;157;;0,028915524;;28,9155241;NCD;8;FDB;3;i;z;
0;158;;0,033718405;;33,71840489;NCD;8;FDB;3;i;z;
0;159;;0,033051944;;33,05194376;NCD;8;FDB;3;i;z;
0;160;;0,028836503;;28,83650301;NCD;8;FDB;3;i;z;
0;161;;0,037288591;;37,28859075;NCD;8;FDB;3;i;z;
0;1;;0,011039023;;11,03902323;NCD;8;FDB;4;d;z;
0;2;;0,011220007;;11,22000685;NCD;8;FDB;4;d;z;
0;3;;0,010098011;;10,09801053;NCD;8;FDB;4;d;z;
0;4;;0,007854003;;7,854003343;NCD;8;FDB;4;d;z;
0;5;;0,012543705;;12,54370466;NCD;8;FDB;4;d;z;
0;6;;0,013464014;;13,46401405;NCD;8;FDB;4;d;z;
0;7;;0,009224217;;9,224216969;NCD;8;FDB;4;d;z;
0;8;;0,012342003;;12,34200317;NCD;8;FDB;4;d;z;
0;9;;0,014280743;;14,28074345;NCD;8;FDB;4;d;z;
0;10;;0,01136957;;11,36957041;NCD;8;FDB;4;d;z;
0;11;;0,007292998;;7,292997907;NCD;8;FDB;4;d;z;
0;12;;0,011220007;;11,22000685;NCD;8;FDB;4;d;z;
0;13;;0,010695651;;10,6956508;NCD;8;FDB;4;d;z;
0;14;;0,011136964;;11,13696412;NCD;8;FDB;4;d;z;
0;15;;0,011878119;;11,87811949;NCD;8;FDB;4;d;z;
0;16;;0,015251686;;15,25168623;NCD;8;FDB;4;d;z;
0;17;;0,011781001;;11,78100138;NCD;8;FDB;4;d;z;
0;18;;0,013038488;;13,03848794;NCD;8;FDB;4;d;z;
0;19;;0,015707992;;15,70799213;NCD;8;FDB;4;d;z;
0;20;;0,016264165;;16,26416504;NCD;8;FDB;4;d;z;
0;21;;0,012284661;;12,28466055;NCD;8;FDB;4;d;z;
0;22;;0,014379569;;14,37956858;NCD;8;FDB;4;d;z;
0;23;;0,009632225;;9,63222503;NCD;8;FDB;4;d;z;
0;24;;0,010659001;;10,65900142;NCD;8;FDB;4;d;z;
0;25;;0,015691515;;15,69151527;NCD;8;FDB;4;d;z;
0;26;;0,014224948;;14,22494804;NCD;8;FDB;4;d;z;
0;27;;0,013464014;;13,46401405;NCD;8;FDB;4;d;z;
0;28;;0,010710558;;10,71055759;NCD;8;FDB;4;d;z;
0;29;;0,016829988;;16,82998845;NCD;8;FDB;4;d;z;
0;30;;0,016268998;;16,26899757;NCD;8;FDB;4;d;z;
0;31;;0,012902998;;12,9029977;NCD;8;FDB;4;d;z;
0;32;;0,01107075;;11,07074974;NCD;8;FDB;4;d;z;
0;33;;0,015161927;;15,16192746;NCD;8;FDB;4;d;z;
0;34;;0,016264177;;16,26417661;NCD;8;FDB;4;d;z;
0;35;;0,017308157;;17,30815693;NCD;8;FDB;4;d;z;
0;36;;0,008968466;;8,968465604;NCD;8;FDB;4;d;z;
0;37;;0,011004907;;11,0049067;NCD;8;FDB;4;d;z;
0;38;;0,018469503;;18,46950282;NCD;8;FDB;4;d;z;
0;39;;0,013358027;;13,35802662;NCD;8;FDB;4;d;z;
0;40;;0,014362051;;14,3620513;NCD;8;FDB;4;d;z;
0;41;;0,015708007;;15,70800669;NCD;8;FDB;4;d;z;
0;42;;0,012293453;;12,29345325;NCD;8;FDB;4;d;z;
0;43;;0,013463996;;13,46399586;NCD;8;FDB;4;d;z;
0;44;;0,014920298;;14,92029766;NCD;8;FDB;4;d;z;
0;45;;0,017951999;;17,95199933;NCD;8;FDB;4;d;z;
0;46;;0,013884053;;13,8840527;NCD;8;FDB;4;d;z;
0;47;;0,019040991;;19,04099127;NCD;8;FDB;4;d;z;
0;48;;0,01577238;;15,77237955;NCD;8;FDB;4;d;z;
0;49;;0,019392129;;19,39212944;NCD;8;FDB;4;d;z;
0;50;;0,016558535;;16,55853485;NCD;8;FDB;4;d;z;
0;51;;0,01358329;;13,58329035;NCD;8;FDB;4;d;z;
0;52;;0,018704566;;18,70456631;NCD;8;FDB;4;d;z;
0;53;;0,01701276;;17,01275962;NCD;8;FDB;4;d;z;
0;54;;0,011251025;;11,25102482;NCD;8;FDB;4;d;z;
0;55;;0,012303678;;12,30367799;NCD;8;FDB;4;d;z;
0;56;;0,016148268;;16,14826789;NCD;8;FDB;4;d;z;
0;57;;0,015867486;;15,86748586;NCD;8;FDB;4;d;z;
0;58;;0,019464609;;19,46460863;NCD;8;FDB;4;d;z;
0;59;;0,016363781;;16,3637814;NCD;8;FDB;4;d;z;
0;60;;0,015267537;;15,26753654;NCD;8;FDB;4;d;z;
0;61;;0,019279502;;19,27950219;NCD;8;FDB;4;d;z;
0;62;;0,017545529;;17,54552871;NCD;8;FDB;4;d;z;
0;63;;0,017311203;;17,31120262;NCD;8;FDB;4;d;z;
0;64;;0,016830003;;16,83000301;NCD;8;FDB;4;d;z;
0;65;;0,020572724;;20,57272393;NCD;8;FDB;4;d;z;
0;66;;0,017690537;;17,6905366;NCD;8;FDB;4;d;z;
0;67;;0,019439012;;19,4390121;NCD;8;FDB;4;d;z;
0;68;;0,014547037;;14,5470365;NCD;8;FDB;4;d;z;
0;69;;0,020195992;;20,19599197;NCD;8;FDB;4;d;z;
0;70;;0,017491912;;17,49191174;NCD;8;FDB;4;d;z;
0;71;;0,018077398;;18,07739833;NCD;8;FDB;4;d;z;
0;72;;0,013171279;;13,17127909;NCD;8;FDB;4;d;z;
0;73;;0,017348074;;17,34807432;NCD;8;FDB;4;d;z;
0;74;;0,018535188;;18,53518773;NCD;8;FDB;4;d;z;
0;75;;0,021063294;;21,0632938;NCD;8;FDB;4;d;z;
0;76;;0,019113089;;19,11308884;NCD;8;FDB;4;d;z;
0;77;;0,019437672;;19,43767173;NCD;8;FDB;4;d;z;
0;78;;0,012609821;;12,60982063;NCD;8;FDB;4;d;z;
0;79;;0,021301638;;21,30163835;NCD;8;FDB;4;d;z;
0;80;;0,0170664;;17,06639966;NCD;8;FDB;4;d;z;
0;81;;0,021325392;;21,3253917;NCD;8;FDB;4;d;z;
0;82;;0,021111565;;21,11156499;NCD;8;FDB;4;d;z;
0;83;;0,017813298;;17,81329788;NCD;8;FDB;4;d;z;
0;84;;0,012038226;;12,03822559;NCD;8;FDB;4;d;z;
0;85;;0,019768234;;19,76823351;NCD;8;FDB;4;d;z;
0;86;;0,020196007;;20,19600652;NCD;8;FDB;4;d;z;
0;87;;0,016829996;;16,82999573;NCD;8;FDB;4;d;z;
0;88;;0,014974434;;14,9744336;NCD;8;FDB;4;d;z;
0;89;;0,021635542;;21,63554207;NCD;8;FDB;4;d;z;
0;90;;0,021318003;;21,31800284;NCD;8;FDB;4;d;z;
0;91;;0,021318003;;21,31800284;NCD;8;FDB;4;d;z;
0;92;;0,017508086;;17,50808644;NCD;8;FDB;4;d;z;
0;93;;0,019862895;;19,86289475;NCD;8;FDB;4;d;z;
0;94;;0,015710605;;15,71060471;NCD;8;FDB;4;d;z;
0;95;;0,018689078;;18,68907843;NCD;8;FDB;4;d;z;
0;96;;0,023048731;;23,04873055;NCD;8;FDB;4;d;z;
0;97;;0,016496533;;16,49653316;NCD;8;FDB;4;d;z;
0;98;;0,02182716;;21,82716046;NCD;8;FDB;4;d;z;
0;99;;0,020196021;;20,19602107;NCD;8;FDB;4;d;z;
0;100;;0,020756997;;20,7569974;NCD;8;FDB;4;d;z;
0;101;;0,017823801;;17,82380115;NCD;8;FDB;4;d;z;
0;102;;0,020756997;;20,7569974;NCD;8;FDB;4;d;z;
0;103;;0,021879008;;21,87900827;NCD;8;FDB;4;d;z;
0;104;;0,020857503;;20,8575027;NCD;8;FDB;4;d;z;
0;105;;0,021860718;;21,86071776;NCD;8;FDB;4;d;z;
0;106;;0,020070971;;20,07097144;NCD;8;FDB;4;d;z;
0;107;;0,02119041;;21,19040966;NCD;8;FDB;4;d;z;
0;108;;0,018963788;;18,96378801;NCD;8;FDB;4;d;z;
0;109;;0,018309383;;18,30938338;NCD;8;FDB;4;d;z;
0;110;;0,01907401;;19,0740102;NCD;8;FDB;4;d;z;
0;111;;0,02300099;;23,00099004;NCD;8;FDB;4;d;z;
0;112;;0,019635001;;19,63500108;NCD;8;FDB;4;d;z;
0;113;;0,022519835;;22,51983502;NCD;8;FDB;4;d;z;
0;114;;0,022439985;;22,4399846;NCD;8;FDB;4;d;z;
0;115;;0,015073381;;15,07338072;NCD;8;FDB;4;d;z;
0;116;;0,020477712;;20,47771248;NCD;8;FDB;4;d;z;
0;117;;0,018513005;;18,51300476;NCD;8;FDB;4;d;z;
0;118;;0,023583395;;23,58339502;NCD;8;FDB;4;d;z;
0;119;;0,026185532;;26,18553242;NCD;8;FDB;4;d;z;
0;120;;0,02336867;;23,36866953;NCD;8;FDB;4;d;z;
0;121;;0,023562003;;23,56200275;NCD;8;FDB;4;d;z;
0;122;;0,019189216;;19,18921591;NCD;8;FDB;4;d;z;
0;123;;0,021698695;;21,69869502;NCD;8;FDB;4;d;z;
0;124;;0,021879008;;21,87900827;NCD;8;FDB;4;d;z;
0;125;;0,02068377;;20,68377029;NCD;8;FDB;4;d;z;
0;126;;0,02356201;;23,56201003;NCD;8;FDB;4;d;z;
0;127;;0,020046014;;20,04601377;NCD;8;FDB;4;d;z;
0;128;;0,015623432;;15,6234319;NCD;8;FDB;4;d;z;
0;129;;0,022775507;;22,77550744;NCD;8;FDB;4;d;z;
0;130;;0,016760863;;16,76086326;NCD;8;FDB;4;d;z;
0;131;;0,024467851;;24,46785129;NCD;8;FDB;4;d;z;
0;132;;0,020327887;;20,3278871;NCD;8;FDB;4;d;z;
0;133;;0,021772912;;21,77291229;NCD;8;FDB;4;d;z;
0;134;;0,026343138;;26,34313782;NCD;8;FDB;4;d;z;
0;135;;0,025806017;;25,80601722;NCD;8;FDB;4;d;z;
0;136;;0,019884581;;19,88458089;NCD;8;FDB;4;d;z;
0;137;;0,02805001;;28,05000986;NCD;8;FDB;4;d;z;
0;138;;0,025806003;;25,80600267;NCD;8;FDB;4;d;z;
0;139;;0,022761896;;22,76189588;NCD;8;FDB;4;d;z;
0;140;;0,028867919;;28,86791916;NCD;8;FDB;4;d;z;
0;141;;0,0214465;;21,44650016;NCD;8;FDB;4;d;z;
0;142;;0,027635507;;27,63550657;NCD;8;FDB;4;d;z;
0;143;;0,026366994;;26,36699355;NCD;8;FDB;4;d;z;
0;144;;0,022374354;;22,37435402;NCD;8;FDB;4;d;z;
0;145;;0,026888351;;26,88835076;NCD;8;FDB;4;d;z;
0;146;;0,026366994;;26,36699355;NCD;8;FDB;4;d;z;
0;147;;0,029728636;;29,72863603;NCD;8;FDB;4;d;z;
0;148;;0,02770588;;27,70587976;NCD;8;FDB;4;d;z;
0;149;;0,02356201;;23,56201003;NCD;8;FDB;4;d;z;
0;150;;0,02107409;;21,07409035;NCD;8;FDB;4;d;z;
0;151;;0,028834973;;28,83497279;NCD;8;FDB;4;d;z;
0;152;;0,023561995;;23,56199548;NCD;8;FDB;4;d;z;
0;153;;0,024123001;;24,12300091;NCD;8;FDB;4;d;z;
0;154;;0,02445898;;24,45897961;NCD;8;FDB;4;d;z;
0;155;;0,026242295;;26,24229483;NCD;8;FDB;4;d;z;
0;156;;0,028891548;;28,89154826;NCD;8;FDB;4;d;z;
0;157;;0,028350232;;28,35023236;NCD;8;FDB;4;d;z;
0;158;;0,026792386;;26,79238567;NCD;8;FDB;4;d;z;
0;159;;0,028049995;;28,04999531;NCD;8;FDB;4;d;z;
0;160;;0,028341099;;28,34109938;NCD;8;FDB;4;d;z;
0;161;;0,030035065;;30,03506503;NCD;8;FDB;4;d;z;
0;162;;0,032113537;;32,11353706;NCD;8;FDB;4;d;z;
0;163;;0,028540845;;28,54084518;NCD;8;FDB;4;d;z;
0;164;;0,02609224;;26,09224042;NCD;8;FDB;4;d;z;
0;165;;0,027489004;;27,48900442;NCD;8;FDB;4;d;z;
0;166;;0,026366994;;26,36699355;NCD;8;FDB;4;d;z;
0;167;;0,024355484;;24,35548435;NCD;8;FDB;4;d;z;
0;168;;0,028350223;;28,3502226;NCD;8;FDB;4;d;z;
0;169;;0,025590464;;25,59046353;NCD;8;FDB;4;d;z;
0;170;;0,026186113;;26,18611312;NCD;8;FDB;4;d;z;
0;171;;0,021350476;;21,35047627;NCD;8;FDB;4;d;z;
0;172;;0,026366994;;26,36699355;NCD;8;FDB;4;d;z;
0;173;;0,028436731;;28,4367306;NCD;8;FDB;4;d;z;
0;174;;0,029967688;;29,96768766;NCD;8;FDB;4;d;z;
0;175;;0,031415999;;31,41599882;NCD;8;FDB;4;d;z;
0;176;;0,027489004;;27,48900442;NCD;8;FDB;4;d;z;
0;177;;0,034781988;;34,78198778;NCD;8;FDB;4;d;z;
0;178;;0,026117155;;26,11715466;NCD;8;FDB;4;d;z;
0;179;;0,028851991;;28,85199135;NCD;8;FDB;4;d;z;
0;180;;0,029751686;;29,75168566;NCD;8;FDB;4;d;z;
0;181;;0,019806038;;19,80603805;NCD;8;FDB;4;d;z;
0;182;;0,028958167;;28,95816736;NCD;8;FDB;4;d;z;
0;183;;0,024476449;;24,47644937;NCD;8;FDB;4;d;z;
0;184;;0,03081368;;30,81367994;NCD;8;FDB;4;d;z;
0;185;;0,029265015;;29,26501533;NCD;8;FDB;4;d;z;
0;186;;0,027536947;;27,53694723;NCD;8;FDB;4;d;z;
0;187;;0,034195295;;34,19529478;NCD;8;FDB;4;d;z;
0;188;;0,030855008;;30,85500794;NCD;8;FDB;4;d;z;
0;189;;0,034938735;;34,93873456;NCD;8;FDB;4;d;z;
0;190;;0,039912973;;39,91297302;NCD;8;FDB;4;d;z;
0;191;;0,028351231;;28,3512314;NCD;8;FDB;4;d;z;
0;192;;0,027848171;;27,84817098;NCD;8;FDB;4;d;z;
0;193;;0,028613073;;28,61307266;NCD;8;FDB;4;d;z;
0;194;;0,035496882;;35,49688225;NCD;8;FDB;4;d;z;
0;195;;0,030068275;;30,06827511;NCD;8;FDB;4;d;z;
0;1;;0,02300099;;23,00099004;NCD;8;FDB;4;i;z;
0;2;;0,021024424;;21,02442443;NCD;8;FDB;4;i;z;
0;3;;0,020169095;;20,16909548;NCD;8;FDB;4;i;z;
0;4;;0,019073981;;19,07398109;NCD;8;FDB;4;i;z;
0;5;;0,016829988;;16,82998845;NCD;8;FDB;4;i;z;
0;6;;0,022091742;;22,09174211;NCD;8;FDB;4;i;z;
0;7;;0,016584458;;16,5844583;NCD;8;FDB;4;i;z;
0;8;;0,022214476;;22,21447609;NCD;8;FDB;4;i;z;
0;9;;0,02296058;;22,96058016;NCD;8;FDB;4;i;z;
0;10;;0,024197909;;24,19790925;NCD;8;FDB;4;i;z;
0;11;;0,019265308;;19,26530781;NCD;8;FDB;4;i;z;
0;12;;0,020667591;;20,66759118;NCD;8;FDB;4;i;z;
0;13;;0,02356201;;23,56201003;NCD;8;FDB;4;i;z;
0;14;;0,02300099;;23,00099004;NCD;8;FDB;4;i;z;
0;15;;0,019624376;;19,62437646;NCD;8;FDB;4;i;z;
0;16;;0,025357622;;25,35762154;NCD;8;FDB;4;i;z;
0;17;;0,026569185;;26,56918511;NCD;8;FDB;4;i;z;
0;18;;0,022441164;;22,44116419;NCD;8;FDB;4;i;z;
0;19;;0,025784652;;25,78465167;NCD;8;FDB;4;i;z;
0;20;;0,027985399;;27,98539861;NCD;8;FDB;4;i;z;
0;21;;0,02575797;;25,75797009;NCD;8;FDB;4;i;z;
0;22;;0,025805988;;25,80598812;NCD;8;FDB;4;i;z;
0;23;;0,029171992;;29,17199163;NCD;8;FDB;4;i;z;
0;24;;0,024123001;;24,12300091;NCD;8;FDB;4;i;z;
0;25;;0,023783672;;23,78367217;NCD;8;FDB;4;i;z;
0;26;;0,020982239;;20,98223917;NCD;8;FDB;4;i;z;
0;27;;0,02428407;;24,2840699;NCD;8;FDB;4;i;z;
0;28;;0,025387981;;25,3879815;NCD;8;FDB;4;i;z;
0;29;;0,019726074;;19,726074;NCD;8;FDB;4;i;z;
0;30;;0,023561995;;23,56199548;NCD;8;FDB;4;i;z;
0;31;;0,025806017;;25,80601722;NCD;8;FDB;4;i;z;
0;32;;0,027488997;;27,48899715;NCD;8;FDB;4;i;z;
0;33;;0,025339581;;25,33958078;NCD;8;FDB;4;i;z;
0;34;;0,029982381;;29,98238134;NCD;8;FDB;4;i;z;
0;35;;0,02906858;;29,06858002;NCD;8;FDB;4;i;z;
0;36;;0,028559928;;28,559928;NCD;8;FDB;4;i;z;
0;37;;0,028376017;;28,37601661;NCD;8;FDB;4;i;z;
0;38;;0,026927999;;26,92799899;NCD;8;FDB;4;i;z;
0;39;;0,024403955;;24,40395481;NCD;8;FDB;4;i;z;
0;40;;0,031288746;;31,28874622;NCD;8;FDB;4;i;z;
0;41;;0,02777937;;27,77936999;NCD;8;FDB;4;i;z;
0;42;;0,02805001;;28,05000986;NCD;8;FDB;4;i;z;
0;43;;0,025928548;;25,92854847;NCD;8;FDB;4;i;z;
0;44;;0,032015861;;32,01586062;NCD;8;FDB;4;i;z;
0;45;;0,03269559;;32,6955899;NCD;8;FDB;4;i;z;
0;46;;0,028276034;;28,27603365;NCD;8;FDB;4;i;z;
0;47;;0,033099001;;33,09900058;NCD;8;FDB;4;i;z;
0;48;;0,03082798;;30,82798036;NCD;8;FDB;4;i;z;
0;49;;0,030157897;;30,15789686;NCD;8;FDB;4;i;z;
0;50;;0,025680762;;25,68076164;NCD;8;FDB;4;i;z;
0;51;;0,033785893;;33,78589346;NCD;8;FDB;4;i;z;
0;52;;0,03045174;;30,4517399;NCD;8;FDB;4;i;z;
0;53;;0,030294002;;30,2940025;NCD;8;FDB;4;i;z;
0;54;;0,033618835;;33,61883519;NCD;8;FDB;4;i;z;
0;55;;0,037586986;;37,58698585;NCD;8;FDB;4;i;z;
0;56;;0,028965228;;28,9652279;NCD;8;FDB;4;i;z;
0;57;;0,027708143;;27,70814289;NCD;8;FDB;4;i;z;
0;58;;0,029450918;;29,45091809;NCD;8;FDB;4;i;z;
0;59;;0,035227205;;35,22720462;NCD;8;FDB;4;i;z;
0;60;;0,032127089;;32,12708878;NCD;8;FDB;4;i;z;
0;61;;0,031250292;;31,25029231;NCD;8;FDB;4;i;z;
0;62;;0,033824822;;33,82482231;NCD;8;FDB;4;i;z;
0;63;;0,034962687;;34,9626868;NCD;8;FDB;4;i;z;
0;64;;0,031246855;;31,24685525;NCD;8;FDB;4;i;z;
0;65;;0,03880482;;38,80481955;NCD;8;FDB;4;i;z;
0;66;;0,032866193;;32,86619345;NCD;8;FDB;4;i;z;
0;67;;0,035713918;;35,71391845;NCD;8;FDB;4;i;z;
0;68;;0,036626751;;36,6267513;NCD;8;FDB;4;i;z;
0;69;;0,036302694;;36,30269394;NCD;8;FDB;4;i;z;
0;70;;0,03253801;;32,53800969;NCD;8;FDB;4;i;z;
0;71;;0,038164329;;38,16432924;NCD;8;FDB;4;i;z;
0;72;;0,038147999;;38,14799857;NCD;8;FDB;4;i;z;
0;73;;0,036589971;;36,58997106;NCD;8;FDB;4;i;z;
0;74;;0,030910636;;30,91063637;NCD;8;FDB;4;i;z;
0;75;;0,037197262;;37,19726152;NCD;8;FDB;4;i;z;
0;76;;0,028099337;;28,09933659;NCD;8;FDB;4;i;z;
0;77;;0,040065385;;40,06538483;NCD;8;FDB;4;i;z;
0;78;;0,039270002;;39,27000216;NCD;8;FDB;4;i;z;
0;79;;0,033025963;;33,02596333;NCD;8;FDB;4;i;z;
0;80;;0,044021119;;44,02111901;NCD;8;FDB;4;i;z;
0;81;;0,032832622;;32,83262158;NCD;8;FDB;4;i;z;
0;82;;0,040392013;;40,39201303;NCD;8;FDB;4;i;z;
0;83;;0,036553439;;36,55343947;NCD;8;FDB;4;i;z;
0;84;;0,035522023;;35,52202296;NCD;8;FDB;4;i;z;
0;85;;0,049233153;;49,23315342;NCD;8;FDB;4;i;z;
0;1;;0,013884093;;13,88409344;HFD;12;FDB;1;d;z;
0;2;;0,014649034;;14,6490345;HFD;12;FDB;1;d;z;
0;3;;0,018513005;;18,51300476;HFD;12;FDB;1;d;z;
0;4;;0,017832841;;17,83284138;HFD;12;FDB;1;d;z;
0;5;;0,012803539;;12,80353914;HFD;12;FDB;1;d;z;
0;6;;0,019866987;;19,86698726;HFD;12;FDB;1;d;z;
0;7;;0,018661306;;18,66130626;HFD;12;FDB;1;d;z;
0;8;;0,020317481;;20,31748125;HFD;12;FDB;1;d;z;
0;9;;0,022559216;;22,55921642;HFD;12;FDB;1;d;z;
0;10;;0,019150164;;19,1501642;HFD;12;FDB;1;d;z;
0;11;;0,025784672;;25,78467225;HFD;12;FDB;1;d;z;
0;12;;0,023875668;;23,87566806;HFD;12;FDB;1;d;z;
0;13;;0,025980398;;25,98039771;HFD;12;FDB;1;d;z;
0;14;;0,02508601;;25,08601002;HFD;12;FDB;1;d;z;
0;15;;0,025806003;;25,80600267;HFD;12;FDB;1;d;z;
0;16;;0,026805136;;26,80513563;HFD;12;FDB;1;d;z;
0;17;;0,022440014;;22,44001371;HFD;12;FDB;1;d;z;
0;18;;0,024684006;;24,68400635;HFD;12;FDB;1;d;z;
0;19;;0,024085148;;24,08514751;HFD;12;FDB;1;d;z;
0;20;;0,026366994;;26,36699355;HFD;12;FDB;1;d;z;
0;21;;0,024085646;;24,08564649;HFD;12;FDB;1;d;z;
0;22;;0,029373064;;29,37306362;HFD;12;FDB;1;d;z;
0;23;;0,029172006;;29,17200618;HFD;12;FDB;1;d;z;
0;24;;0,030285129;;30,28512875;HFD;12;FDB;1;d;z;
0;25;;0,028886911;;28,8869107;HFD;12;FDB;1;d;z;
0;26;;0,029732997;;29,73299706;HFD;12;FDB;1;d;z;
0;27;;0,029102881;;29,10288061;HFD;12;FDB;1;d;z;
0;28;;0,029855535;;29,85553537;HFD;12;FDB;1;d;z;
0;29;;0,025806003;;25,80600267;HFD;12;FDB;1;d;z;
0;30;;0,029297965;;29,29796488;HFD;12;FDB;1;d;z;
0;31;;0,026422461;;26,42246094;HFD;12;FDB;1;d;z;
0;32;;0,029462244;;29,46224415;HFD;12;FDB;1;d;z;
0;33;;0,027684762;;27,68476202;HFD;12;FDB;1;d;z;
0;34;;0,028549776;;28,54977553;HFD;12;FDB;1;d;z;
0;35;;0,032537995;;32,53799514;HFD;12;FDB;1;d;z;
0;36;;0,035343008;;35,34300777;HFD;12;FDB;1;d;z;
0;37;;0,034220982;;34,22098234;HFD;12;FDB;1;d;z;
0;38;;0,035876832;;35,87683201;HFD;12;FDB;1;d;z;
0;39;;0,034746545;;34,74654496;HFD;12;FDB;1;d;z;
0;40;;0,028049999;;28,04999895;HFD;12;FDB;1;d;z;
0;41;;0,037478629;;37,4786294;HFD;12;FDB;1;d;z;
0;42;;0,036758782;;36,75878172;HFD;12;FDB;1;d;z;
0;43;;0,03197699;;31,9769897;HFD;12;FDB;1;d;z;
0;44;;0,039270002;;39,27000216;HFD;12;FDB;1;d;z;
0;45;;0,043022769;;43,0227688;HFD;12;FDB;1;d;z;
0;46;;0,038382394;;38,38239421;HFD;12;FDB;1;d;z;
0;47;;0,034146666;;34,1466661;HFD;12;FDB;1;d;z;
0;48;;0,042152557;;42,15255656;HFD;12;FDB;1;d;z;
0;49;;0,036007101;;36,00710102;HFD;12;FDB;1;d;z;
0;50;;0,045661409;;45,66140895;HFD;12;FDB;1;d;z;
0;51;;0,039315056;;39,31505642;HFD;12;FDB;1;d;z;
0;52;;0,048525208;;48,52520754;HFD;12;FDB;1;d;z;
0;1;;0,022439999;;22,43999916;HFD;12;FDB;1;i;z;
0;2;;0,02450036;;24,50035975;HFD;12;FDB;1;i;z;
0;3;;0,025058829;;25,05882923;HFD;12;FDB;1;i;z;
0;4;;0,023282269;;23,28226887;HFD;12;FDB;1;i;z;
0;5;;0,022017278;;22,01727787;HFD;12;FDB;1;i;z;
0;6;;0,028049981;;28,04998076;HFD;12;FDB;1;i;z;
0;7;;0,026427616;;26,42761633;HFD;12;FDB;1;i;z;
0;8;;0,028611015;;28,6110153;HFD;12;FDB;1;i;z;
0;9;;0,028224429;;28,2244292;HFD;12;FDB;1;i;z;
0;10;;0,026927999;;26,92799899;HFD;12;FDB;1;i;z;
0;11;;0,02690247;;26,90247023;HFD;12;FDB;1;i;z;
0;12;;0,026229708;;26,22970814;HFD;12;FDB;1;i;z;
0;13;;0,028049995;;28,04999531;HFD;12;FDB;1;i;z;
0;14;;0,034294709;;34,29470873;HFD;12;FDB;1;i;z;
0;15;;0,030255452;;30,25545164;HFD;12;FDB;1;i;z;
0;16;;0,03313032;;33,13032029;HFD;12;FDB;1;i;z;
0;17;;0,036464997;;36,46499681;HFD;12;FDB;1;i;z;
0;18;;0,033672836;;33,67283604;HFD;12;FDB;1;i;z;
0;19;;0,039571844;;39,57184379;HFD;12;FDB;1;i;z;
0;20;;0,038636578;;38,63657805;HFD;12;FDB;1;i;z;
0;21;;0,041647239;;41,64723939;HFD;12;FDB;1;i;z;
0;22;;0,040141897;;40,14189733;HFD;12;FDB;1;i;z;
0;23;;0,040392006;;40,39200576;HFD;12;FDB;1;i;z;
0;24;;0,038116209;;38,11620919;HFD;12;FDB;1;i;z;
0;25;;0,041514009;;41,51400935;HFD;12;FDB;1;i;z;
0;26;;0,039831008;;39,8310076;HFD;12;FDB;1;i;z;
0;1;;0,009767544;;9,767543563;HFD;12;FDB;2;i;z;
0;2;;0,011220007;;11,22000685;HFD;12;FDB;2;i;z;
0;3;;0,014585996;;14,58599581;HFD;12;FDB;2;i;z;
0;4;;0,014585996;;14,58599581;HFD;12;FDB;2;i;z;
0;5;;0,012037527;;12,03752736;HFD;12;FDB;2;i;z;
0;6;;0,017084907;;17,08490731;HFD;12;FDB;2;i;z;
0;7;;0,019320039;;19,32003866;HFD;12;FDB;2;i;z;
0;8;;0,009888125;;9,888124806;HFD;12;FDB;2;i;z;
0;9;;0,017170709;;17,17070885;HFD;12;FDB;2;i;z;
0;10;;0,018784163;;18,78416255;HFD;12;FDB;2;i;z;
0;11;;0,015322367;;15,3223674;HFD;12;FDB;2;i;z;
0;12;;0,019847445;;19,8474451;HFD;12;FDB;2;i;z;
0;13;;0,019635016;;19,63501563;HFD;12;FDB;2;i;z;
0;14;;0,017391001;;17,39100117;HFD;12;FDB;2;i;z;
0;15;;0,021049985;;21,04998463;HFD;12;FDB;2;i;z;
0;16;;0,020960153;;20,96015323;HFD;12;FDB;2;i;z;
0;17;;0,016390017;;16,39001691;HFD;12;FDB;2;i;z;
0;18;;0,021879001;;21,879001;HFD;12;FDB;2;i;z;
0;19;;0,023775357;;23,7753573;HFD;12;FDB;2;i;z;
0;20;;0,01505322;;15,05322045;HFD;12;FDB;2;i;z;
0;21;;0,026614982;;26,61498193;HFD;12;FDB;2;i;z;
0;22;;0,023548828;;23,54882784;HFD;12;FDB;2;i;z;
0;23;;0,025806003;;25,80600267;HFD;12;FDB;2;i;z;
0;24;;0,023375466;;23,37546629;HFD;12;FDB;2;i;z;
0;25;;0,025102885;;25,10288513;HFD;12;FDB;2;i;z;
0;26;;0,028395536;;28,3955361;HFD;12;FDB;2;i;z;
0;27;;0,025976669;;25,97666912;HFD;12;FDB;2;i;z;
0;28;;0,022699707;;22,69970709;HFD;12;FDB;2;i;z;
0;29;;0,027007509;;27,00750919;HFD;12;FDB;2;i;z;
0;30;;0,021840217;;21,84021678;HFD;12;FDB;2;i;z;
0;31;;0,030859079;;30,85907938;HFD;12;FDB;2;i;z;
0;32;;0,032537995;;32,53799514;HFD;12;FDB;2;i;z;
0;33;;0,032799566;;32,79956612;HFD;12;FDB;2;i;z;
0;34;;0,026927999;;26,92799899;HFD;12;FDB;2;i;z;
0;35;;0,030593212;;30,59321174;HFD;12;FDB;2;i;z;
0;36;;0,024004139;;24,00413929;HFD;12;FDB;2;i;z;
0;37;;0,031339404;;31,33940425;HFD;12;FDB;2;i;z;
0;38;;0,032537995;;32,53799514;HFD;12;FDB;2;i;z;
0;39;;0,031141898;;31,14189783;HFD;12;FDB;2;i;z;
0;40;;0,02913627;;29,13627048;HFD;12;FDB;2;i;z;
0;41;;0,030294002;;30,2940025;HFD;12;FDB;2;i;z;
0;42;;0,03268688;;32,68688005;HFD;12;FDB;2;i;z;
0;43;;0,02825319;;28,25319005;HFD;12;FDB;2;i;z;
0;44;;0,034220982;;34,22098234;HFD;12;FDB;2;i;z;
0;45;;0,039588579;;39,5885791;HFD;12;FDB;2;i;z;
0;46;;0,027184357;;27,18435705;HFD;12;FDB;2;i;z;
0;47;;0,041940208;;41,94020803;HFD;12;FDB;2;i;z;
0;1;;0,008976;;8,975999663;HFD;12;FDB;3;i;z;
0;2;;0,009536976;;9,536975995;HFD;12;FDB;3;i;z;
0;3;;0,00785396;;7,853959687;HFD;12;FDB;3;i;z;
0;4;;0,011055891;;11,05589143;HFD;12;FDB;3;i;z;
0;5;;0,013884094;;13,88409386;HFD;12;FDB;3;i;z;
0;6;;0,010067113;;10,06711308;HFD;12;FDB;3;i;z;
0;7;;0,013676016;;13,67601575;HFD;12;FDB;3;i;z;
0;8;;0,013372999;;13,37299865;HFD;12;FDB;3;i;z;
0;9;;0,013578705;;13,57870526;HFD;12;FDB;3;i;z;
0;10;;0,012694001;;12,69400104;HFD;12;FDB;3;i;z;
0;11;;0,013306035;;13,30603503;HFD;12;FDB;3;i;z;
0;12;;0,010932045;;10,93204533;HFD;12;FDB;3;i;z;
0;13;;0,012293443;;12,29344349;HFD;12;FDB;3;i;z;
0;14;;0,009120401;;9,120400843;HFD;12;FDB;3;i;z;
0;15;;0,012431725;;12,43172526;HFD;12;FDB;3;i;z;
0;16;;0,013090651;;13,09065063;HFD;12;FDB;3;i;z;
0;17;;0,014585996;;14,58599581;HFD;12;FDB;3;i;z;
0;18;;0,01402499;;14,02499038;HFD;12;FDB;3;i;z;
0;19;;0,015708007;;15,70800669;HFD;12;FDB;3;i;z;
0;20;;0,016268983;;16,26898302;HFD;12;FDB;3;i;z;
0;21;;0,01396051;;13,9605097;HFD;12;FDB;3;i;z;
0;22;;0,013649548;;13,64954807;HFD;12;FDB;3;i;z;
0;23;;0,015147001;;15,14700125;HFD;12;FDB;3;i;z;
0;24;;0,016830003;;16,83000301;HFD;12;FDB;3;i;z;
0;25;;0,010659001;;10,65900142;HFD;12;FDB;3;i;z;
0;26;;0,015554991;;15,55499083;HFD;12;FDB;3;i;z;
0;27;;0,012707776;;12,7077763;HFD;12;FDB;3;i;z;
0;28;;0,013798779;;13,79877904;HFD;12;FDB;3;i;z;
0;29;;0,01599351;;15,9935099;HFD;12;FDB;3;i;z;
0;30;;0,015939459;;15,93945864;HFD;12;FDB;3;i;z;
0;31;;0,010644133;;10,64413282;HFD;12;FDB;3;i;z;
0;32;;0,016830018;;16,83001756;HFD;12;FDB;3;i;z;
0;33;;0,014367573;;14,36757317;HFD;12;FDB;3;i;z;
0;34;;0,014850293;;14,85029262;HFD;12;FDB;3;i;z;
0;35;;0,015774005;;15,77400543;HFD;12;FDB;3;i;z;
0;36;;0,015607074;;15,60707381;HFD;12;FDB;3;i;z;
0;37;;0,013250634;;13,25063372;HFD;12;FDB;3;i;z;
0;38;;0,016176059;;16,17605911;HFD;12;FDB;3;i;z;
0;39;;0,018513005;;18,51300476;HFD;12;FDB;3;i;z;
0;40;;0,014229029;;14,22902901;HFD;12;FDB;3;i;z;
0;41;;0,017454239;;17,45423857;HFD;12;FDB;3;i;z;
0;42;;0,016269012;;16,26901212;HFD;12;FDB;3;i;z;
0;43;;0,016464511;;16,46451132;HFD;12;FDB;3;i;z;
0;44;;0,01234705;;12,34704968;HFD;12;FDB;3;i;z;
0;45;;0,019887248;;19,88724776;HFD;12;FDB;3;i;z;
0;46;;0,011652428;;11,65242755;HFD;12;FDB;3;i;z;
0;47;;0,013533526;;13,53352565;HFD;12;FDB;3;i;z;
0;48;;0,017432073;;17,43207266;HFD;12;FDB;3;i;z;
0;49;;0,015943408;;15,94340778;HFD;12;FDB;3;i;z;
0;50;;0,009536976;;9,536975995;HFD;12;FDB;3;i;z;
0;51;;0,016660867;;16,66086736;HFD;12;FDB;3;i;z;
0;52;;0,017951999;;17,95199933;HFD;12;FDB;3;i;z;
0;53;;0,016056756;;16,05675633;HFD;12;FDB;3;i;z;
0;54;;0,019569206;;19,56920594;HFD;12;FDB;3;i;z;
0;55;;0,014111224;;14,11122369;HFD;12;FDB;3;i;z;
0;56;;0,013727394;;13,7273939;HFD;12;FDB;3;i;z;
0;57;;0,01907401;;19,0740102;HFD;12;FDB;3;i;z;
0;58;;0,015413342;;15,41334188;HFD;12;FDB;3;i;z;
0;59;;0,018512976;;18,51297566;HFD;12;FDB;3;i;z;
0;60;;0,01907401;;19,0740102;HFD;12;FDB;3;i;z;
0;61;;0,013212983;;13,2129825;HFD;12;FDB;3;i;z;
0;62;;0,015392332;;15,39233239;HFD;12;FDB;3;i;z;
0;63;;0,019944486;;19,94448608;HFD;12;FDB;3;i;z;
0;64;;0,016230439;;16,23043893;HFD;12;FDB;3;i;z;
0;65;;0,017454249;;17,45424886;HFD;12;FDB;3;i;z;
0;66;;0,01907401;;19,0740102;HFD;12;FDB;3;i;z;
0;67;;0,018488818;;18,4888181;HFD;12;FDB;3;i;z;
0;68;;0,020195992;;20,19599197;HFD;12;FDB;3;i;z;
0;69;;0,022078046;;22,07804646;HFD;12;FDB;3;i;z;
0;70;;0,01672352;;16,72352003;HFD;12;FDB;3;i;z;
0;71;;0,017390994;;17,39099389;HFD;12;FDB;3;i;z;
0;72;;0,019632615;;19,63261482;HFD;12;FDB;3;i;z;
0;73;;0,019820069;;19,82006917;HFD;12;FDB;3;i;z;
0;74;;0,013426362;;13,42636227;HFD;12;FDB;3;i;z;
0;75;;0,016052385;;16,05238486;HFD;12;FDB;3;i;z;
0;76;;0,019026505;;19,02650478;HFD;12;FDB;3;i;z;
0;77;;0,018314734;;18,31473362;HFD;12;FDB;3;i;z;
0;78;;0,021273967;;21,27396736;HFD;12;FDB;3;i;z;
0;79;;0,018372564;;18,37256417;HFD;12;FDB;3;i;z;
0;80;;0,020863346;;20,86334608;HFD;12;FDB;3;i;z;
0;81;;0,018015646;;18,01564588;HFD;12;FDB;3;i;z;
0;82;;0,014230377;;14,23037688;HFD;12;FDB;3;i;z;
0;83;;0,018816525;;18,81652515;HFD;12;FDB;3;i;z;
0;84;;0,013426484;;13,42648369;HFD;12;FDB;3;i;z;
0;85;;0,021460163;;21,46016316;HFD;12;FDB;3;i;z;
0;86;;0,022669429;;22,66942913;HFD;12;FDB;3;i;z;
0;87;;0,022726396;;22,72639568;HFD;12;FDB;3;i;z;
0;88;;0,021492081;;21,49208063;HFD;12;FDB;3;i;z;
0;89;;0,020190499;;20,190499;HFD;12;FDB;3;i;z;
0;90;;0,019235675;;19,23567475;HFD;12;FDB;3;i;z;
0;91;;0,021879008;;21,87900827;HFD;12;FDB;3;i;z;
0;92;;0,024123001;;24,12300091;HFD;12;FDB;3;i;z;
0;93;;0,019238525;;19,2385254;HFD;12;FDB;3;i;z;
0;94;;0,019073952;;19,07395199;HFD;12;FDB;3;i;z;
0;95;;0,02554127;;25,5412701;HFD;12;FDB;3;i;z;
0;96;;0,020756997;;20,7569974;HFD;12;FDB;3;i;z;
0;97;;0,020405574;;20,40557354;HFD;12;FDB;3;i;z;
0;98;;0,024056899;;24,05689867;HFD;12;FDB;3;i;z;
0;99;;0,01448318;;14,48317985;HFD;12;FDB;3;i;z;
0;100;;0,017222905;;17,22290458;HFD;12;FDB;3;i;z;
0;101;;0,019437661;;19,43766144;HFD;12;FDB;3;i;z;
0;102;;0,020627734;;20,62773368;HFD;12;FDB;3;i;z;
0;103;;0,020195963;;20,19596286;HFD;12;FDB;3;i;z;
0;104;;0,016459355;;16,45935511;HFD;12;FDB;3;i;z;
0;105;;0,017449233;;17,44923307;HFD;12;FDB;3;i;z;
0;106;;0,022648205;;22,64820533;HFD;12;FDB;3;i;z;
0;107;;0,021675402;;21,67540218;HFD;12;FDB;3;i;z;
0;108;;0,021318003;;21,31800284;HFD;12;FDB;3;i;z;
0;109;;0,024683948;;24,68394814;HFD;12;FDB;3;i;z;
0;110;;0,018136681;;18,13668056;HFD;12;FDB;3;i;z;
0;111;;0,020999585;;20,99958452;HFD;12;FDB;3;i;z;
0;112;;0,023001019;;23,00101914;HFD;12;FDB;3;i;z;
0;113;;0,024044164;;24,04416405;HFD;12;FDB;3;i;z;
0;114;;0,024684006;;24,68400635;HFD;12;FDB;3;i;z;
0;115;;0,020033802;;20,03380232;HFD;12;FDB;3;i;z;
0;116;;0,026684832;;26,68483209;HFD;12;FDB;3;i;z;
0;117;;0,024826627;;24,82662726;HFD;12;FDB;3;i;z;
0;118;;0,021817796;;21,81779563;HFD;12;FDB;3;i;z;
0;119;;0,020748424;;20,74842407;HFD;12;FDB;3;i;z;
0;120;;0,024749276;;24,74927565;HFD;12;FDB;3;i;z;
0;121;;0,023304365;;23,30436478;HFD;12;FDB;3;i;z;
0;122;;0,018427046;;18,42704602;HFD;12;FDB;3;i;z;
0;123;;0,025987503;;25,9875027;HFD;12;FDB;3;i;z;
0;124;;0,023561995;;23,56199548;HFD;12;FDB;3;i;z;
0;125;;0,019040991;;19,04099127;HFD;12;FDB;3;i;z;
0;126;;0,020739502;;20,73950175;HFD;12;FDB;3;i;z;
0;127;;0,021318003;;21,31800284;HFD;12;FDB;3;i;z;
0;128;;0,024347758;;24,34775752;HFD;12;FDB;3;i;z;
0;129;;0,021421107;;21,42110746;HFD;12;FDB;3;i;z;
0;130;;0,026366994;;26,36699355;HFD;12;FDB;3;i;z;
0;131;;0,023562025;;23,56202458;HFD;12;FDB;3;i;z;
0;132;;0,024069463;;24,06946348;HFD;12;FDB;3;i;z;
0;133;;0,026768878;;26,76887797;HFD;12;FDB;3;i;z;
0;134;;0,029688715;;29,68871458;HFD;12;FDB;3;i;z;
0;135;;0,024123001;;24,12300091;HFD;12;FDB;3;i;z;
0;136;;0,024375736;;24,37573582;HFD;12;FDB;3;i;z;
0;137;;0,025244997;;25,24499723;HFD;12;FDB;3;i;z;
0;138;;0,029732997;;29,73299706;HFD;12;FDB;3;i;z;
0;139;;0,031487119;;31,48711863;HFD;12;FDB;3;i;z;
0;140;;0,028420519;;28,42051894;HFD;12;FDB;3;i;z;
0;141;;0,024085151;;24,08515076;HFD;12;FDB;3;i;z;
0;142;;0,023701787;;23,70178676;HFD;12;FDB;3;i;z;
0;143;;0,027412694;;27,41269373;HFD;12;FDB;3;i;z;
0;144;;0,031416013;;31,41601337;HFD;12;FDB;3;i;z;
0;145;;0,028542232;;28,54223228;HFD;12;FDB;3;i;z;
0;146;;0,029172021;;29,17202073;HFD;12;FDB;3;i;z;
0;147;;0,030843294;;30,84329389;HFD;12;FDB;3;i;z;
0;148;;0,032433679;;32,43367907;HFD;12;FDB;3;i;z;
0;149;;0,027958645;;27,95864471;HFD;12;FDB;3;i;z;
0;150;;0,034340246;;34,34024628;HFD;12;FDB;3;i;z;
0;151;;0,026026769;;26,02676947;HFD;12;FDB;3;i;z;
0;152;;0,024201111;;24,20111072;HFD;12;FDB;3;i;z;
0;153;;0,025058529;;25,05852922;HFD;12;FDB;3;i;z;
0;154;;0,03411117;;34,11117035;HFD;12;FDB;3;i;z;
0;155;;0,029267694;;29,26769418;HFD;12;FDB;3;i;z;
0;156;;0,023028414;;23,02841384;HFD;12;FDB;3;i;z;
0;157;;0,028956722;;28,95672243;HFD;12;FDB;3;i;z;
0;158;;0,032816031;;32,81603119;HFD;12;FDB;3;i;z;
0;159;;0,026207425;;26,20742539;HFD;12;FDB;3;i;z;
0;160;;0,034250838;;34,25083768;HFD;12;FDB;3;i;z;
0;161;;0,029733012;;29,73301162;HFD;12;FDB;3;i;z;
0;162;;0,02805001;;28,05000986;HFD;12;FDB;3;i;z;
0;163;;0,026594027;;26,59402707;HFD;12;FDB;3;i;z;
0;164;;0,035331365;;35,33136536;HFD;12;FDB;3;i;z;
0;165;;0,034220982;;34,22098234;HFD;12;FDB;3;i;z;
0;166;;0,028039197;;28,03919704;HFD;12;FDB;3;i;z;
0;167;;0,03198966;;31,98966023;HFD;12;FDB;3;i;z;
0;168;;0,030703238;;30,70323834;HFD;12;FDB;3;i;z;
0;169;;0,035903999;;35,90399865;HFD;12;FDB;3;i;z;
0;170;;0,030294002;;30,2940025;HFD;12;FDB;3;i;z;
0;171;;0,037820425;;37,82042477;HFD;12;FDB;3;i;z;
0;172;;0,025686933;;25,68693301;HFD;12;FDB;3;i;z;
0;173;;0,03662948;;36,62948026;HFD;12;FDB;3;i;z;
0;174;;0,02880171;;28,8017102;HFD;12;FDB;3;i;z;
0;175;;0,031031274;;31,03127378;HFD;12;FDB;3;i;z;
0;176;;0,031415999;;31,41599882;HFD;12;FDB;3;i;z;
0;177;;0,028706065;;28,70606469;HFD;12;FDB;3;i;z;
0;178;;0,035529964;;35,52996442;HFD;12;FDB;3;i;z;
0;179;;0,038510671;;38,51067073;HFD;12;FDB;3;i;z;
0;180;;0,033703803;;33,70380307;HFD;12;FDB;3;i;z;
0;181;;0,033659977;;33,65997691;HFD;12;FDB;3;i;z;
0;182;;0,033270321;;33,27032085;HFD;12;FDB;3;i;z;
0;183;;0,034889964;;34,88996359;HFD;12;FDB;3;i;z;
0;184;;0,030057737;;30,05773735;HFD;12;FDB;3;i;z;
0;185;;0,023583408;;23,58340804;HFD;12;FDB;3;i;z;
0;186;;0,035124164;;35,12416423;HFD;12;FDB;3;i;z;
0;187;;0,033957068;;33,95706772;HFD;12;FDB;3;i;z;
0;188;;0,043653229;;43,65322894;HFD;12;FDB;3;i;z;
0;189;;0,033660006;;33,66000601;HFD;12;FDB;3;i;z;
0;190;;0,041643236;;41,64323596;HFD;12;FDB;3;i;z;
0;1;;0,020196021;;20,19602107;HFD;12;FDB;3;i;z001;
0;2;;0,018274192;;18,27419206;HFD;12;FDB;3;i;z001;
0;3;;0,018375095;;18,37509504;HFD;12;FDB;3;i;z001;
0;4;;0,020751418;;20,75141778;HFD;12;FDB;3;i;z001;
0;5;;0,021986608;;21,98660753;HFD;12;FDB;3;i;z001;
0;6;;0,017873886;;17,87388592;HFD;12;FDB;3;i;z001;
0;7;;0,01276892;;12,76892018;HFD;12;FDB;3;i;z001;
0;8;;0,022921733;;22,92173272;HFD;12;FDB;3;i;z001;
0;9;;0,022602535;;22,60253477;HFD;12;FDB;3;i;z001;
0;10;;0,019834373;;19,83437276;HFD;12;FDB;3;i;z001;
0;11;;0,021879008;;21,87900827;HFD;12;FDB;3;i;z001;
0;12;;0,024123001;;24,12300091;HFD;12;FDB;3;i;z001;
0;13;;0,020566584;;20,56658403;HFD;12;FDB;3;i;z001;
0;14;;0,0245946;;24,5946;HFD;12;FDB;3;i;z001;
0;15;;0,024684006;;24,68400635;HFD;12;FDB;3;i;z001;
0;16;;0,018707541;;18,70754146;HFD;12;FDB;3;i;z001;
0;17;;0,019635001;;19,63500108;HFD;12;FDB;3;i;z001;
0;18;;0,02085802;;20,85801999;HFD;12;FDB;3;i;z001;
0;19;;0,022370556;;22,37055613;HFD;12;FDB;3;i;z001;
0;20;;0,020195992;;20,19599197;HFD;12;FDB;3;i;z001;
0;21;;0,020947274;;20,94727436;HFD;12;FDB;3;i;z001;
0;22;;0,024278032;;24,27803188;HFD;12;FDB;3;i;z001;
0;23;;0,024431864;;24,43186416;HFD;12;FDB;3;i;z001;
0;24;;0,028611015;;28,6110153;HFD;12;FDB;3;i;z001;
0;25;;0,024123001;;24,12300091;HFD;12;FDB;3;i;z001;
0;26;;0,022440014;;22,44001371;HFD;12;FDB;3;i;z001;
0;27;;0,030890893;;30,89089275;HFD;12;FDB;3;i;z001;
0;28;;0,030034021;;30,03402052;HFD;12;FDB;3;i;z001;
0;29;;0,02769903;;27,69903042;HFD;12;FDB;3;i;z001;
0;30;;0,026939972;;26,93997188;HFD;12;FDB;3;i;z001;
0;31;;0,02469958;;24,69957968;HFD;12;FDB;3;i;z001;
0;32;;0,024123001;;24,12300091;HFD;12;FDB;3;i;z001;
0;33;;0,023764921;;23,76492148;HFD;12;FDB;3;i;z001;
0;34;;0,025245012;;25,24501178;HFD;12;FDB;3;i;z001;
0;35;;0,031217295;;31,21729546;HFD;12;FDB;3;i;z001;
0;36;;0,022904222;;22,90422218;HFD;12;FDB;3;i;z001;
0;37;;0,03296589;;32,96588994;HFD;12;FDB;3;i;z001;
0;38;;0,03252704;;32,52704046;HFD;12;FDB;3;i;z001;
0;39;;0,026576096;;26,57609566;HFD;12;FDB;3;i;z001;
0;40;;0,026463854;;26,4638537;HFD;12;FDB;3;i;z001;
0;41;;0,024235383;;24,23538329;HFD;12;FDB;3;i;z001;
0;42;;0,027350768;;27,35076829;HFD;12;FDB;3;i;z001;
0;43;;0,031652652;;31,6526525;HFD;12;FDB;3;i;z001;
0;44;;0,029317551;;29,31755077;HFD;12;FDB;3;i;z001;
0;45;;0,030855008;;30,85500794;HFD;12;FDB;3;i;z001;
0;46;;0,036208578;;36,20857763;HFD;12;FDB;3;i;z001;
0;47;;0,027867385;;27,86738456;HFD;12;FDB;3;i;z001;
0;48;;0,033148195;;33,14819517;HFD;12;FDB;3;i;z001;
0;49;;0,030779236;;30,77923633;HFD;12;FDB;3;i;z001;
0;50;;0,028744092;;28,74409181;HFD;12;FDB;3;i;z001;
0;51;;0,035037346;;35,03734575;HFD;12;FDB;3;i;z001;
0;52;;0,033709247;;33,70924698;HFD;12;FDB;3;i;z001;
0;53;;0,029732997;;29,73299706;HFD;12;FDB;3;i;z001;
0;54;;0,033598934;;33,59893353;HFD;12;FDB;3;i;z001;
0;55;;0,031379665;;31,37966461;HFD;12;FDB;3;i;z001;
0;56;;0,034575154;;34,57515438;HFD;12;FDB;3;i;z001;
0;57;;0,032061917;;32,06191713;HFD;12;FDB;3;i;z001;
0;58;;0,037988457;;37,98845655;HFD;12;FDB;3;i;z001;
0;59;;0,03108765;;31,08764983;HFD;12;FDB;3;i;z001;
0;60;;0,035342993;;35,34299321;HFD;12;FDB;3;i;z001;
0;61;;0,035254923;;35,2549232;HFD;12;FDB;3;i;z001;
0;62;;0,035686784;;35,68678415;HFD;12;FDB;3;i;z001;
0;63;;0,038147991;;38,14799129;HFD;12;FDB;3;i;z001;
0;64;;0,038708997;;38,70899673;HFD;12;FDB;3;i;z001;
0;65;;0,031477761;;31,47776137;HFD;12;FDB;3;i;z001;
0;66;;0,029273909;;29,27390917;HFD;12;FDB;3;i;z001;
0;67;;0,040268042;;40,26804213;HFD;12;FDB;3;i;z001;
0;68;;0,038708997;;38,70899673;HFD;12;FDB;3;i;z001;
0;69;;0,03360369;;33,60369033;HFD;12;FDB;3;i;z001;
0;70;;0,032644915;;32,64491536;HFD;12;FDB;3;i;z001;
0;71;;0,039408675;;39,40867518;HFD;12;FDB;3;i;z001;
0;72;;0,037503192;;37,50319151;HFD;12;FDB;3;i;z001;
0;73;;0,032301994;;32,30199367;HFD;12;FDB;3;i;z001;
0;74;;0,029267678;;29,26767775;HFD;12;FDB;3;i;z001;
0;75;;0,037600455;;37,60045546;HFD;12;FDB;3;i;z001;
0;76;;0,043511022;;43,51102247;HFD;12;FDB;3;i;z001;
0;77;;0,038887484;;38,88748358;HFD;12;FDB;3;i;z001;
0;78;;0,037717647;;37,7176474;HFD;12;FDB;3;i;z001;
0;79;;0,041592238;;41,59223793;HFD;12;FDB;3;i;z001;
0;80;;0,038612216;;38,61221555;HFD;12;FDB;3;i;z001;
0;81;;0,040398231;;40,39823081;HFD;12;FDB;3;i;z001;
0;82;;0,030876603;;30,87660274;HFD;12;FDB;3;i;z001;
0;83;;0,035305127;;35,30512672;HFD;12;FDB;3;i;z001;
0;84;;0,038674894;;38,67489446;HFD;12;FDB;3;i;z001;
0;85;;0,033944298;;33,94429843;HFD;12;FDB;3;i;z001;
0;86;;0,030515842;;30,5158423;HFD;12;FDB;3;i;z001;
0;87;;0,035060162;;35,06016198;HFD;12;FDB;3;i;z001;
0;88;;0,039932006;;39,93200614;HFD;12;FDB;3;i;z001;
0;89;;0,033660006;;33,66000601;HFD;12;FDB;3;i;z001;
0;90;;0,046470002;;46,47000204;HFD;12;FDB;3;i;z001;
0;91;;0,040158354;;40,15835382;HFD;12;FDB;3;i;z001;
0;92;;0,042759709;;42,75970876;HFD;12;FDB;3;i;z001;
0;1;;0,014280764;;14,28076403;HFD;12;FDB;3;i;z002;
0;2;;0,015392361;;15,39236078;HFD;12;FDB;3;i;z002;
0;3;;0,014954412;;14,95441233;HFD;12;FDB;3;i;z002;
0;4;;0,014915425;;14,91542467;HFD;12;FDB;3;i;z002;
0;5;;0,011112888;;11,11288825;HFD;12;FDB;3;i;z002;
0;6;;0,013194066;;13,19406572;HFD;12;FDB;3;i;z002;
0;7;;0,013672552;;13,67255231;HFD;12;FDB;3;i;z002;
0;8;;0,013333954;;13,33395449;HFD;12;FDB;3;i;z002;
0;9;;0,016830018;;16,83001756;HFD;12;FDB;3;i;z002;
0;10;;0,01303558;;13,03557954;HFD;12;FDB;3;i;z002;
0;11;;0,013313713;;13,31371269;HFD;12;FDB;3;i;z002;
0;12;;0,015646967;;15,64696696;HFD;12;FDB;3;i;z002;
0;13;;0,013487372;;13,48737224;HFD;12;FDB;3;i;z002;
0;14;;0,017590306;;17,59030608;HFD;12;FDB;3;i;z002;
0;15;;0,016318611;;16,31861055;HFD;12;FDB;3;i;z002;
0;16;;0,016160262;;16,16026174;HFD;12;FDB;3;i;z002;
0;17;;0,017590306;;17,59030608;HFD;12;FDB;3;i;z002;
0;18;;0,015814815;;15,81481506;HFD;12;FDB;3;i;z002;
0;19;;0,012903009;;12,90300861;HFD;12;FDB;3;i;z002;
0;20;;0,012559126;;12,55912623;HFD;12;FDB;3;i;z002;
0;21;;0,020097939;;20,09793875;HFD;12;FDB;3;i;z002;
0;22;;0,01692013;;16,92012994;HFD;12;FDB;3;i;z002;
0;23;;0,017390994;;17,39099389;HFD;12;FDB;3;i;z002;
0;24;;0,014234959;;14,23495915;HFD;12;FDB;3;i;z002;
0;25;;0,01509962;;15,09962027;HFD;12;FDB;3;i;z002;
0;26;;0,016315198;;16,31519829;HFD;12;FDB;3;i;z002;
0;27;;0,013616837;;13,61683748;HFD;12;FDB;3;i;z002;
0;28;;0,016264182;;16,26418176;HFD;12;FDB;3;i;z002;
0;29;;0,020748424;;20,74842407;HFD;12;FDB;3;i;z002;
0;30;;0,017569457;;17,56945679;HFD;12;FDB;3;i;z002;
0;31;;0,01778495;;17,78494972;HFD;12;FDB;3;i;z002;
0;32;;0,014297652;;14,29765244;HFD;12;FDB;3;i;z002;
0;33;;0,016268998;;16,26899757;HFD;12;FDB;3;i;z002;
0;34;;0,017391008;;17,39100844;HFD;12;FDB;3;i;z002;
0;35;;0,016161232;;16,16123198;HFD;12;FDB;3;i;z002;
0;36;;0,01907401;;19,0740102;HFD;12;FDB;3;i;z002;
0;37;;0,016809424;;16,8094241;HFD;12;FDB;3;i;z002;
0;38;;0,014586059;;14,58605942;HFD;12;FDB;3;i;z002;
0;39;;0,019514556;;19,51455562;HFD;12;FDB;3;i;z002;
0;40;;0,020589271;;20,58927127;HFD;12;FDB;3;i;z002;
0;41;;0,018513005;;18,51300476;HFD;12;FDB;3;i;z002;
0;42;;0,021040189;;21,04018861;HFD;12;FDB;3;i;z002;
0;43;;0,016946289;;16,9462885;HFD;12;FDB;3;i;z002;
0;44;;0,021235658;;21,23565809;HFD;12;FDB;3;i;z002;
0;45;;0,01665075;;16,65075006;HFD;12;FDB;3;i;z002;
0;46;;0,017455378;;17,45537767;HFD;12;FDB;3;i;z002;
0;47;;0,018513005;;18,51300476;HFD;12;FDB;3;i;z002;
0;48;;0,020878813;;20,87881308;HFD;12;FDB;3;i;z002;
0;49;;0,015257906;;15,25790619;HFD;12;FDB;3;i;z002;
0;50;;0,019100988;;19,10098848;HFD;12;FDB;3;i;z002;
0;51;;0,021879008;;21,87900827;HFD;12;FDB;3;i;z002;
0;52;;0,025000498;;25,00049824;HFD;12;FDB;3;i;z002;
0;53;;0,018544868;;18,54486826;HFD;12;FDB;3;i;z002;
0;54;;0,018378779;;18,37877906;HFD;12;FDB;3;i;z002;
0;55;;0,014585996;;14,58599581;HFD;12;FDB;3;i;z002;
0;56;;0,023266009;;23,26600928;HFD;12;FDB;3;i;z002;
0;57;;0,022479945;;22,47994539;HFD;12;FDB;3;i;z002;
0;58;;0,017894377;;17,89437717;HFD;12;FDB;3;i;z002;
0;59;;0,014489544;;14,48954373;HFD;12;FDB;3;i;z002;
0;60;;0,019892377;;19,89237749;HFD;12;FDB;3;i;z002;
0;61;;0,024837806;;24,83780552;HFD;12;FDB;3;i;z002;
0;62;;0,016830003;;16,83000301;HFD;12;FDB;3;i;z002;
0;63;;0,021318003;;21,31800284;HFD;12;FDB;3;i;z002;
0;64;;0,023735397;;23,73539664;HFD;12;FDB;3;i;z002;
0;65;;0,022524686;;22,52468639;HFD;12;FDB;3;i;z002;
0;66;;0,024502737;;24,50273729;HFD;12;FDB;3;i;z002;
0;67;;0,023023823;;23,02382337;HFD;12;FDB;3;i;z002;
0;68;;0,022053428;;22,05342761;HFD;12;FDB;3;i;z002;
0;69;;0,023801247;;23,8012468;HFD;12;FDB;3;i;z002;
0;70;;0,020344285;;20,34428518;HFD;12;FDB;3;i;z002;
0;71;;0,023929972;;23,92997155;HFD;12;FDB;3;i;z002;
0;72;;0,0253079;;25,30790039;HFD;12;FDB;3;i;z002;
0;73;;0,024594605;;24,59460515;HFD;12;FDB;3;i;z002;
0;74;;0,024823124;;24,8231238;HFD;12;FDB;3;i;z002;
0;75;;0,024575979;;24,57597939;HFD;12;FDB;3;i;z002;
0;76;;0,026577291;;26,57729097;HFD;12;FDB;3;i;z002;
0;77;;0,017333972;;17,33397197;HFD;12;FDB;3;i;z002;
0;78;;0,019362695;;19,36269505;HFD;12;FDB;3;i;z002;
0;79;;0,021301638;;21,30163835;HFD;12;FDB;3;i;z002;
0;80;;0,026274088;;26,27408833;HFD;12;FDB;3;i;z002;
0;81;;0,022612203;;22,61220275;HFD;12;FDB;3;i;z002;
0;82;;0,022225831;;22,22583063;HFD;12;FDB;3;i;z002;
0;83;;0,025244983;;25,24498268;HFD;12;FDB;3;i;z002;
0;84;;0,024941212;;24,94121163;HFD;12;FDB;3;i;z002;
0;85;;0,017952007;;17,9520066;HFD;12;FDB;3;i;z002;
0;86;;0,020497262;;20,49726169;HFD;12;FDB;3;i;z002;
0;87;;0,018911903;;18,91190346;HFD;12;FDB;3;i;z002;
0;88;;0,022184834;;22,18483406;HFD;12;FDB;3;i;z002;
0;89;;0,021024404;;21,02440385;HFD;12;FDB;3;i;z002;
0;90;;0,018743685;;18,74368456;HFD;12;FDB;3;i;z002;
0;91;;0,028610986;;28,61098619;HFD;12;FDB;3;i;z002;
0;92;;0,024532056;;24,53205648;HFD;12;FDB;3;i;z002;
0;93;;0,021432596;;21,43259553;HFD;12;FDB;3;i;z002;
0;94;;0,023365501;;23,36550094;HFD;12;FDB;3;i;z002;
0;95;;0,024760893;;24,76089265;HFD;12;FDB;3;i;z002;
0;96;;0,026366994;;26,36699355;HFD;12;FDB;3;i;z002;
0;97;;0,026927999;;26,92799899;HFD;12;FDB;3;i;z002;
0;98;;0,02394343;;23,94342976;HFD;12;FDB;3;i;z002;
0;99;;0,02881505;;28,81504982;HFD;12;FDB;3;i;z002;
0;100;;0,02732515;;27,32515045;HFD;12;FDB;3;i;z002;
0;101;;0,018157103;;18,15710314;HFD;12;FDB;3;i;z002;
0;102;;0,030232795;;30,23279547;HFD;12;FDB;3;i;z002;
0;103;;0,026189523;;26,18952283;HFD;12;FDB;3;i;z002;
0;104;;0,030537683;;30,53768325;HFD;12;FDB;3;i;z002;
0;105;;0,028472105;;28,47210468;HFD;12;FDB;3;i;z002;
0;106;;0,024684006;;24,68400635;HFD;12;FDB;3;i;z002;
0;107;;0,026404841;;26,4048409;HFD;12;FDB;3;i;z002;
0;108;;0,028346774;;28,34677368;HFD;12;FDB;3;i;z002;
0;109;;0,030855008;;30,85500794;HFD;12;FDB;3;i;z002;
0;110;;0,029604672;;29,60467214;HFD;12;FDB;3;i;z002;
0;111;;0,028197933;;28,19793268;HFD;12;FDB;3;i;z002;
0;112;;0,029527199;;29,52719916;HFD;12;FDB;3;i;z002;
0;113;;0,02695209;;26,95209036;HFD;12;FDB;3;i;z002;
0;114;;0,025339568;;25,33956777;HFD;12;FDB;3;i;z002;
0;115;;0,025114803;;25,11480257;HFD;12;FDB;3;i;z002;
0;116;;0,033303485;;33,30348477;HFD;12;FDB;3;i;z002;
0;117;;0,0238368;;23,83680019;HFD;12;FDB;3;i;z002;
0;118;;0,025805988;;25,80598812;HFD;12;FDB;3;i;z002;
0;119;;0,026617466;;26,6174662;HFD;12;FDB;3;i;z002;
0;120;;0,029863779;;29,86377944;HFD;12;FDB;3;i;z002;
0;121;;0,024390014;;24,39001404;HFD;12;FDB;3;i;z002;
0;122;;0,033311225;;33,31122534;HFD;12;FDB;3;i;z002;
0;123;;0,031974575;;31,97457455;HFD;12;FDB;3;i;z002;
0;124;;0,026897536;;26,89753627;HFD;12;FDB;3;i;z002;
0;125;;0,037336231;;37,33623134;HFD;12;FDB;3;i;z002;
0;126;;0,026927999;;26,92799899;HFD;12;FDB;3;i;z002;
0;127;;0,037204107;;37,20410661;HFD;12;FDB;3;i;z002;
0;128;;0,029732997;;29,73299706;HFD;12;FDB;3;i;z002;
0;129;;0,027364814;;27,36481383;HFD;12;FDB;3;i;z002;
0;130;;0,032776032;;32,77603163;HFD;12;FDB;3;i;z002;
0;131;;0,036786058;;36,78605831;HFD;12;FDB;3;i;z002;
0;132;;0,028610986;;28,61098619;HFD;12;FDB;3;i;z002;
0;133;;0,031415984;;31,41598427;HFD;12;FDB;3;i;z002;
0;134;;0,031224351;;31,2243515;HFD;12;FDB;3;i;z002;
0;135;;0,030855008;;30,85500794;HFD;12;FDB;3;i;z002;
0;136;;0,032925044;;32,92504397;HFD;12;FDB;3;i;z002;
0;137;;0,028559395;;28,55939468;HFD;12;FDB;3;i;z002;
0;138;;0,038702921;;38,70292136;HFD;12;FDB;3;i;z002;
0;139;;0,035050351;;35,05035055;HFD;12;FDB;3;i;z002;
0;140;;0,032750297;;32,75029705;HFD;12;FDB;3;i;z002;
0;141;;0,038328631;;38,32863141;HFD;12;FDB;3;i;z002;
0;142;;0,03299716;;32,99715956;HFD;12;FDB;3;i;z002;
0;143;;0,039891008;;39,89100807;HFD;12;FDB;3;i;z002;
0;144;;0,042636006;;42,63600567;HFD;12;FDB;3;i;z002;
0;1;;0,012592739;;12,59273857;NCD;12;FDB;1;d;z;
0;2;;0,024389503;;24,38950287;NCD;12;FDB;1;d;z;
0;3;;0,032146024;;32,14602446;NCD;12;FDB;1;d;z;
0;4;;0,034782017;;34,78201688;NCD;12;FDB;1;d;z;
0;5;;0,041944366;;41,94436607;NCD;12;FDB;1;d;z;
0;6;;0,03927;;39,27000034;NCD;12;FDB;1;d;z;
0;7;;0,047195546;;47,19554555;NCD;12;FDB;1;d;z;
0;8;;0,050113546;;50,1135456;NCD;12;FDB;1;d;z;
0;9;;0,047919406;;47,91940576;NCD;12;FDB;1;d;z;
0;10;;0,053122294;;53,12229399;NCD;12;FDB;1;d;z;
0;11;;0,054442461;;54,44246139;NCD;12;FDB;1;d;z;
0;1;;0,0243649;;24,36489978;NCD;12;FDB;2;d;z;
0;2;;0,023395315;;23,3953152;NCD;12;FDB;2;d;z;
0;3;;0,024561953;;24,56195264;NCD;12;FDB;2;d;z;
0;4;;0,03082573;;30,82573006;NCD;12;FDB;2;d;z;
0;5;;0,031977019;;31,97701881;NCD;12;FDB;2;d;z;
0;6;;0,034007933;;34,00793283;NCD;12;FDB;2;d;z;
0;7;;0,039433209;;39,43320878;NCD;12;FDB;2;d;z;
0;8;;0,034802894;;34,80289397;NCD;12;FDB;2;d;z;
0;9;;0,047010363;;47,01036271;NCD;12;FDB;2;d;z;
0;10;;0,047684996;;47,68499639;NCD;12;FDB;2;d;z;
0;11;;0,041086114;;41,08611364;NCD;12;FDB;2;d;z;
0;12;;0,048437462;;48,43746159;NCD;12;FDB;2;d;z;
0;1;;0,000560976;;0,560976332;NCD;12;FDB;2;d;z001;
0;2;;0,000561005;;0,561005436;NCD;12;FDB;2;d;z001;
0;3;;0,001122011;;1,122010872;NCD;12;FDB;2;d;z001;
0;4;;0,031343616;;31,3436156;NCD;12;FDB;2;d;z001;
0;5;;0,026223794;;26,22379388;NCD;12;FDB;2;d;z001;
0;6;;0,03197699;;31,9769897;NCD;12;FDB;2;d;z001;
0;7;;0,036819785;;36,81978465;NCD;12;FDB;2;d;z001;
0;8;;0,032967892;;32,96789173;NCD;12;FDB;2;d;z001;
0;9;;0,028704026;;28,70402634;NCD;12;FDB;2;d;z001;
0;10;;0,033845086;;33,84508644;NCD;12;FDB;2;d;z001;
0;11;;0,040392013;;40,39201303;NCD;12;FDB;2;d;z001;
0;12;;0,040392006;;40,39200576;NCD;12;FDB;2;d;z001;
0;13;;0,044825643;;44,82564293;NCD;12;FDB;2;d;z001;
0;14;;0,0482188;;48,21880031;NCD;12;FDB;2;d;z001;
0;15;;0,048779006;;48,77900575;NCD;12;FDB;2;d;z001;
0;16;;0,052049088;;52,04908807;NCD;12;FDB;2;d;z001;
0;17;;0,057782978;;57,78297782;NCD;12;FDB;2;d;z001;
0;1;;0,001468932;;1,468932037;NCD;12;FDB;3;d;z;
0;2;;0,016009482;;16,00948182;NCD;12;FDB;3;d;z;
0;3;;0,017446829;;17,44682873;NCD;12;FDB;3;d;z;
0;4;;0,014899173;;14,89917288;NCD;12;FDB;3;d;z;
0;5;;0,016925755;;16,92575525;NCD;12;FDB;3;d;z;
0;6;;0,021879008;;21,87900827;NCD;12;FDB;3;d;z;
0;7;;0,017585933;;17,58593329;NCD;12;FDB;3;d;z;
0;8;;0,020231053;;20,23105322;NCD;12;FDB;3;d;z;
0;9;;0,022467421;;22,46742127;NCD;12;FDB;3;d;z;
0;10;;0,022885815;;22,88581452;NCD;12;FDB;3;d;z;
0;11;;0,022078046;;22,07804646;NCD;12;FDB;3;d;z;
0;12;;0,024123001;;24,12300091;NCD;12;FDB;3;d;z;
0;13;;0,022440014;;22,44001371;NCD;12;FDB;3;d;z;
0;14;;0,023081603;;23,08160349;NCD;12;FDB;3;d;z;
0;15;;0,023770747;;23,77074702;NCD;12;FDB;3;d;z;
0;16;;0,022268009;;22,26800921;NCD;12;FDB;3;d;z;
0;17;;0,022892895;;22,89289476;NCD;12;FDB;3;d;z;
0;18;;0,02704906;;27,04906017;NCD;12;FDB;3;d;z;
0;19;;0,024904314;;24,90431442;NCD;12;FDB;3;d;z;
0;20;;0,024197909;;24,19790925;NCD;12;FDB;3;d;z;
0;21;;0,02652504;;26,52503979;NCD;12;FDB;3;d;z;
0;22;;0,022723849;;22,72384905;NCD;12;FDB;3;d;z;
0;23;;0,023787993;;23,78799267;NCD;12;FDB;3;d;z;
0;24;;0,026830798;;26,8307976;NCD;12;FDB;3;d;z;
0;25;;0,026181342;;26,18134241;NCD;12;FDB;3;d;z;
0;26;;0,029085116;;29,08511559;NCD;12;FDB;3;d;z;
0;27;;0,030294002;;30,2940025;NCD;12;FDB;3;d;z;
0;28;;0,029794092;;29,7940923;NCD;12;FDB;3;d;z;
0;29;;0,028620623;;28,62062293;NCD;12;FDB;3;d;z;
0;30;;0,025590483;;25,59048306;NCD;12;FDB;3;d;z;
0;31;;0,030133648;;30,13364771;NCD;12;FDB;3;d;z;
0;32;;0,030045954;;30,04595442;NCD;12;FDB;3;d;z;
0;33;;0,029230254;;29,23025352;NCD;12;FDB;3;d;z;
0;34;;0,028852004;;28,85200437;NCD;12;FDB;3;d;z;
0;35;;0,029156938;;29,15693759;NCD;12;FDB;3;d;z;
0;36;;0,030854993;;30,85499338;NCD;12;FDB;3;d;z;
0;37;;0,031044115;;31,04411513;NCD;12;FDB;3;d;z;
0;38;;0,02559047;;25,59047004;NCD;12;FDB;3;d;z;
0;39;;0,031338274;;31,3382739;NCD;12;FDB;3;d;z;
0;40;;0,034201682;;34,20168209;NCD;12;FDB;3;d;z;
0;41;;0,028411411;;28,41141126;NCD;12;FDB;3;d;z;
0;42;;0,03285136;;32,85136039;NCD;12;FDB;3;d;z;
0;43;;0,034199412;;34,19941199;NCD;12;FDB;3;d;z;
0;44;;0,030482747;;30,48274676;NCD;12;FDB;3;d;z;
0;45;;0,033502264;;33,50226427;NCD;12;FDB;3;d;z;
0;46;;0,034781988;;34,78198778;NCD;12;FDB;3;d;z;
0;47;;0,034217725;;34,21772539;NCD;12;FDB;3;d;z;
0;48;;0,034115085;;34,11508535;NCD;12;FDB;3;d;z;
0;49;;0,035903999;;35,90399865;NCD;12;FDB;3;d;z;
0;50;;0,032352957;;32,35295683;NCD;12;FDB;3;d;z;
0;51;;0,034908477;;34,90847713;NCD;12;FDB;3;d;z;
0;52;;0,033321714;;33,32171414;NCD;12;FDB;3;d;z;
0;53;;0,03229481;;32,29481027;NCD;12;FDB;3;d;z;
0;54;;0,032797029;;32,79702878;NCD;12;FDB;3;d;z;
0;55;;0,036882374;;36,88237447;NCD;12;FDB;3;d;z;
0;56;;0,034095492;;34,09549181;NCD;12;FDB;3;d;z;
0;57;;0,037146688;;37,14668795;NCD;12;FDB;3;d;z;
0;58;;0,033354398;;33,35439845;NCD;12;FDB;3;d;z;
0;59;;0,035903999;;35,90399865;NCD;12;FDB;3;d;z;
0;60;;0,029639377;;29,63937678;NCD;12;FDB;3;d;z;
0;61;;0,039915645;;39,91564523;NCD;12;FDB;3;d;z;
0;62;;0,040141917;;40,14191685;NCD;12;FDB;3;d;z;
0;63;;0,033618848;;33,61884821;NCD;12;FDB;3;d;z;
0;64;;0,037405788;;37,40578847;NCD;12;FDB;3;d;z;
0;65;;0,041443946;;41,44394553;NCD;12;FDB;3;d;z;
0;66;;0,037119243;;37,1192426;NCD;12;FDB;3;d;z;
0;67;;0,03929764;;39,29764036;NCD;12;FDB;3;d;z;
0;68;;0,043418835;;43,41883478;NCD;12;FDB;3;d;z;
0;69;;0,047684996;;47,68499639;NCD;12;FDB;3;d;z;
0;70;;0,050034634;;50,03463409;NCD;12;FDB;3;d;z;
0;1;;0,011195538;;11,19553762;NCD;12;FDB;4;i;z;
0;2;;0,015029456;;15,02945631;NCD;12;FDB;4;i;z;
0;3;;0,016268998;;16,26899757;NCD;12;FDB;4;i;z;
0;4;;0,014568801;;14,56880112;NCD;12;FDB;4;i;z;
0;5;;0,013487372;;13,48737224;NCD;12;FDB;4;i;z;
0;6;;0,018247615;;18,24761492;NCD;12;FDB;4;i;z;
0;7;;0,017951999;;17,95199933;NCD;12;FDB;4;i;z;
0;8;;0,020321838;;20,32183792;NCD;12;FDB;4;i;z;
0;9;;0,016723543;;16,72354288;NCD;12;FDB;4;i;z;
0;10;;0,019834362;;19,83436247;NCD;12;FDB;4;i;z;
0;11;;0,022990209;;22,9902085;NCD;12;FDB;4;i;z;
0;12;;0,022439999;;22,43999916;NCD;12;FDB;4;i;z;
0;13;;0,023796803;;23,79680334;NCD;12;FDB;4;i;z;
0;14;;0,023550197;;23,55019739;NCD;12;FDB;4;i;z;
0;15;;0,025245005;;25,24500451;NCD;12;FDB;4;i;z;
0;16;;0,023007858;;23,00785759;NCD;12;FDB;4;i;z;
0;17;;0,022439985;;22,4399846;NCD;12;FDB;4;i;z;
0;18;;0,022541838;;22,54183784;NCD;12;FDB;4;i;z;
0;19;;0,024291102;;24,29110245;NCD;12;FDB;4;i;z;
0;20;;0,025843382;;25,84338244;NCD;12;FDB;4;i;z;
0;21;;0,023002393;;23,00239313;NCD;12;FDB;4;i;z;
0;22;;0,023105082;;23,10508152;NCD;12;FDB;4;i;z;
0;23;;0,02235408;;22,35408017;NCD;12;FDB;4;i;z;
0;24;;0,022446823;;22,44682302;NCD;12;FDB;4;i;z;
0;25;;0,023493431;;23,49343089;NCD;12;FDB;4;i;z;
0;26;;0,024956583;;24,95658275;NCD;12;FDB;4;i;z;
0;27;;0,022590649;;22,59064887;NCD;12;FDB;4;i;z;
0;28;;0,026578028;;26,57802802;NCD;12;FDB;4;i;z;
0;29;;0,024441292;;24,44129225;NCD;12;FDB;4;i;z;
0;30;;0,025245012;;25,24501178;NCD;12;FDB;4;i;z;
0;31;;0,026864608;;26,86460827;NCD;12;FDB;4;i;z;
0;32;;0,028942242;;28,94224201;NCD;12;FDB;4;i;z;
0;33;;0,028925292;;28,92529195;NCD;12;FDB;4;i;z;
0;34;;0,023562025;;23,56202458;NCD;12;FDB;4;i;z;
0;35;;0,027848441;;27,84844083;NCD;12;FDB;4;i;z;
0;36;;0,026930459;;26,93045876;NCD;12;FDB;4;i;z;
0;37;;0,026928003;;26,92800263;NCD;12;FDB;4;i;z;
0;38;;0,027768105;;27,76810541;NCD;12;FDB;4;i;z;
0;39;;0,028987674;;28,98767442;NCD;12;FDB;4;i;z;
0;40;;0,030045357;;30,04535708;NCD;12;FDB;4;i;z;
0;41;;0,030654095;;30,65409467;NCD;12;FDB;4;i;z;
0;42;;0,029306198;;29,30619835;NCD;12;FDB;4;i;z;
0;43;;0,030649689;;30,64968945;NCD;12;FDB;4;i;z;
0;44;;0,030795985;;30,79598481;NCD;12;FDB;4;i;z;
0;45;;0,031338276;;31,33827583;NCD;12;FDB;4;i;z;
0;46;;0,031416013;;31,41601337;NCD;12;FDB;4;i;z;
0;47;;0,032913754;;32,91375428;NCD;12;FDB;4;i;z;
0;48;;0,034220982;;34,22098234;NCD;12;FDB;4;i;z;
0;49;;0,034220997;;34,22099689;NCD;12;FDB;4;i;z;
0;50;;0,031862643;;31,86264292;NCD;12;FDB;4;i;z;
0;51;;0,028717766;;28,71776632;NCD;12;FDB;4;i;z;
0;52;;0,035124158;;35,12415772;NCD;12;FDB;4;i;z;
0;53;;0,033117083;;33,11708271;NCD;12;FDB;4;i;z;
0;54;;0,0368919;;36,8919;NCD;12;FDB;4;i;z;
0;55;;0,039204176;;39,20417595;NCD;12;FDB;4;i;z;
0;56;;0,038708997;;38,70899673;NCD;12;FDB;4;i;z;
0;57;;0,040209212;;40,20921219;NCD;12;FDB;4;i;z;
0;58;;0,046554035;;46,55403525;NCD;12;FDB;4;i;z;
0;1;;0,017933447;;17,93344737;NCD;12;FDB;4;i;z001;
0;2;;0,018512997;;18,51299749;NCD;12;FDB;4;i;z001;
0;3;;0,023561995;;23,56199548;NCD;12;FDB;4;i;z001;
0;4;;0,021999693;;21,99969303;NCD;12;FDB;4;i;z001;
0;5;;0,023324348;;23,32434836;NCD;12;FDB;4;i;z001;
0;6;;0,025244997;;25,24499723;NCD;12;FDB;4;i;z001;
0;7;;0,024346467;;24,34646687;NCD;12;FDB;4;i;z001;
0;8;;0,020195992;;20,19599197;NCD;12;FDB;4;i;z001;
0;9;;0,025244997;;25,24499723;NCD;12;FDB;4;i;z001;
0;10;;0,021900711;;21,90071107;NCD;12;FDB;4;i;z001;
0;11;;0,028983514;;28,98351395;NCD;12;FDB;4;i;z001;
0;12;;0,028610986;;28,61098619;NCD;12;FDB;4;i;z001;
0;13;;0,026927999;;26,92799899;NCD;12;FDB;4;i;z001;
0;14;;0,03124687;;31,24686952;NCD;12;FDB;4;i;z001;
0;15;;0,030294002;;30,2940025;NCD;12;FDB;4;i;z001;
0;16;;0,027566148;;27,56614768;NCD;12;FDB;4;i;z001;
0;17;;0,022440014;;22,44001371;NCD;12;FDB;4;i;z001;
0;18;;0,026367001;;26,36700083;NCD;12;FDB;4;i;z001;
0;19;;0,024683992;;24,6839918;NCD;12;FDB;4;i;z001;
0;20;;0,029732999;;29,73299888;NCD;12;FDB;4;i;z001;
0;21;;0,031105184;;31,10518376;NCD;12;FDB;4;i;z001;
0;22;;0,029592265;;29,59226506;NCD;12;FDB;4;i;z001;
0;23;;0,033736208;;33,73620804;NCD;12;FDB;4;i;z001;
0;24;;0,03186292;;31,86291953;NCD;12;FDB;4;i;z001;
0;25;;0,032537999;;32,53799878;NCD;12;FDB;4;i;z001;
0;26;;0,036629493;;36,62949327;NCD;12;FDB;4;i;z001;
0;27;;0,045320372;;45,32037239;NCD;12;FDB;4;i;z001;
0;28;;0,035903999;;35,90399865;NCD;12;FDB;4;i;z001;
0;29;;0,035409657;;35,40965731;NCD;12;FDB;4;i;z001;
0;30;;0,036052341;;36,05234068;NCD;12;FDB;4;i;z001;
0;31;;0,032202513;;32,20251322;NCD;12;FDB;4;i;z001;
0;32;;0,039567653;;39,56765279;NCD;12;FDB;4;i;z001;
0;33;;0,038280553;;38,28055267;NCD;12;FDB;4;i;z001;
0;34;;0,035349365;;35,34936477;NCD;12;FDB;4;i;z001;
0;35;;0,037559022;;37,55902172;NCD;12;FDB;4;i;z001;
0;36;;0,035847541;;35,84754132;NCD;12;FDB;4;i;z001;
0;37;;0,034260699;;34,26069866;NCD;12;FDB;4;i;z001;
0;38;;0,044451214;;44,45121417;NCD;12;FDB;4;i;z001;
0;39;;0,047124002;;47,12400187;NCD;12;FDB;4;i;z001;
0;40;;0,040392013;;40,39201303;NCD;12;FDB;4;i;z001;
0;41;;0,046709357;;46,70935656;NCD;12;FDB;4;i;z001;
0;42;;0,052725835;;52,72583523;NCD;12;FDB;4;i;z001;
0;1;;0,009346412;;9,346411616;HFD;16;FDB;1;i;z;
0;2;;0,010448402;;10,44840178;HFD;16;FDB;1;i;z;
0;3;;0,009291696;;9,291696176;HFD;16;FDB;1;i;z;
0;4;;0,015147001;;15,14700125;HFD;16;FDB;1;i;z;
0;5;;0,014025019;;14,02501948;HFD;16;FDB;1;i;z;
0;6;;0,012903009;;12,90300861;HFD;16;FDB;1;i;z;
0;7;;0,011540802;;11,54080175;HFD;16;FDB;1;i;z;
0;8;;0,012574112;;12,57411236;HFD;16;FDB;1;i;z;
0;9;;0,016686482;;16,68648246;HFD;16;FDB;1;i;z;
0;10;;0,015203555;;15,20355545;HFD;16;FDB;1;i;z;
0;11;;0,01143429;;11,43428966;HFD;16;FDB;1;i;z;
0;12;;0,013598429;;13,5984286;HFD;16;FDB;1;i;z;
0;13;;0,014219541;;14,21954113;HFD;16;FDB;1;i;z;
0;14;;0,013464014;;13,46401405;HFD;16;FDB;1;i;z;
0;15;;0,013884053;;13,8840527;HFD;16;FDB;1;i;z;
0;16;;0,018193223;;18,19322267;HFD;16;FDB;1;i;z;
0;17;;0,015837978;;15,8379782;HFD;16;FDB;1;i;z;
0;18;;0,016482961;;16,48296092;HFD;16;FDB;1;i;z;
0;19;;0,016247553;;16,24755253;HFD;16;FDB;1;i;z;
0;20;;0,011315996;;11,31599641;HFD;16;FDB;1;i;z;
0;21;;0,013463985;;13,46398494;HFD;16;FDB;1;i;z;
0;22;;0,014765829;;14,76582884;HFD;16;FDB;1;i;z;
0;23;;0,016188554;;16,18855443;HFD;16;FDB;1;i;z;
0;24;;0,012646692;;12,64669224;HFD;16;FDB;1;i;z;
0;25;;0,017755217;;17,75521696;HFD;16;FDB;1;i;z;
0;26;;0,017111628;;17,11162781;HFD;16;FDB;1;i;z;
0;27;;0,02003114;;20,03114036;HFD;16;FDB;1;i;z;
0;28;;0,020195963;;20,19596286;HFD;16;FDB;1;i;z;
0;29;;0,016578987;;16,57898715;HFD;16;FDB;1;i;z;
0;30;;0,020688415;;20,68841548;HFD;16;FDB;1;i;z;
0;31;;0,018878011;;18,87801128;HFD;16;FDB;1;i;z;
0;32;;0,015831575;;15,83157505;HFD;16;FDB;1;i;z;
0;33;;0,017951999;;17,95199933;HFD;16;FDB;1;i;z;
0;34;;0,019073981;;19,07398109;HFD;16;FDB;1;i;z;
0;35;;0,015708007;;15,70800669;HFD;16;FDB;1;i;z;
0;36;;0,019244372;;19,24437204;HFD;16;FDB;1;i;z;
0;37;;0,015336583;;15,33658251;HFD;16;FDB;1;i;z;
0;38;;0,019988254;;19,98825422;HFD;16;FDB;1;i;z;
0;39;;0,022288323;;22,28832307;HFD;16;FDB;1;i;z;
0;40;;0,020859175;;20,8591751;HFD;16;FDB;1;i;z;
0;41;;0,022078059;;22,07805948;HFD;16;FDB;1;i;z;
0;42;;0,021832446;;21,83244626;HFD;16;FDB;1;i;z;
0;43;;0,019635001;;19,63500108;HFD;16;FDB;1;i;z;
0;44;;0,022611187;;22,61118742;HFD;16;FDB;1;i;z;
0;45;;0,01806387;;18,06387039;HFD;16;FDB;1;i;z;
0;46;;0,021766082;;21,76608229;HFD;16;FDB;1;i;z;
0;47;;0,024964454;;24,96445387;HFD;16;FDB;1;i;z;
0;48;;0,017951999;;17,95199933;HFD;16;FDB;1;i;z;
0;49;;0,019750869;;19,75086892;HFD;16;FDB;1;i;z;
0;50;;0,020196007;;20,19600652;HFD;16;FDB;1;i;z;
0;51;;0,023561995;;23,56199548;HFD;16;FDB;1;i;z;
0;52;;0,023518131;;23,51813056;HFD;16;FDB;1;i;z;
0;53;;0,02108202;;21,08201971;HFD;16;FDB;1;i;z;
0;54;;0,023583369;;23,58336899;HFD;16;FDB;1;i;z;
0;55;;0,021576294;;21,57629398;HFD;16;FDB;1;i;z;
0;56;;0,022636087;;22,63608681;HFD;16;FDB;1;i;z;
0;57;;0,01907401;;19,0740102;HFD;16;FDB;1;i;z;
0;58;;0,021024424;;21,02442443;HFD;16;FDB;1;i;z;
0;59;;0,019067414;;19,06741441;HFD;16;FDB;1;i;z;
0;60;;0,024707279;;24,70727943;HFD;16;FDB;1;i;z;
0;61;;0,021878994;;21,87899372;HFD;16;FDB;1;i;z;
0;62;;0,026928028;;26,92802809;HFD;16;FDB;1;i;z;
0;63;;0,024466937;;24,46693721;HFD;16;FDB;1;i;z;
0;64;;0,019598639;;19,59863929;HFD;16;FDB;1;i;z;
0;65;;0,019612932;;19,61293203;HFD;16;FDB;1;i;z;
0;66;;0,026680851;;26,68085122;HFD;16;FDB;1;i;z;
0;67;;0,024740804;;24,74080435;HFD;16;FDB;1;i;z;
0;68;;0,026366994;;26,36699355;HFD;16;FDB;1;i;z;
0;69;;0,025244997;;25,24499723;HFD;16;FDB;1;i;z;
0;70;;0,02431233;;24,31233013;HFD;16;FDB;1;i;z;
0;71;;0,021663431;;21,66343148;HFD;16;FDB;1;i;z;
0;72;;0,028044421;;28,04442063;HFD;16;FDB;1;i;z;
0;73;;0,025174833;;25,17483291;HFD;16;FDB;1;i;z;
0;74;;0,023724569;;23,72456915;HFD;16;FDB;1;i;z;
0;75;;0,025461541;;25,46154143;HFD;16;FDB;1;i;z;
0;76;;0,027848421;;27,8484213;HFD;16;FDB;1;i;z;
0;77;;0,024002383;;24,00238321;HFD;16;FDB;1;i;z;
0;78;;0,0251361;;25,13610018;HFD;16;FDB;1;i;z;
0;79;;0,030294002;;30,2940025;HFD;16;FDB;1;i;z;
0;80;;0,01907401;;19,0740102;HFD;16;FDB;1;i;z;
0;81;;0,029172006;;29,17200618;HFD;16;FDB;1;i;z;
0;82;;0,020616032;;20,61603166;HFD;16;FDB;1;i;z;
0;83;;0,028561471;;28,56147147;HFD;16;FDB;1;i;z;
0;84;;0,025380414;;25,38041371;HFD;16;FDB;1;i;z;
0;85;;0,028019998;;28,0199975;HFD;16;FDB;1;i;z;
0;86;;0,02614204;;26,14203966;HFD;16;FDB;1;i;z;
0;87;;0,022439728;;22,43972809;HFD;16;FDB;1;i;z;
0;88;;0,029171992;;29,17199163;HFD;16;FDB;1;i;z;
0;89;;0,032140945;;32,14094493;HFD;16;FDB;1;i;z;
0;90;;0,031894726;;31,8947258;HFD;16;FDB;1;i;z;
0;91;;0,032310853;;32,31085308;HFD;16;FDB;1;i;z;
0;92;;0,030855008;;30,85500794;HFD;16;FDB;1;i;z;
0;93;;0,030429777;;30,42977694;HFD;16;FDB;1;i;z;
0;94;;0,02336867;;23,36866953;HFD;16;FDB;1;i;z;
0;95;;0,031416013;;31,41601337;HFD;16;FDB;1;i;z;
0;96;;0,024336024;;24,33602375;HFD;16;FDB;1;i;z;
0;97;;0,02805001;;28,05000986;HFD;16;FDB;1;i;z;
0;98;;0,030693324;;30,69332403;HFD;16;FDB;1;i;z;
0;99;;0,029921217;;29,92121709;HFD;16;FDB;1;i;z;
0;100;;0,033528376;;33,52837638;HFD;16;FDB;1;i;z;
0;101;;0,032071834;;32,07183368;HFD;16;FDB;1;i;z;
0;102;;0,030167879;;30,16787925;HFD;16;FDB;1;i;z;
0;103;;0,031023685;;31,02368513;HFD;16;FDB;1;i;z;
0;104;;0,028930445;;28,93044479;HFD;16;FDB;1;i;z;
0;105;;0,026283166;;26,2831659;HFD;16;FDB;1;i;z;
0;106;;0,03641791;;36,41791019;HFD;16;FDB;1;i;z;
0;107;;0,036039256;;36,0392561;HFD;16;FDB;1;i;z;
0;108;;0,03530993;;35,3099296;HFD;16;FDB;1;i;z;
0;109;;0,031416013;;31,41601337;HFD;16;FDB;1;i;z;
0;110;;0,040559825;;40,55982462;HFD;16;FDB;1;i;z;
0;111;;0,034908457;;34,90845655;HFD;16;FDB;1;i;z;
0;112;;0,040416714;;40,41671405;HFD;16;FDB;1;i;z;
0;113;;0,037214853;;37,21485288;HFD;16;FDB;1;i;z;
0;114;;0,029718525;;29,71852493;HFD;16;FDB;1;i;z;
0;115;;0,038196395;;38,1963946;HFD;16;FDB;1;i;z;
0;116;;0,042141803;;42,14180339;HFD;16;FDB;1;i;z;
0;117;;0,033409377;;33,40937721;HFD;16;FDB;1;i;z;
0;118;;0,034191407;;34,19140734;HFD;16;FDB;1;i;z;
0;119;;0,044256459;;44,25645947;HFD;16;FDB;1;i;z;
0;120;;0,041699255;;41,69925507;HFD;16;FDB;1;i;z;
0;1;;0,007313803;;7,313803317;HFD;16;FDB;1;i;z001;
0;2;;0,009861382;;9,861381613;HFD;16;FDB;1;i;z001;
0;3;;0,016206485;;16,20648496;HFD;16;FDB;1;i;z001;
0;4;;0,014585996;;14,58599581;HFD;16;FDB;1;i;z001;
0;5;;0,015053214;;15,05321394;HFD;16;FDB;1;i;z001;
0;6;;0,015351065;;15,35106485;HFD;16;FDB;1;i;z001;
0;7;;0,011864913;;11,86491343;HFD;16;FDB;1;i;z001;
0;8;;0,01241363;;12,41362969;HFD;16;FDB;1;i;z001;
0;9;;0,013463999;;13,46399949;HFD;16;FDB;1;i;z001;
0;10;;0,012903009;;12,90300861;HFD;16;FDB;1;i;z001;
0;11;;0,013077783;;13,07778331;HFD;16;FDB;1;i;z001;
0;12;;0,016829999;;16,82999937;HFD;16;FDB;1;i;z001;
0;13;;0,011219992;;11,2199923;HFD;16;FDB;1;i;z001;
0;14;;0,012817185;;12,81718543;HFD;16;FDB;1;i;z001;
0;15;;0,016712647;;16,7126474;HFD;16;FDB;1;i;z001;
0;16;;0,015708007;;15,70800669;HFD;16;FDB;1;i;z001;
0;17;;0,015644271;;15,64427056;HFD;16;FDB;1;i;z001;
0;18;;0,012727139;;12,72713868;HFD;16;FDB;1;i;z001;
0;19;;0,016829999;;16,82999937;HFD;16;FDB;1;i;z001;
0;20;;0,01665554;;16,65553985;HFD;16;FDB;1;i;z001;
0;21;;0,020756997;;20,7569974;HFD;16;FDB;1;i;z001;
0;22;;0,015822532;;15,82253185;HFD;16;FDB;1;i;z001;
0;23;;0,014325594;;14,32559354;HFD;16;FDB;1;i;z001;
0;24;;0,015341545;;15,34154522;HFD;16;FDB;1;i;z001;
0;25;;0,018644301;;18,64430052;HFD;16;FDB;1;i;z001;
0;26;;0,020517936;;20,51793616;HFD;16;FDB;1;i;z001;
0;27;;0,019073952;;19,07395199;HFD;16;FDB;1;i;z001;
0;28;;0,019794664;;19,79466438;HFD;16;FDB;1;i;z001;
0;29;;0,016844317;;16,8443173;HFD;16;FDB;1;i;z001;
0;30;;0,019482405;;19,48240498;HFD;16;FDB;1;i;z001;
0;31;;0,014677455;;14,67745478;HFD;16;FDB;1;i;z001;
0;32;;0,012805368;;12,8053679;HFD;16;FDB;1;i;z001;
0;33;;0,01458601;;14,58601037;HFD;16;FDB;1;i;z001;
0;34;;0,017660711;;17,66071094;HFD;16;FDB;1;i;z001;
0;35;;0,017562085;;17,56208537;HFD;16;FDB;1;i;z001;
0;36;;0,015147001;;15,14700125;HFD;16;FDB;1;i;z001;
0;37;;0,016660847;;16,66084678;HFD;16;FDB;1;i;z001;
0;38;;0,020409637;;20,40963662;HFD;16;FDB;1;i;z001;
0;39;;0,017773981;;17,77398139;HFD;16;FDB;1;i;z001;
0;40;;0,019937222;;19,93722193;HFD;16;FDB;1;i;z001;
0;41;;0,012795222;;12,79522201;HFD;16;FDB;1;i;z001;
0;42;;0,022803953;;22,80395314;HFD;16;FDB;1;i;z001;
0;43;;0,019623888;;19,62388801;HFD;16;FDB;1;i;z001;
0;44;;0,016830003;;16,83000301;HFD;16;FDB;1;i;z001;
0;45;;0,020020601;;20,0206011;HFD;16;FDB;1;i;z001;
0;46;;0,015302772;;15,30277196;HFD;16;FDB;1;i;z001;
0;47;;0,020177446;;20,17744569;HFD;16;FDB;1;i;z001;
0;48;;0,022200027;;22,20002736;HFD;16;FDB;1;i;z001;
0;49;;0,017195016;;17,19501582;HFD;16;FDB;1;i;z001;
0;50;;0,019659996;;19,65999555;HFD;16;FDB;1;i;z001;
0;51;;0,019944342;;19,94434199;HFD;16;FDB;1;i;z001;
0;52;;0,020076977;;20,07697671;HFD;16;FDB;1;i;z001;
0;53;;0,012551705;;12,55170463;HFD;16;FDB;1;i;z001;
0;54;;0,023530654;;23,53065375;HFD;16;FDB;1;i;z001;
0;55;;0,019834362;;19,83436247;HFD;16;FDB;1;i;z001;
0;56;;0,018274182;;18,27418222;HFD;16;FDB;1;i;z001;
0;57;;0,02241195;;22,41194962;HFD;16;FDB;1;i;z001;
0;58;;0,02368346;;23,68346002;HFD;16;FDB;1;i;z001;
0;59;;0,025943407;;25,9434073;HFD;16;FDB;1;i;z001;
0;60;;0,02305213;;23,05213016;HFD;16;FDB;1;i;z001;
0;61;;0,016269012;;16,26901212;HFD;16;FDB;1;i;z001;
0;62;;0,019130389;;19,1303894;HFD;16;FDB;1;i;z001;
0;63;;0,021084122;;21,08412179;HFD;16;FDB;1;i;z001;
0;64;;0,017390994;;17,39099389;HFD;16;FDB;1;i;z001;
0;65;;0,016558541;;16,55854135;HFD;16;FDB;1;i;z001;
0;66;;0,022163133;;22,1631327;HFD;16;FDB;1;i;z001;
0;67;;0,023491081;;23,4910811;HFD;16;FDB;1;i;z001;
0;68;;0,025245012;;25,24501178;HFD;16;FDB;1;i;z001;
0;69;;0,0206627;;20,66269954;HFD;16;FDB;1;i;z001;
0;70;;0,022927985;;22,92798493;HFD;16;FDB;1;i;z001;
0;71;;0,018896023;;18,89602268;HFD;16;FDB;1;i;z001;
0;72;;0,022543058;;22,54305826;HFD;16;FDB;1;i;z001;
0;73;;0,024684006;;24,68400635;HFD;16;FDB;1;i;z001;
0;74;;0,02805001;;28,05000986;HFD;16;FDB;1;i;z001;
0;75;;0,025659952;;25,6599523;HFD;16;FDB;1;i;z001;
0;76;;0,022328949;;22,32894873;HFD;16;FDB;1;i;z001;
0;77;;0,026188743;;26,18874296;HFD;16;FDB;1;i;z001;
0;78;;0,025309814;;25,30981384;HFD;16;FDB;1;i;z001;
0;79;;0,026844897;;26,84489681;HFD;16;FDB;1;i;z001;
0;80;;0,021817816;;21,81781621;HFD;16;FDB;1;i;z001;
0;81;;0,021901596;;21,90159645;HFD;16;FDB;1;i;z001;
0;82;;0,019635001;;19,63500108;HFD;16;FDB;1;i;z001;
0;83;;0,024826516;;24,82651596;HFD;16;FDB;1;i;z001;
0;84;;0,021462993;;21,46299306;HFD;16;FDB;1;i;z001;
0;85;;0,025797298;;25,79729783;HFD;16;FDB;1;i;z001;
0;86;;0,021547433;;21,54743281;HFD;16;FDB;1;i;z001;
0;87;;0,022300551;;22,30055094;HFD;16;FDB;1;i;z001;
0;88;;0,017009239;;17,00923908;HFD;16;FDB;1;i;z001;
0;89;;0,021344539;;21,34453946;HFD;16;FDB;1;i;z001;
0;90;;0,026064713;;26,06471277;HFD;16;FDB;1;i;z001;
0;91;;0,024156674;;24,15667431;HFD;16;FDB;1;i;z001;
0;92;;0,026482594;;26,48259378;HFD;16;FDB;1;i;z001;
0;93;;0,026366999;;26,36699946;HFD;16;FDB;1;i;z001;
0;94;;0,028596188;;28,59618832;HFD;16;FDB;1;i;z001;
0;95;;0,024098203;;24,09820324;HFD;16;FDB;1;i;z001;
0;96;;0,020916152;;20,91615177;HFD;16;FDB;1;i;z001;
0;97;;0,029732997;;29,73299706;HFD;16;FDB;1;i;z001;
0;98;;0,030102619;;30,10261852;HFD;16;FDB;1;i;z001;
0;99;;0,026217273;;26,21727251;HFD;16;FDB;1;i;z001;
0;100;;0,030855001;;30,85500066;HFD;16;FDB;1;i;z001;
0;101;;0,030017458;;30,01745755;HFD;16;FDB;1;i;z001;
0;102;;0,029678269;;29,67826871;HFD;16;FDB;1;i;z001;
0;103;;0,020841511;;20,84151114;HFD;16;FDB;1;i;z001;
0;104;;0,029340573;;29,34057252;HFD;16;FDB;1;i;z001;
0;105;;0,029573536;;29,57353622;HFD;16;FDB;1;i;z001;
0;106;;0,028561477;;28,56147661;HFD;16;FDB;1;i;z001;
0;107;;0,027068257;;27,0682568;HFD;16;FDB;1;i;z001;
0;108;;0,029354848;;29,35484782;HFD;16;FDB;1;i;z001;
0;109;;0,030613102;;30,61310152;HFD;16;FDB;1;i;z001;
0;110;;0,026927999;;26,92799899;HFD;16;FDB;1;i;z001;
0;111;;0,031044965;;31,04496477;HFD;16;FDB;1;i;z001;
0;112;;0,034097564;;34,09756443;HFD;16;FDB;1;i;z001;
0;113;;0,031009854;;31,00985404;HFD;16;FDB;1;i;z001;
0;114;;0,030393256;;30,39325603;HFD;16;FDB;1;i;z001;
0;115;;0,038875333;;38,87533316;HFD;16;FDB;1;i;z001;
0;116;;0,041584743;;41,58474294;HFD;16;FDB;1;i;z001;
0;117;;0,041128037;;41,12803715;HFD;16;FDB;1;i;z001;
0;1;;0,007046372;;7,046371576;HFD;16;FDB;3;d;z;
0;2;;0,008022329;;8,022328693;HFD;16;FDB;3;d;z;
0;3;;0,005504751;;5,504750532;HFD;16;FDB;3;d;z;
0;4;;0,00980646;;9,806459922;HFD;16;FDB;3;d;z;
0;5;;0,010098011;;10,09801053;HFD;16;FDB;3;d;z;
0;6;;0,008089045;;8,089045015;HFD;16;FDB;3;d;z;
0;7;;0,008975985;;8,975985111;HFD;16;FDB;3;d;z;
0;8;;0,009246856;;9,246856017;HFD;16;FDB;3;d;z;
0;9;;0,009282831;;9,282830963;HFD;16;FDB;3;d;z;
0;10;;0,008962783;;8,962782758;HFD;16;FDB;3;d;z;
0;11;;0,009537005;;9,537005099;HFD;16;FDB;3;d;z;
0;12;;0,008416801;;8,416800732;HFD;16;FDB;3;d;z;
0;13;;0,008911118;;8,911117622;HFD;16;FDB;3;d;z;
0;14;;0,010041168;;10,04116833;HFD;16;FDB;3;d;z;
0;15;;0,011369565;;11,36956507;HFD;16;FDB;3;d;z;
0;16;;0,009076377;;9,076377254;HFD;16;FDB;3;d;z;
0;17;;0,012342003;;12,34200317;HFD;16;FDB;3;d;z;
0;18;;0,011503924;;11,50392365;HFD;16;FDB;3;d;z;
0;19;;0,011780998;;11,78099774;HFD;16;FDB;3;d;z;
0;20;;0,008976;;8,975999663;HFD;16;FDB;3;d;z;
0;21;;0,012341974;;12,34197407;HFD;16;FDB;3;d;z;
0;22;;0,011780998;;11,78099774;HFD;16;FDB;3;d;z;
0;23;;0,011780998;;11,78099774;HFD;16;FDB;3;d;z;
0;24;;0,010044546;;10,04454634;HFD;16;FDB;3;d;z;
0;25;;0,010644118;;10,64411848;HFD;16;FDB;3;d;z;
0;26;;0,013090944;;13,0909444;HFD;16;FDB;3;d;z;
0;27;;0,007853989;;7,853988791;HFD;16;FDB;3;d;z;
0;28;;0,009537;;9,536999642;HFD;16;FDB;3;d;z;
0;29;;0,01329702;;13,29702005;HFD;16;FDB;3;d;z;
0;30;;0,011107259;;11,10725863;HFD;16;FDB;3;d;z;
0;31;;0,013144079;;13,14407857;HFD;16;FDB;3;d;z;
0;32;;0,01155516;;11,55516008;HFD;16;FDB;3;d;z;
0;33;;0,010496923;;10,49692284;HFD;16;FDB;3;d;z;
0;34;;0,013145583;;13,14558327;HFD;16;FDB;3;d;z;
0;35;;0,009804208;;9,804207741;HFD;16;FDB;3;d;z;
0;36;;0,013543795;;13,54379525;HFD;16;FDB;3;d;z;
0;37;;0,015274156;;15,27415589;HFD;16;FDB;3;d;z;
0;38;;0,013699008;;13,69900847;HFD;16;FDB;3;d;z;
0;39;;0,009611498;;9,611497828;HFD;16;FDB;3;d;z;
0;40;;0,012468026;;12,46802568;HFD;16;FDB;3;d;z;
0;41;;0,012082445;;12,08244462;HFD;16;FDB;3;d;z;
0;42;;0,013649528;;13,64952776;HFD;16;FDB;3;d;z;
0;43;;0,013884053;;13,8840527;HFD;16;FDB;3;d;z;
0;44;;0,013674896;;13,67489554;HFD;16;FDB;3;d;z;
0;45;;0,013119832;;13,11983218;HFD;16;FDB;3;d;z;
0;46;;0,013044608;;13,04460751;HFD;16;FDB;3;d;z;
0;47;;0,012532714;;12,53271448;HFD;16;FDB;3;d;z;
0;48;;0,013366881;;13,36688136;HFD;16;FDB;3;d;z;
0;49;;0,010257006;;10,25700629;HFD;16;FDB;3;d;z;
0;50;;0,012487053;;12,48705347;HFD;16;FDB;3;d;z;
0;51;;0,011214593;;11,21459317;HFD;16;FDB;3;d;z;
0;52;;0,015708007;;15,70800669;HFD;16;FDB;3;d;z;
0;53;;0,016765886;;16,76588612;HFD;16;FDB;3;d;z;
0;54;;0,01249258;;12,49258024;HFD;16;FDB;3;d;z;
0;55;;0,009847153;;9,847152831;HFD;16;FDB;3;d;z;
0;56;;0,011398154;;11,39815409;HFD;16;FDB;3;d;z;
0;57;;0,014025019;;14,02501948;HFD;16;FDB;3;d;z;
0;58;;0,016228825;;16,2288252;HFD;16;FDB;3;d;z;
0;59;;0,011749603;;11,749603;HFD;16;FDB;3;d;z;
0;60;;0,013464014;;13,46401405;HFD;16;FDB;3;d;z;
0;61;;0,015441415;;15,44141487;HFD;16;FDB;3;d;z;
0;62;;0,014662046;;14,66204555;HFD;16;FDB;3;d;z;
0;63;;0,01439001;;14,39001047;HFD;16;FDB;3;d;z;
0;64;;0,018863933;;18,86393328;HFD;16;FDB;3;d;z;
0;65;;0,014074908;;14,07490775;HFD;16;FDB;3;d;z;
0;66;;0,014193875;;14,19387536;HFD;16;FDB;3;d;z;
0;67;;0,015147001;;15,14700125;HFD;16;FDB;3;d;z;
0;68;;0,010659016;;10,65901597;HFD;16;FDB;3;d;z;
0;69;;0,017038371;;17,03837087;HFD;16;FDB;3;d;z;
0;70;;0,012902994;;12,90299406;HFD;16;FDB;3;d;z;
0;71;;0,019628001;;19,62800106;HFD;16;FDB;3;d;z;
0;72;;0,019634987;;19,63498653;HFD;16;FDB;3;d;z;
0;73;;0,018513005;;18,51300476;HFD;16;FDB;3;d;z;
0;74;;0,014850838;;14,85083775;HFD;16;FDB;3;d;z;
0;75;;0,016269012;;16,26901212;HFD;16;FDB;3;d;z;
0;76;;0,01736547;;17,36547012;HFD;16;FDB;3;d;z;
0;77;;0,01342993;;13,42992954;HFD;16;FDB;3;d;z;
0;78;;0,01576099;;15,76098952;HFD;16;FDB;3;d;z;
0;79;;0,016610427;;16,61042718;HFD;16;FDB;3;d;z;
0;80;;0,017073142;;17,07314237;HFD;16;FDB;3;d;z;
0;81;;0,015099602;;15,09960215;HFD;16;FDB;3;d;z;
0;82;;0,016056779;;16,05677911;HFD;16;FDB;3;d;z;
0;83;;0,014343312;;14,34331163;HFD;16;FDB;3;d;z;
0;84;;0,016269012;;16,26901212;HFD;16;FDB;3;d;z;
0;85;;0,019449058;;19,44905819;HFD;16;FDB;3;d;z;
0;86;;0,018644301;;18,64430052;HFD;16;FDB;3;d;z;
0;87;;0,022643916;;22,64391642;HFD;16;FDB;3;d;z;
0;88;;0,016729794;;16,72979366;HFD;16;FDB;3;d;z;
0;89;;0,019142262;;19,1422623;HFD;16;FDB;3;d;z;
0;90;;0,021497031;;21,49703082;HFD;16;FDB;3;d;z;
0;91;;0,020195992;;20,19599197;HFD;16;FDB;3;d;z;
0;92;;0,021879008;;21,87900827;HFD;16;FDB;3;d;z;
0;93;;0,014585996;;14,58599581;HFD;16;FDB;3;d;z;
0;94;;0,024123001;;24,12300091;HFD;16;FDB;3;d;z;
0;95;;0,021217312;;21,21731169;HFD;16;FDB;3;d;z;
0;96;;0,018388039;;18,38803927;HFD;16;FDB;3;d;z;
0;97;;0,02300099;;23,00099004;HFD;16;FDB;3;d;z;
0;98;;0,017279123;;17,2791226;HFD;16;FDB;3;d;z;
0;99;;0,02300099;;23,00099004;HFD;16;FDB;3;d;z;
0;100;;0,020392083;;20,39208326;HFD;16;FDB;3;d;z;
0;101;;0,019750889;;19,75088919;HFD;16;FDB;3;d;z;
0;102;;0,017391023;;17,39102299;HFD;16;FDB;3;d;z;
0;103;;0,022214481;;22,21448124;HFD;16;FDB;3;d;z;
0;104;;0,02300099;;23,00099004;HFD;16;FDB;3;d;z;
0;105;;0,022183597;;22,18359677;HFD;16;FDB;3;d;z;
0;106;;0,017959615;;17,95961544;HFD;16;FDB;3;d;z;
0;107;;0,025561961;;25,56196145;HFD;16;FDB;3;d;z;
0;108;;0,021894586;;21,89458637;HFD;16;FDB;3;d;z;
0;109;;0,020505649;;20,5056486;HFD;16;FDB;3;d;z;
0;110;;0,024453854;;24,45385441;HFD;16;FDB;3;d;z;
0;111;;0,018513005;;18,51300476;HFD;16;FDB;3;d;z;
0;112;;0,020010203;;20,01020308;HFD;16;FDB;3;d;z;
0;113;;0,025805988;;25,80598812;HFD;16;FDB;3;d;z;
0;114;;0,015334375;;15,33437495;HFD;16;FDB;3;d;z;
0;115;;0,021384218;;21,38421819;HFD;16;FDB;3;d;z;
0;116;;0,0236341;;23,63409979;HFD;16;FDB;3;d;z;
0;117;;0,022307874;;22,30787432;HFD;16;FDB;3;d;z;
0;118;;0,020954494;;20,95449407;HFD;16;FDB;3;d;z;
0;119;;0,026815549;;26,81554923;HFD;16;FDB;3;d;z;
0;120;;0,025225185;;25,22518455;HFD;16;FDB;3;d;z;
0;121;;0,022643948;;22,64394831;HFD;16;FDB;3;d;z;
0;122;;0,025244983;;25,24498268;HFD;16;FDB;3;d;z;
0;123;;0,018923063;;18,92306321;HFD;16;FDB;3;d;z;
0;124;;0,023226714;;23,2267138;HFD;16;FDB;3;d;z;
0;125;;0,017951999;;17,95199933;HFD;16;FDB;3;d;z;
0;126;;0,025706187;;25,70618736;HFD;16;FDB;3;d;z;
0;127;;0,021879008;;21,87900827;HFD;16;FDB;3;d;z;
0;128;;0,024813045;;24,81304455;HFD;16;FDB;3;d;z;
0;129;;0,023497275;;23,49727456;HFD;16;FDB;3;d;z;
0;130;;0,026366994;;26,36699355;HFD;16;FDB;3;d;z;
0;131;;0,024318782;;24,31878211;HFD;16;FDB;3;d;z;
0;132;;0,0237389;;23,73890043;HFD;16;FDB;3;d;z;
0;133;;0,029171992;;29,17199163;HFD;16;FDB;3;d;z;
0;134;;0,026366994;;26,36699355;HFD;16;FDB;3;d;z;
0;135;;0,022846834;;22,84683436;HFD;16;FDB;3;d;z;
0;136;;0,028472146;;28,47214635;HFD;16;FDB;3;d;z;
0;137;;0,025805999;;25,80599903;HFD;16;FDB;3;d;z;
0;138;;0,030983143;;30,98314347;HFD;16;FDB;3;d;z;
0;139;;0,029824796;;29,82479598;HFD;16;FDB;3;d;z;
0;140;;0,026220625;;26,22062504;HFD;16;FDB;3;d;z;
0;141;;0,028611015;;28,6110153;HFD;16;FDB;3;d;z;
0;142;;0,029435569;;29,43556862;HFD;16;FDB;3;d;z;
0;143;;0,026098765;;26,09876549;HFD;16;FDB;3;d;z;
0;144;;0,034633152;;34,63315214;HFD;16;FDB;3;d;z;
0;145;;0,030294002;;30,2940025;HFD;16;FDB;3;d;z;
0;146;;0,025245012;;25,24501178;HFD;16;FDB;3;d;z;
0;147;;0,040849543;;40,84954305;HFD;16;FDB;3;d;z;
0;148;;0,025506155;;25,50615498;HFD;16;FDB;3;d;z;
0;1;;0,008946523;;8,946522511;HFD;16;FDB;3;d;z001;
0;2;;0,008330423;;8,33042339;HFD;16;FDB;3;d;z001;
0;3;;0,009543217;;9,54321733;HFD;16;FDB;3;d;z001;
0;4;;0,009537005;;9,537005099;HFD;16;FDB;3;d;z001;
0;5;;0,007292998;;7,292997907;HFD;16;FDB;3;d;z001;
0;6;;0,009471542;;9,471541869;HFD;16;FDB;3;d;z001;
0;7;;0,012342003;;12,34200317;HFD;16;FDB;3;d;z001;
0;8;;0,011220007;;11,22000685;HFD;16;FDB;3;d;z001;
0;9;;0,011219992;;11,2199923;HFD;16;FDB;3;d;z001;
0;10;;0,013003788;;13,00378799;HFD;16;FDB;3;d;z001;
0;11;;0,011780998;;11,78099774;HFD;16;FDB;3;d;z001;
0;12;;0,009345599;;9,345598658;HFD;16;FDB;3;d;z001;
0;13;;0,012902994;;12,90299406;HFD;16;FDB;3;d;z001;
0;14;;0,009277771;;9,277770943;HFD;16;FDB;3;d;z001;
0;15;;0,011814282;;11,81428202;HFD;16;FDB;3;d;z001;
0;16;;0,012302306;;12,30230568;HFD;16;FDB;3;d;z001;
0;17;;0,013297009;;13,29700866;HFD;16;FDB;3;d;z001;
0;18;;0,01244406;;12,44406007;HFD;16;FDB;3;d;z001;
0;19;;0,011387415;;11,38741456;HFD;16;FDB;3;d;z001;
0;20;;0,012342003;;12,34200317;HFD;16;FDB;3;d;z001;
0;21;;0,012121119;;12,12111859;HFD;16;FDB;3;d;z001;
0;22;;0,012902842;;12,90284182;HFD;16;FDB;3;d;z001;
0;23;;0,01364382;;13,64382043;HFD;16;FDB;3;d;z001;
0;24;;0,011174308;;11,17430804;HFD;16;FDB;3;d;z001;
0;25;;0,015042805;;15,04280517;HFD;16;FDB;3;d;z001;
0;26;;0,013079841;;13,07984073;HFD;16;FDB;3;d;z001;
0;27;;0,012342003;;12,34200317;HFD;16;FDB;3;d;z001;
0;28;;0,011486253;;11,48625267;HFD;16;FDB;3;d;z001;
0;29;;0,01725189;;17,2518896;HFD;16;FDB;3;d;z001;
0;30;;0,011878149;;11,87814923;HFD;16;FDB;3;d;z001;
0;31;;0,012869754;;12,86975406;HFD;16;FDB;3;d;z001;
0;32;;0,010594278;;10,59427794;HFD;16;FDB;3;d;z001;
0;33;;0,013349833;;13,34983254;HFD;16;FDB;3;d;z001;
0;34;;0,012342003;;12,34200317;HFD;16;FDB;3;d;z001;
0;35;;0,011782006;;11,78200646;HFD;16;FDB;3;d;z001;
0;36;;0,013547903;;13,5479028;HFD;16;FDB;3;d;z001;
0;37;;0,011780998;;11,78099774;HFD;16;FDB;3;d;z001;
0;38;;0,016824604;;16,82460387;HFD;16;FDB;3;d;z001;
0;39;;0,01317939;;13,17939033;HFD;16;FDB;3;d;z001;
0;40;;0,015551072;;15,55107221;HFD;16;FDB;3;d;z001;
0;41;;0,015074104;;15,07410437;HFD;16;FDB;3;d;z001;
0;42;;0,011107238;;11,10723805;HFD;16;FDB;3;d;z001;
0;43;;0,016034248;;16,03424813;HFD;16;FDB;3;d;z001;
0;44;;0,01830386;;18,30386034;HFD;16;FDB;3;d;z001;
0;45;;0,015530105;;15,53010483;HFD;16;FDB;3;d;z001;
0;46;;0,018513005;;18,51300476;HFD;16;FDB;3;d;z001;
0;47;;0,014382214;;14,38221424;HFD;16;FDB;3;d;z001;
0;48;;0,015511856;;15,51185624;HFD;16;FDB;3;d;z001;
0;49;;0,019498811;;19,49881137;HFD;16;FDB;3;d;z001;
0;50;;0,015068959;;15,06895928;HFD;16;FDB;3;d;z001;
0;51;;0,015377049;;15,37704903;HFD;16;FDB;3;d;z001;
0;52;;0,017396368;;17,39636786;HFD;16;FDB;3;d;z001;
0;53;;0,018900264;;18,90026365;HFD;16;FDB;3;d;z001;
0;54;;0,013046124;;13,04612428;HFD;16;FDB;3;d;z001;
0;55;;0,016549787;;16,54978709;HFD;16;FDB;3;d;z001;
0;56;;0,021378841;;21,37884067;HFD;16;FDB;3;d;z001;
0;57;;0,022293906;;22,29390596;HFD;16;FDB;3;d;z001;
0;58;;0,015707992;;15,70799213;HFD;16;FDB;3;d;z001;
0;59;;0,016671133;;16,67113298;HFD;16;FDB;3;d;z001;
0;60;;0,020756997;;20,7569974;HFD;16;FDB;3;d;z001;
0;61;;0,017704826;;17,70482566;HFD;16;FDB;3;d;z001;
0;62;;0,01871677;;18,71677007;HFD;16;FDB;3;d;z001;
0;63;;0,024440569;;24,44056852;HFD;16;FDB;3;d;z001;
0;64;;0,017951999;;17,95199933;HFD;16;FDB;3;d;z001;
0;65;;0,014802336;;14,80233607;HFD;16;FDB;3;d;z001;
0;66;;0,018015667;;18,01566709;HFD;16;FDB;3;d;z001;
0;67;;0,023756253;;23,75625252;HFD;16;FDB;3;d;z001;
0;68;;0,018314747;;18,31474664;HFD;16;FDB;3;d;z001;
0;69;;0,019708875;;19,70887481;HFD;16;FDB;3;d;z001;
0;70;;0,024753734;;24,7537337;HFD;16;FDB;3;d;z001;
0;71;;0,021867511;;21,86751144;HFD;16;FDB;3;d;z001;
0;72;;0,021720593;;21,72059265;HFD;16;FDB;3;d;z001;
0;73;;0,025008482;;25,00848176;HFD;16;FDB;3;d;z001;
0;74;;0,018200912;;18,20091158;HFD;16;FDB;3;d;z001;
0;75;;0,020089463;;20,08946318;HFD;16;FDB;3;d;z001;
0;76;;0,022164988;;22,16498772;HFD;16;FDB;3;d;z001;
0;77;;0,023174316;;23,1743156;HFD;16;FDB;3;d;z001;
0;78;;0,020808369;;20,80836947;HFD;16;FDB;3;d;z001;
0;79;;0,018398481;;18,39848063;HFD;16;FDB;3;d;z001;
0;80;;0,018937609;;18,93760897;HFD;16;FDB;3;d;z001;
0;81;;0,021031106;;21,03110609;HFD;16;FDB;3;d;z001;
0;82;;0,020099972;;20,09997237;HFD;16;FDB;3;d;z001;
0;83;;0,023983367;;23,98336667;HFD;16;FDB;3;d;z001;
0;84;;0,024930745;;24,93074472;HFD;16;FDB;3;d;z001;
0;85;;0,025245012;;25,24501178;HFD;16;FDB;3;d;z001;
0;86;;0,019007873;;19,00787283;HFD;16;FDB;3;d;z001;
0;87;;0,025244983;;25,24498268;HFD;16;FDB;3;d;z001;
0;88;;0,027489004;;27,48900442;HFD;16;FDB;3;d;z001;
0;89;;0,018862219;;18,86221928;HFD;16;FDB;3;d;z001;
0;90;;0,018908199;;18,90819863;HFD;16;FDB;3;d;z001;
0;91;;0,022681661;;22,68166064;HFD;16;FDB;3;d;z001;
0;92;;0,024810279;;24,81027923;HFD;16;FDB;3;d;z001;
0;93;;0,025805988;;25,80598812;HFD;16;FDB;3;d;z001;
0;94;;0,02566377;;25,66377015;HFD;16;FDB;3;d;z001;
0;95;;0,021879008;;21,87900827;HFD;16;FDB;3;d;z001;
0;96;;0,023769472;;23,76947211;HFD;16;FDB;3;d;z001;
0;97;;0,025576952;;25,57695165;HFD;16;FDB;3;d;z001;
0;98;;0,020408868;;20,40886805;HFD;16;FDB;3;d;z001;
0;99;;0,0281689;;28,16889951;HFD;16;FDB;3;d;z001;
0;100;;0,026296386;;26,29638595;HFD;16;FDB;3;d;z001;
0;101;;0,025023468;;25,02346824;HFD;16;FDB;3;d;z001;
0;102;;0,022967511;;22,96751059;HFD;16;FDB;3;d;z001;
0;103;;0,022254519;;22,25451857;HFD;16;FDB;3;d;z001;
0;104;;0,019239053;;19,23905275;HFD;16;FDB;3;d;z001;
0;105;;0,029171992;;29,17199163;HFD;16;FDB;3;d;z001;
0;106;;0,030236939;;30,23693865;HFD;16;FDB;3;d;z001;
0;107;;0,025789816;;25,78981592;HFD;16;FDB;3;d;z001;
0;108;;0,030226106;;30,22610578;HFD;16;FDB;3;d;z001;
0;109;;0,029751539;;29,75153857;HFD;16;FDB;3;d;z001;
0;1;;0,019457644;;19,4576436;HFD;16;FDB;5;d;z;
0;2;;0,019568769;;19,56876898;HFD;16;FDB;5;d;z;
0;3;;0,01824761;;18,24760977;HFD;16;FDB;5;d;z;
0;4;;0,023561995;;23,56199548;HFD;16;FDB;5;d;z;
0;5;;0,01907401;;19,0740102;HFD;16;FDB;5;d;z;
0;6;;0,026928028;;26,92802809;HFD;16;FDB;5;d;z;
0;7;;0,026367004;;26,36700447;HFD;16;FDB;5;d;z;
0;8;;0,024683977;;24,68397724;HFD;16;FDB;5;d;z;
0;9;;0,028483853;;28,48385268;HFD;16;FDB;5;d;z;
0;10;;0,027633788;;27,63378758;HFD;16;FDB;5;d;z;
0;11;;0,028016996;;28,01699566;HFD;16;FDB;5;d;z;
0;12;;0,034878061;;34,87806083;HFD;16;FDB;5;d;z;
0;13;;0,028304906;;28,30490568;HFD;16;FDB;5;d;z;
0;14;;0,036495199;;36,49519896;HFD;16;FDB;5;d;z;
0;15;;0,034910442;;34,91044243;HFD;16;FDB;5;d;z;
0;16;;0,033659977;;33,65997691;HFD;16;FDB;5;d;z;
0;17;;0,036465004;;36,46500409;HFD;16;FDB;5;d;z;
0;18;;0,033152307;;33,1523068;HFD;16;FDB;5;d;z;
0;19;;0,03334412;;33,34411984;HFD;16;FDB;5;d;z;
0;20;;0,035553808;;35,55380767;HFD;16;FDB;5;d;z;
0;21;;0,035903999;;35,90399865;HFD;16;FDB;5;d;z;
0;22;;0,043757987;;43,75798744;HFD;16;FDB;5;d;z;
0;23;;0,035343;;35,34300049;HFD;16;FDB;5;d;z;
0;24;;0,037587015;;37,58701496;HFD;16;FDB;5;d;z;
0;25;;0,040430694;;40,43069446;HFD;16;FDB;5;d;z;
0;26;;0,042316464;;42,31646418;HFD;16;FDB;5;d;z;
0;27;;0,046372822;;46,37282206;HFD;16;FDB;5;d;z;
0;28;;0,040870931;;40,87093066;HFD;16;FDB;5;d;z;
0;29;;0,050937314;;50,93731444;HFD;16;FDB;5;d;z;
0;30;;0,044327614;;44,32761362;HFD;16;FDB;5;d;z;
0;1;;0,011219992;;11,2199923;HFD;16;FDB;5;d;z001;
0;2;;0,015449285;;15,44928503;HFD;16;FDB;5;d;z001;
0;3;;0,017227195;;17,22719495;HFD;16;FDB;5;d;z001;
0;4;;0,01907401;;19,0740102;HFD;16;FDB;5;d;z001;
0;5;;0,022990192;;22,99019177;HFD;16;FDB;5;d;z001;
0;6;;0,027489004;;27,48900442;HFD;16;FDB;5;d;z001;
0;7;;0,028610986;;28,61098619;HFD;16;FDB;5;d;z001;
0;8;;0,021576271;;21,5762712;HFD;16;FDB;5;d;z001;
0;9;;0,02463326;;24,63326046;HFD;16;FDB;5;d;z001;
0;10;;0,030294002;;30,2940025;HFD;16;FDB;5;d;z001;
0;11;;0,029171992;;29,17199163;HFD;16;FDB;5;d;z001;
0;12;;0,024628821;;24,62882142;HFD;16;FDB;5;d;z001;
0;13;;0,027504073;;27,50407295;HFD;16;FDB;5;d;z001;
0;14;;0,025207027;;25,20702704;HFD;16;FDB;5;d;z001;
0;15;;0,028842716;;28,84271575;HFD;16;FDB;5;d;z001;
0;16;;0,028401177;;28,40117692;HFD;16;FDB;5;d;z001;
0;17;;0,026092223;;26,09222253;HFD;16;FDB;5;d;z001;
0;18;;0,027253284;;27,25328442;HFD;16;FDB;5;d;z001;
0;19;;0,029830849;;29,83084935;HFD;16;FDB;5;d;z001;
0;20;;0,030828742;;30,8287424;HFD;16;FDB;5;d;z001;
0;21;;0,030452131;;30,45213122;HFD;16;FDB;5;d;z001;
0;22;;0,02676587;;26,76587036;HFD;16;FDB;5;d;z001;
0;23;;0,028987701;;28,98770055;HFD;16;FDB;5;d;z001;
0;24;;0,03373336;;33,73336014;HFD;16;FDB;5;d;z001;
0;25;;0,029354827;;29,35482724;HFD;16;FDB;5;d;z001;
0;26;;0,030294002;;30,2940025;HFD;16;FDB;5;d;z001;
0;27;;0,030859086;;30,85908589;HFD;16;FDB;5;d;z001;
0;28;;0,029717134;;29,71713421;HFD;16;FDB;5;d;z001;
0;1;;0,008976;;8,975999663;NCD;16;FDB;1;d;z;
0;2;;0,009745238;;9,745237832;NCD;16;FDB;1;d;z;
0;3;;0,011780998;;11,78099774;NCD;16;FDB;1;d;z;
0;4;;0,010424345;;10,42434452;NCD;16;FDB;1;d;z;
0;5;;0,011780998;;11,78099774;NCD;16;FDB;1;d;z;
0;6;;0,012251145;;12,25114465;NCD;16;FDB;1;d;z;
0;7;;0,012342003;;12,34200317;NCD;16;FDB;1;d;z;
0;8;;0,013218479;;13,2184792;NCD;16;FDB;1;d;z;
0;9;;0,014586025;;14,58602492;NCD;16;FDB;1;d;z;
0;10;;0,015734268;;15,73426829;NCD;16;FDB;1;d;z;
0;11;;0,013463999;;13,46399949;NCD;16;FDB;1;d;z;
0;12;;0,016475545;;16,4755452;NCD;16;FDB;1;d;z;
0;13;;0,015724612;;15,72461199;NCD;16;FDB;1;d;z;
0;14;;0,01492916;;14,92916038;NCD;16;FDB;1;d;z;
0;15;;0,012546524;;12,54652396;NCD;16;FDB;1;d;z;
0;16;;0,013291474;;13,29147402;NCD;16;FDB;1;d;z;
0;17;;0,016075405;;16,07540527;NCD;16;FDB;1;d;z;
0;18;;0,01777757;;17,77757027;NCD;16;FDB;1;d;z;
0;19;;0,016344108;;16,34410808;NCD;16;FDB;1;d;z;
0;20;;0,013046137;;13,04613729;NCD;16;FDB;1;d;z;
0;21;;0,019644338;;19,6443381;NCD;16;FDB;1;d;z;
0;22;;0,017951999;;17,95199933;NCD;16;FDB;1;d;z;
0;23;;0,018608472;;18,60847199;NCD;16;FDB;1;d;z;
0;24;;0,015707978;;15,70797758;NCD;16;FDB;1;d;z;
0;25;;0,017122486;;17,12248644;NCD;16;FDB;1;d;z;
0;26;;0,016356605;;16,35660539;NCD;16;FDB;1;d;z;
0;27;;0,016264171;;16,26417147;NCD;16;FDB;1;d;z;
0;28;;0,01561868;;15,61868008;NCD;16;FDB;1;d;z;
0;29;;0,017392357;;17,39235735;NCD;16;FDB;1;d;z;
0;30;;0,016268998;;16,26899757;NCD;16;FDB;1;d;z;
0;31;;0,013290625;;13,29062541;NCD;16;FDB;1;d;z;
0;32;;0,017788186;;17,7881858;NCD;16;FDB;1;d;z;
0;33;;0,021050911;;21,05091117;NCD;16;FDB;1;d;z;
0;34;;0,019073999;;19,07399928;NCD;16;FDB;1;d;z;
0;35;;0,017390994;;17,39099389;NCD;16;FDB;1;d;z;
0;36;;0,021109603;;21,10960315;NCD;16;FDB;1;d;z;
0;37;;0,022979013;;22,97901318;NCD;16;FDB;1;d;z;
0;38;;0,01850145;;18,50145038;NCD;16;FDB;1;d;z;
0;39;;0,020090358;;20,09035845;NCD;16;FDB;1;d;z;
0;40;;0,015737816;;15,7378163;NCD;16;FDB;1;d;z;
0;41;;0,017311216;;17,31121564;NCD;16;FDB;1;d;z;
0;42;;0,016269012;;16,26901212;NCD;16;FDB;1;d;z;
0;43;;0,023294998;;23,29499796;NCD;16;FDB;1;d;z;
0;44;;0,017404393;;17,40439261;NCD;16;FDB;1;d;z;
0;45;;0,021082029;;21,08202923;NCD;16;FDB;1;d;z;
0;46;;0,014954651;;14,9546507;NCD;16;FDB;1;d;z;
0;47;;0,021421115;;21,42111518;NCD;16;FDB;1;d;z;
0;48;;0,026022328;;26,02232817;NCD;16;FDB;1;d;z;
0;49;;0,024060047;;24,06004715;NCD;16;FDB;1;d;z;
0;50;;0,017951999;;17,95199933;NCD;16;FDB;1;d;z;
0;51;;0,01365855;;13,65854977;NCD;16;FDB;1;d;z;
0;52;;0,018224542;;18,22454233;NCD;16;FDB;1;d;z;
0;53;;0,022191128;;22,19112765;NCD;16;FDB;1;d;z;
0;54;;0,018829647;;18,82964698;NCD;16;FDB;1;d;z;
0;55;;0,023207353;;23,20735337;NCD;16;FDB;1;d;z;
0;56;;0,025065432;;25,06543219;NCD;16;FDB;1;d;z;
0;57;;0,020472384;;20,47238419;NCD;16;FDB;1;d;z;
0;58;;0,017374376;;17,37437555;NCD;16;FDB;1;d;z;
0;59;;0,021010023;;21,01002255;NCD;16;FDB;1;d;z;
0;60;;0,01858012;;18,58012025;NCD;16;FDB;1;d;z;
0;61;;0,017777134;;17,77713418;NCD;16;FDB;1;d;z;
0;62;;0,022611167;;22,61116684;NCD;16;FDB;1;d;z;
0;63;;0,023834271;;23,83427127;NCD;16;FDB;1;d;z;
0;64;;0,022744591;;22,74459118;NCD;16;FDB;1;d;z;
0;65;;0,021255486;;21,25548604;NCD;16;FDB;1;d;z;
0;66;;0,022998907;;22,99890737;NCD;16;FDB;1;d;z;
0;67;;0,020314455;;20,31445507;NCD;16;FDB;1;d;z;
0;68;;0,022474952;;22,47495235;NCD;16;FDB;1;d;z;
0;69;;0,025854497;;25,85449713;NCD;16;FDB;1;d;z;
0;70;;0,021648054;;21,6480539;NCD;16;FDB;1;d;z;
0;71;;0,026372769;;26,37276934;NCD;16;FDB;1;d;z;
0;72;;0,014061211;;14,06121142;NCD;16;FDB;1;d;z;
0;73;;0,023561995;;23,56199548;NCD;16;FDB;1;d;z;
0;74;;0,021457418;;21,45741821;NCD;16;FDB;1;d;z;
0;75;;0,025416226;;25,41622603;NCD;16;FDB;1;d;z;
0;76;;0,021491146;;21,49114581;NCD;16;FDB;1;d;z;
0;77;;0,027315928;;27,31592794;NCD;16;FDB;1;d;z;
0;78;;0,020987544;;20,98754352;NCD;16;FDB;1;d;z;
0;79;;0,023404535;;23,40453547;NCD;16;FDB;1;d;z;
0;80;;0,027371415;;27,37141466;NCD;16;FDB;1;d;z;
0;81;;0,027961556;;27,96155632;NCD;16;FDB;1;d;z;
0;82;;0,02748824;;27,48824023;NCD;16;FDB;1;d;z;
0;83;;0,022053402;;22,0534024;NCD;16;FDB;1;d;z;
0;84;;0,029369388;;29,36938819;NCD;16;FDB;1;d;z;
0;85;;0,023954105;;23,95410547;NCD;16;FDB;1;d;z;
0;86;;0,024220691;;24,22069144;NCD;16;FDB;1;d;z;
0;87;;0,029692928;;29,69292774;NCD;16;FDB;1;d;z;
0;88;;0,026110589;;26,11058948;NCD;16;FDB;1;d;z;
0;89;;0,025878087;;25,87808686;NCD;16;FDB;1;d;z;
0;90;;0,026366994;;26,36699355;NCD;16;FDB;1;d;z;
0;91;;0,029934441;;29,93444069;NCD;16;FDB;1;d;z;
0;92;;0,027796964;;27,79696407;NCD;16;FDB;1;d;z;
0;93;;0,028610986;;28,61098619;NCD;16;FDB;1;d;z;
0;94;;0,025179212;;25,17921229;NCD;16;FDB;1;d;z;
0;95;;0,029143305;;29,14330506;NCD;16;FDB;1;d;z;
0;96;;0,027497599;;27,49759939;NCD;16;FDB;1;d;z;
0;97;;0,032528338;;32,52833779;NCD;16;FDB;1;d;z;
0;98;;0,03361826;;33,6182595;NCD;16;FDB;1;d;z;
0;99;;0,022586183;;22,58618291;NCD;16;FDB;1;d;z;
0;100;;0,034264167;;34,26416681;NCD;16;FDB;1;d;z;
0;101;;0,030294002;;30,2940025;NCD;16;FDB;1;d;z;
0;102;;0,031338271;;31,33827069;NCD;16;FDB;1;d;z;
0;103;;0,032354351;;32,35435136;NCD;16;FDB;1;d;z;
0;104;;0,025641618;;25,64161751;NCD;16;FDB;1;d;z;
0;105;;0,034548587;;34,5485867;NCD;16;FDB;1;d;z;
0;106;;0,030582315;;30,58231547;NCD;16;FDB;1;d;z;
0;107;;0,028246435;;28,24643473;NCD;16;FDB;1;d;z;
0;108;;0,029151323;;29,15132323;NCD;16;FDB;1;d;z;
0;109;;0,027117141;;27,1171411;NCD;16;FDB;1;d;z;
0;110;;0,029411664;;29,41166434;NCD;16;FDB;1;d;z;
0;111;;0,031907194;;31,90719356;NCD;16;FDB;1;d;z;
0;112;;0,034677523;;34,6775229;NCD;16;FDB;1;d;z;
0;113;;0,031411955;;31,41195527;NCD;16;FDB;1;d;z;
0;114;;0,036967967;;36,96796709;NCD;16;FDB;1;d;z;
0;115;;0,025758368;;25,75836841;NCD;16;FDB;1;d;z;
0;116;;0,029090462;;29,09046189;NCD;16;FDB;1;d;z;
0;117;;0,026366994;;26,36699355;NCD;16;FDB;1;d;z;
0;118;;0,032155604;;32,1556043;NCD;16;FDB;1;d;z;
0;119;;0,038886728;;38,88672831;NCD;16;FDB;1;d;z;
0;120;;0,026925393;;26,925393;NCD;16;FDB;1;d;z;
0;121;;0,030237531;;30,23753062;NCD;16;FDB;1;d;z;
0;122;;0,037298843;;37,29884267;NCD;16;FDB;1;d;z;
0;123;;0,035701828;;35,70182776;NCD;16;FDB;1;d;z;
0;124;;0,029939667;;29,93966727;NCD;16;FDB;1;d;z;
0;125;;0,041509704;;41,50970434;NCD;16;FDB;1;d;z;
0;126;;0,027322486;;27,32248607;NCD;16;FDB;1;d;z;
0;1;;0,007693289;;7,693288679;NCD;16;FDB;1;d;z001;
0;2;;0,009515517;;9,515517226;NCD;16;FDB;1;d;z001;
0;3;;0,008975971;;8,975970559;NCD;16;FDB;1;d;z001;
0;4;;0,010220204;;10,22020414;NCD;16;FDB;1;d;z001;
0;5;;0,009752316;;9,752315975;NCD;16;FDB;1;d;z001;
0;6;;0,012280418;;12,28041806;NCD;16;FDB;1;d;z001;
0;7;;0,011780998;;11,78099774;NCD;16;FDB;1;d;z001;
0;8;;0,013110822;;13,11082183;NCD;16;FDB;1;d;z001;
0;9;;0,013297001;;13,29700134;NCD;16;FDB;1;d;z001;
0;10;;0,012544333;;12,54433275;NCD;16;FDB;1;d;z001;
0;11;;0,012903009;;12,90300861;NCD;16;FDB;1;d;z001;
0;12;;0,016627484;;16,62748379;NCD;16;FDB;1;d;z001;
0;13;;0,008870682;;8,870682074;NCD;16;FDB;1;d;z001;
0;14;;0,013547892;;13,54789222;NCD;16;FDB;1;d;z001;
0;15;;0,014677434;;14,6774342;NCD;16;FDB;1;d;z001;
0;16;;0,014814391;;14,81439133;NCD;16;FDB;1;d;z001;
0;17;;0,015016178;;15,01617839;NCD;16;FDB;1;d;z001;
0;18;;0,012795248;;12,79524804;NCD;16;FDB;1;d;z001;
0;19;;0,012688173;;12,68817297;NCD;16;FDB;1;d;z001;
0;20;;0,014585996;;14,58599581;NCD;16;FDB;1;d;z001;
0;21;;0,008415023;;8,415023331;NCD;16;FDB;1;d;z001;
0;22;;0,011220021;;11,22002141;NCD;16;FDB;1;d;z001;
0;23;;0,015708007;;15,70800669;NCD;16;FDB;1;d;z001;
0;24;;0,013884053;;13,8840527;NCD;16;FDB;1;d;z001;
0;25;;0,011667141;;11,66714071;NCD;16;FDB;1;d;z001;
0;26;;0,015708007;;15,70800669;NCD;16;FDB;1;d;z001;
0;27;;0,013179153;;13,17915262;NCD;16;FDB;1;d;z001;
0;28;;0,017727381;;17,72738138;NCD;16;FDB;1;d;z001;
0;29;;0,018899349;;18,89934938;NCD;16;FDB;1;d;z001;
0;30;;0,014585996;;14,58599581;NCD;16;FDB;1;d;z001;
0;31;;0,015708036;;15,70803579;NCD;16;FDB;1;d;z001;
0;32;;0,016829988;;16,82998845;NCD;16;FDB;1;d;z001;
0;33;;0,014005388;;14,00538792;NCD;16;FDB;1;d;z001;
0;34;;0,01824761;;18,24760977;NCD;16;FDB;1;d;z001;
0;35;;0,015041872;;15,04187246;NCD;16;FDB;1;d;z001;
0;36;;0,014464959;;14,46495948;NCD;16;FDB;1;d;z001;
0;37;;0,014963088;;14,96308791;NCD;16;FDB;1;d;z001;
0;38;;0,017301204;;17,30120393;NCD;16;FDB;1;d;z001;
0;39;;0,019634987;;19,63498653;NCD;16;FDB;1;d;z001;
0;40;;0,018976357;;18,9763568;NCD;16;FDB;1;d;z001;
0;41;;0,01377322;;13,77322029;NCD;16;FDB;1;d;z001;
0;42;;0,015046343;;15,04634332;NCD;16;FDB;1;d;z001;
0;43;;0,018357732;;18,3577323;NCD;16;FDB;1;d;z001;
0;44;;0,020756997;;20,7569974;NCD;16;FDB;1;d;z001;
0;45;;0,014622809;;14,62280852;NCD;16;FDB;1;d;z001;
0;46;;0,018213504;;18,21350421;NCD;16;FDB;1;d;z001;
0;47;;0,014585996;;14,58599581;NCD;16;FDB;1;d;z001;
0;48;;0,015867486;;15,86748586;NCD;16;FDB;1;d;z001;
0;49;;0,020267675;;20,26767538;NCD;16;FDB;1;d;z001;
0;50;;0,015230359;;15,23035874;NCD;16;FDB;1;d;z001;
0;51;;0,015815265;;15,81526501;NCD;16;FDB;1;d;z001;
0;52;;0,016630445;;16,63044539;NCD;16;FDB;1;d;z001;
0;53;;0,021325385;;21,32538519;NCD;16;FDB;1;d;z001;
0;54;;0,020798492;;20,79849236;NCD;16;FDB;1;d;z001;
0;55;;0,016830018;;16,83001756;NCD;16;FDB;1;d;z001;
0;56;;0,017951999;;17,95199933;NCD;16;FDB;1;d;z001;
0;57;;0,015210254;;15,21025385;NCD;16;FDB;1;d;z001;
0;58;;0,018309517;;18,3095166;NCD;16;FDB;1;d;z001;
0;59;;0,016307659;;16,3076586;NCD;16;FDB;1;d;z001;
0;60;;0,015509243;;15,50924284;NCD;16;FDB;1;d;z001;
0;61;;0,016307659;;16,3076586;NCD;16;FDB;1;d;z001;
0;62;;0,017617941;;17,61794098;NCD;16;FDB;1;d;z001;
0;63;;0,019279506;;19,27950557;NCD;16;FDB;1;d;z001;
0;64;;0,018062276;;18,06227622;NCD;16;FDB;1;d;z001;
0;65;;0,019762671;;19,76267062;NCD;16;FDB;1;d;z001;
0;66;;0,009536976;;9,536975995;NCD;16;FDB;1;d;z001;
0;67;;0,023561995;;23,56199548;NCD;16;FDB;1;d;z001;
0;68;;0,015409416;;15,40941619;NCD;16;FDB;1;d;z001;
0;69;;0,02027511;;20,27511021;NCD;16;FDB;1;d;z001;
0;70;;0,022819741;;22,81974099;NCD;16;FDB;1;d;z001;
0;71;;0,024222553;;24,22255277;NCD;16;FDB;1;d;z001;
0;72;;0,018513005;;18,51300476;NCD;16;FDB;1;d;z001;
0;73;;0,022300578;;22,30057801;NCD;16;FDB;1;d;z001;
0;74;;0,017140775;;17,14077477;NCD;16;FDB;1;d;z001;
0;75;;0,023763143;;23,76314328;NCD;16;FDB;1;d;z001;
0;76;;0,020938548;;20,93854757;NCD;16;FDB;1;d;z001;
0;77;;0,021410756;;21,41075625;NCD;16;FDB;1;d;z001;
0;78;;0,023813629;;23,81362892;NCD;16;FDB;1;d;z001;
0;79;;0,017057579;;17,05757869;NCD;16;FDB;1;d;z001;
0;80;;0,024683977;;24,68397724;NCD;16;FDB;1;d;z001;
0;81;;0,018172092;;18,17209224;NCD;16;FDB;1;d;z001;
0;82;;0,025245012;;25,24501178;NCD;16;FDB;1;d;z001;
0;83;;0,019886043;;19,88604285;NCD;16;FDB;1;d;z001;
0;84;;0,018556017;;18,55601742;NCD;16;FDB;1;d;z001;
0;85;;0,022440014;;22,44001371;NCD;16;FDB;1;d;z001;
0;86;;0,026366994;;26,36699355;NCD;16;FDB;1;d;z001;
0;87;;0,019487788;;19,48778832;NCD;16;FDB;1;d;z001;
0;88;;0,022684395;;22,6843945;NCD;16;FDB;1;d;z001;
0;89;;0,024462477;;24,46247736;NCD;16;FDB;1;d;z001;
0;90;;0,020756997;;20,7569974;NCD;16;FDB;1;d;z001;
0;91;;0,020627734;;20,62773368;NCD;16;FDB;1;d;z001;
0;92;;0,015401684;;15,4016836;NCD;16;FDB;1;d;z001;
0;93;;0,022440014;;22,44001371;NCD;16;FDB;1;d;z001;
0;94;;0,023258201;;23,25820138;NCD;16;FDB;1;d;z001;
0;95;;0,019921505;;19,92150543;NCD;16;FDB;1;d;z001;
0;96;;0,025681159;;25,68115913;NCD;16;FDB;1;d;z001;
0;97;;0,026592114;;26,59211415;NCD;16;FDB;1;d;z001;
0;98;;0,027151828;;27,15182813;NCD;16;FDB;1;d;z001;
0;99;;0,023801219;;23,80121851;NCD;16;FDB;1;d;z001;
0;100;;0,023540524;;23,5405242;NCD;16;FDB;1;d;z001;
0;101;;0,022706512;;22,70651243;NCD;16;FDB;1;d;z001;
0;102;;0,023792252;;23,79225227;NCD;16;FDB;1;d;z001;
0;103;;0,024123001;;24,12300091;NCD;16;FDB;1;d;z001;
0;104;;0,020196021;;20,19602107;NCD;16;FDB;1;d;z001;
0;105;;0,018056838;;18,05683801;NCD;16;FDB;1;d;z001;
0;106;;0,023561995;;23,56199548;NCD;16;FDB;1;d;z001;
0;107;;0,024051789;;24,05178924;NCD;16;FDB;1;d;z001;
0;108;;0,02156373;;21,56372965;NCD;16;FDB;1;d;z001;
0;109;;0,022775522;;22,77552171;NCD;16;FDB;1;d;z001;
0;110;;0,029171992;;29,17199163;NCD;16;FDB;1;d;z001;
0;111;;0,02805001;;28,05000986;NCD;16;FDB;1;d;z001;
0;112;;0,019073981;;19,07398109;NCD;16;FDB;1;d;z001;
0;113;;0,023260904;;23,26090415;NCD;16;FDB;1;d;z001;
0;114;;0,028586342;;28,58634204;NCD;16;FDB;1;d;z001;
0;115;;0,024588254;;24,58825441;NCD;16;FDB;1;d;z001;
0;116;;0,026363802;;26,36380155;NCD;16;FDB;1;d;z001;
0;117;;0,017420488;;17,42048776;NCD;16;FDB;1;d;z001;
0;118;;0,02809935;;28,09934961;NCD;16;FDB;1;d;z001;
0;119;;0,024683977;;24,68397724;NCD;16;FDB;1;d;z001;
0;120;;0,028851098;;28,8510981;NCD;16;FDB;1;d;z001;
0;121;;0,019635001;;19,63500108;NCD;16;FDB;1;d;z001;
0;122;;0,027687903;;27,68790293;NCD;16;FDB;1;d;z001;
0;123;;0,019169897;;19,16989729;NCD;16;FDB;1;d;z001;
0;124;;0,026120458;;26,12045847;NCD;16;FDB;1;d;z001;
0;125;;0,026658323;;26,65832314;NCD;16;FDB;1;d;z001;
0;126;;0,024991288;;24,99128818;NCD;16;FDB;1;d;z001;
0;127;;0,028561487;;28,5614869;NCD;16;FDB;1;d;z001;
0;128;;0,025792773;;25,79277268;NCD;16;FDB;1;d;z001;
0;129;;0,024684006;;24,68400635;NCD;16;FDB;1;d;z001;
0;130;;0,030855008;;30,85500794;NCD;16;FDB;1;d;z001;
0;131;;0,018185951;;18,18595089;NCD;16;FDB;1;d;z001;
0;132;;0,029172006;;29,17200618;NCD;16;FDB;1;d;z001;
0;133;;0,026623563;;26,62356315;NCD;16;FDB;1;d;z001;
0;134;;0,02915416;;29,15416038;NCD;16;FDB;1;d;z001;
0;135;;0,028820288;;28,82028815;NCD;16;FDB;1;d;z001;
0;136;;0,028561466;;28,56146632;NCD;16;FDB;1;d;z001;
0;137;;0,023222545;;23,22254452;NCD;16;FDB;1;d;z001;
0;138;;0,022222778;;22,22277829;NCD;16;FDB;1;d;z001;
0;139;;0,029171992;;29,17199163;NCD;16;FDB;1;d;z001;
0;140;;0,025969992;;25,9699923;NCD;16;FDB;1;d;z001;
0;141;;0,024458976;;24,45897588;NCD;16;FDB;1;d;z001;
0;142;;0,022043336;;22,04333558;NCD;16;FDB;1;d;z001;
0;143;;0,025245012;;25,24501178;NCD;16;FDB;1;d;z001;
0;144;;0,02550489;;25,50489027;NCD;16;FDB;1;d;z001;
0;145;;0,029820818;;29,82081833;NCD;16;FDB;1;d;z001;
0;146;;0,029219805;;29,21980541;NCD;16;FDB;1;d;z001;
0;147;;0,030294002;;30,2940025;NCD;16;FDB;1;d;z001;
0;148;;0,028545156;;28,54515588;NCD;16;FDB;1;d;z001;
0;149;;0,026451386;;26,45138573;NCD;16;FDB;1;d;z001;
0;150;;0,028433587;;28,43358693;NCD;16;FDB;1;d;z001;
0;151;;0,030743501;;30,74350142;NCD;16;FDB;1;d;z001;
0;152;;0,020505715;;20,50571511;NCD;16;FDB;1;d;z001;
0;153;;0,026064134;;26,06413355;NCD;16;FDB;1;d;z001;
0;154;;0,031076517;;31,07651687;NCD;16;FDB;1;d;z001;
0;155;;0,029771601;;29,77160095;NCD;16;FDB;1;d;z001;
0;156;;0,033049853;;33,04985336;NCD;16;FDB;1;d;z001;
0;157;;0,022439985;;22,4399846;NCD;16;FDB;1;d;z001;
0;158;;0,034700448;;34,70044756;NCD;16;FDB;1;d;z001;
0;159;;0,031670969;;31,67096923;NCD;16;FDB;1;d;z001;
0;160;;0,034312808;;34,31280829;NCD;16;FDB;1;d;z001;
0;161;;0,023234503;;23,23450289;NCD;16;FDB;1;d;z001;
0;162;;0,029139562;;29,13956179;NCD;16;FDB;1;d;z001;
0;163;;0,021317974;;21,31797373;NCD;16;FDB;1;d;z001;
0;164;;0,031076507;;31,07650732;NCD;16;FDB;1;d;z001;
0;165;;0,031415984;;31,41598427;NCD;16;FDB;1;d;z001;
0;166;;0,030855008;;30,85500794;NCD;16;FDB;1;d;z001;
0;167;;0,020414336;;20,41433557;NCD;16;FDB;1;d;z001;
0;168;;0,028746371;;28,74637053;NCD;16;FDB;1;d;z001;
0;169;;0,034220982;;34,22098234;NCD;16;FDB;1;d;z001;
0;170;;0,029395997;;29,39599726;NCD;16;FDB;1;d;z001;
0;171;;0,034395529;;34,3955292;NCD;16;FDB;1;d;z001;
0;172;;0,033352302;;33,35230246;NCD;16;FDB;1;d;z001;
0;173;;0,032020809;;32,02080882;NCD;16;FDB;1;d;z001;
0;174;;0,028049981;;28,04998076;NCD;16;FDB;1;d;z001;
0;175;;0,023885025;;23,88502497;NCD;16;FDB;1;d;z001;
0;176;;0,033166532;;33,16653195;NCD;16;FDB;1;d;z001;
0;177;;0,039335772;;39,3357723;NCD;16;FDB;1;d;z001;
0;178;;0,031416013;;31,41601337;NCD;16;FDB;1;d;z001;
0;179;;0,036373448;;36,37344823;NCD;16;FDB;1;d;z001;
0;180;;0,026843641;;26,84364139;NCD;16;FDB;1;d;z001;
0;181;;0,035342993;;35,34299321;NCD;16;FDB;1;d;z001;
0;182;;0,031742091;;31,74209148;NCD;16;FDB;1;d;z001;
0;183;;0,029171992;;29,17199163;NCD;16;FDB;1;d;z001;
0;184;;0,03253801;;32,53800969;NCD;16;FDB;1;d;z001;
0;185;;0,035237357;;35,23735691;NCD;16;FDB;1;d;z001;
0;186;;0,038421644;;38,42164428;NCD;16;FDB;1;d;z001;
0;187;;0,036929263;;36,92926316;NCD;16;FDB;1;d;z001;
0;188;;0,029102894;;29,10289362;NCD;16;FDB;1;d;z001;
0;189;;0,037662209;;37,66220861;NCD;16;FDB;1;d;z001;
0;190;;0,032607933;;32,6079332;NCD;16;FDB;1;d;z001;
0;191;;0,029732997;;29,73299706;NCD;16;FDB;1;d;z001;
0;192;;0,029851393;;29,85139347;NCD;16;FDB;1;d;z001;
0;193;;0,0323666;;32,36660012;NCD;16;FDB;1;d;z001;
0;194;;0,030517895;;30,51789509;NCD;16;FDB;1;d;z001;
0;195;;0,030238528;;30,23852759;NCD;16;FDB;1;d;z001;
0;196;;0,036819217;;36,81921669;NCD;16;FDB;1;d;z001;
0;197;;0,030682325;;30,68232472;NCD;16;FDB;1;d;z001;
0;198;;0,036465004;;36,46500409;NCD;16;FDB;1;d;z001;
0;199;;0,035342993;;35,34299321;NCD;16;FDB;1;d;z001;
0;200;;0,043178906;;43,17890628;NCD;16;FDB;1;d;z001;
0;201;;0,03702601;;37,02600952;NCD;16;FDB;1;d;z001;
0;202;;0,041233896;;41,23389612;NCD;16;FDB;1;d;z001;
0;203;;0,030855008;;30,85500794;NCD;16;FDB;1;d;z001;
0;204;;0,035904013;;35,9040132;NCD;16;FDB;1;d;z001;
0;205;;0,037223097;;37,22309738;NCD;16;FDB;1;d;z001;
0;206;;0,04058408;;40,58407966;NCD;16;FDB;1;d;z001;
0;207;;0,042215864;;42,21586381;NCD;16;FDB;1;d;z001;
0;208;;0,034977111;;34,97711069;NCD;16;FDB;1;d;z001;
0;209;;0,04920989;;49,20988985;NCD;16;FDB;1;d;z001;
0;1;;0,012975919;;12,97591874;NCD;16;FDB;1;i;z;
0;2;;0,014280754;;14,28075374;NCD;16;FDB;1;i;z;
0;3;;0,014677429;;14,67742905;NCD;16;FDB;1;i;z;
0;4;;0,014791284;;14,79128426;NCD;16;FDB;1;i;z;
0;5;;0,015148496;;15,14849571;NCD;16;FDB;1;i;z;
0;6;;0,013487372;;13,48737224;NCD;16;FDB;1;i;z;
0;7;;0,016269012;;16,26901212;NCD;16;FDB;1;i;z;
0;8;;0,017061193;;17,06119343;NCD;16;FDB;1;i;z;
0;9;;0,016830003;;16,83000301;NCD;16;FDB;1;i;z;
0;10;;0,014349119;;14,34911862;NCD;16;FDB;1;i;z;
0;11;;0,01578588;;15,78588041;NCD;16;FDB;1;i;z;
0;12;;0,021817796;;21,81779563;NCD;16;FDB;1;i;z;
0;13;;0,019634987;;19,63498653;NCD;16;FDB;1;i;z;
0;14;;0,018513001;;18,51300112;NCD;16;FDB;1;i;z;
0;15;;0,02208698;;22,08698003;NCD;16;FDB;1;i;z;
0;16;;0,01402499;;14,02499038;NCD;16;FDB;1;i;z;
0;17;;0,014586025;;14,58602492;NCD;16;FDB;1;i;z;
0;18;;0,017951999;;17,95199933;NCD;16;FDB;1;i;z;
0;19;;0,02300099;;23,00099004;NCD;16;FDB;1;i;z;
0;20;;0,018131807;;18,13180714;NCD;16;FDB;1;i;z;
0;21;;0,019073994;;19,07399353;NCD;16;FDB;1;i;z;
0;22;;0,02254963;;22,5496296;NCD;16;FDB;1;i;z;
0;23;;0,025805995;;25,80599539;NCD;16;FDB;1;i;z;
0;24;;0,024458891;;24,45889052;NCD;16;FDB;1;i;z;
0;25;;0,02712411;;27,12410972;NCD;16;FDB;1;i;z;
0;26;;0,022439985;;22,4399846;NCD;16;FDB;1;i;z;
0;27;;0,024123001;;24,12300091;NCD;16;FDB;1;i;z;
0;28;;0,018716583;;18,71658256;NCD;16;FDB;1;i;z;
0;29;;0,028629698;;28,6296983;NCD;16;FDB;1;i;z;
0;30;;0,022248267;;22,24826686;NCD;16;FDB;1;i;z;
0;31;;0,026367001;;26,36700083;NCD;16;FDB;1;i;z;
0;32;;0,018513005;;18,51300476;NCD;16;FDB;1;i;z;
0;33;;0,024683977;;24,68397724;NCD;16;FDB;1;i;z;
0;34;;0,025244997;;25,24499723;NCD;16;FDB;1;i;z;
0;35;;0,024777588;;24,7775882;NCD;16;FDB;1;i;z;
0;36;;0,026718736;;26,71873638;NCD;16;FDB;1;i;z;
0;37;;0,026927999;;26,92799899;NCD;16;FDB;1;i;z;
0;38;;0,023834258;;23,83425825;NCD;16;FDB;1;i;z;
0;39;;0,027020619;;27,02061889;NCD;16;FDB;1;i;z;
0;40;;0,025245;;25,24499996;NCD;16;FDB;1;i;z;
0;41;;0,030589899;;30,58989872;NCD;16;FDB;1;i;z;
0;42;;0,024235383;;24,23538329;NCD;16;FDB;1;i;z;
0;43;;0,029171992;;29,17199163;NCD;16;FDB;1;i;z;
0;44;;0,03100142;;31,00141966;NCD;16;FDB;1;i;z;
0;45;;0,024684006;;24,68400635;NCD;16;FDB;1;i;z;
0;46;;0,028408053;;28,40805299;NCD;16;FDB;1;i;z;
0;47;;0,029732999;;29,73299888;NCD;16;FDB;1;i;z;
0;48;;0,024926928;;24,9269277;NCD;16;FDB;1;i;z;
0;49;;0,024336037;;24,33603677;NCD;16;FDB;1;i;z;
0;50;;0,02805001;;28,05000986;NCD;16;FDB;1;i;z;
0;51;;0,032822729;;32,82272899;NCD;16;FDB;1;i;z;
0;52;;0,030807105;;30,80710543;NCD;16;FDB;1;i;z;
0;53;;0,0245946;;24,5946;NCD;16;FDB;1;i;z;
0;54;;0,02897706;;28,9770597;NCD;16;FDB;1;i;z;
0;55;;0,034760478;;34,76047761;NCD;16;FDB;1;i;z;
0;56;;0,03253801;;32,53800969;NCD;16;FDB;1;i;z;
0;57;;0,028886907;;28,88690721;NCD;16;FDB;1;i;z;
0;58;;0,027545165;;27,54516508;NCD;16;FDB;1;i;z;
0;59;;0,033660006;;33,66000601;NCD;16;FDB;1;i;z;
0;60;;0,030136767;;30,13676703;NCD;16;FDB;1;i;z;
0;61;;0,03219203;;32,19202974;NCD;16;FDB;1;i;z;
0;62;;0,030599253;;30,59925265;NCD;16;FDB;1;i;z;
0;63;;0,031955393;;31,95539317;NCD;16;FDB;1;i;z;
0;64;;0,029400862;;29,40086155;NCD;16;FDB;1;i;z;
0;65;;0,030855008;;30,85500794;NCD;16;FDB;1;i;z;
0;66;;0,037587015;;37,58701496;NCD;16;FDB;1;i;z;
0;67;;0,029732997;;29,73299706;NCD;16;FDB;1;i;z;
0;68;;0,036495209;;36,49520925;NCD;16;FDB;1;i;z;
0;69;;0,028428274;;28,42827438;NCD;16;FDB;1;i;z;
0;70;;0,027351803;;27,3518028;NCD;16;FDB;1;i;z;
0;71;;0,037247837;;37,24783708;NCD;16;FDB;1;i;z;
0;72;;0,032419318;;32,41931812;NCD;16;FDB;1;i;z;
0;73;;0,039719653;;39,71965304;NCD;16;FDB;1;i;z;
0;74;;0,029171992;;29,17199163;NCD;16;FDB;1;i;z;
0;75;;0,03945565;;39,45564984;NCD;16;FDB;1;i;z;
0;76;;0,038511377;;38,51137684;NCD;16;FDB;1;i;z;
0;77;;0,032586567;;32,58656731;NCD;16;FDB;1;i;z;
0;78;;0,039066238;;39,06623812;NCD;16;FDB;1;i;z;
0;79;;0,030294002;;30,2940025;NCD;16;FDB;1;i;z;
0;80;;0,039838856;;39,8388557;NCD;16;FDB;1;i;z;
0;81;;0,038907511;;38,90751107;NCD;16;FDB;1;i;z;
0;82;;0,033123276;;33,12327624;NCD;16;FDB;1;i;z;
0;83;;0,030593122;;30,59312247;NCD;16;FDB;1;i;z;
0;84;;0,033998564;;33,99856359;NCD;16;FDB;1;i;z;
0;85;;0,035016173;;35,01617287;NCD;16;FDB;1;i;z;
0;86;;0,039443641;;39,44364068;NCD;16;FDB;1;i;z;
0;87;;0,040229369;;40,22936933;NCD;16;FDB;1;i;z;
0;88;;0,040523516;;40,52351632;NCD;16;FDB;1;i;z;
0;89;;0,031415984;;31,41598427;NCD;16;FDB;1;i;z;
0;90;;0,030369189;;30,36918859;NCD;16;FDB;1;i;z;
0;91;;0,037722156;;37,72215557;NCD;16;FDB;1;i;z;
0;92;;0,038636594;;38,63659432;NCD;16;FDB;1;i;z;
0;93;;0,047819233;;47,81923338;NCD;16;FDB;1;i;z;
0;94;;0,042636006;;42,63600567;NCD;16;FDB;1;i;z;
0;95;;0,049135753;;49,13575271;NCD;16;FDB;1;i;z;
0;96;;0,050292558;;50,29255812;NCD;16;FDB;1;i;z;
0;97;;0,043621746;;43,62174644;NCD;16;FDB;1;i;z;
0;98;;0,041889495;;41,88949459;NCD;16;FDB;1;i;z;
0;1;;0,004941216;;4,941215796;NCD;16;FDB;2;d;z;
0;2;;0,005048991;;5,048990715;NCD;16;FDB;2;d;z;
0;3;;0,006731992;;6,731992471;NCD;16;FDB;2;d;z;
0;4;;0,006171002;;6,171001587;NCD;16;FDB;2;d;z;
0;5;;0,00819667;;8,196669949;NCD;16;FDB;2;d;z;
0;6;;0,007933753;;7,933753221;NCD;16;FDB;2;d;z;
0;7;;0,007933753;;7,933753221;NCD;16;FDB;2;d;z;
0;8;;0,009791492;;9,791491824;NCD;16;FDB;2;d;z;
0;9;;0,011551387;;11,55138681;NCD;16;FDB;2;d;z;
0;10;;0,009943588;;9,943588063;NCD;16;FDB;2;d;z;
0;11;;0,012459396;;12,45939625;NCD;16;FDB;2;d;z;
0;12;;0,010033772;;10,03377234;NCD;16;FDB;2;d;z;
0;13;;0,011989133;;11,98913284;NCD;16;FDB;2;d;z;
0;14;;0,012693991;;12,69399075;NCD;16;FDB;2;d;z;
0;15;;0,009412259;;9,41225873;NCD;16;FDB;2;d;z;
0;16;;0,008352937;;8,35293722;NCD;16;FDB;2;d;z;
0;17;;0,011219992;;11,2199923;NCD;16;FDB;2;d;z;
0;18;;0,010842125;;10,84212487;NCD;16;FDB;2;d;z;
0;19;;0,012068648;;12,06864825;NCD;16;FDB;2;d;z;
0;20;;0,014025019;;14,02501948;NCD;16;FDB;2;d;z;
0;21;;0,011241471;;11,24147128;NCD;16;FDB;2;d;z;
0;22;;0,016830003;;16,83000301;NCD;16;FDB;2;d;z;
0;23;;0,014677424;;14,67742391;NCD;16;FDB;2;d;z;
0;24;;0,01204258;;12,04258026;NCD;16;FDB;2;d;z;
0;25;;0,013463985;;13,46398494;NCD;16;FDB;2;d;z;
0;26;;0,013530997;;13,53099674;NCD;16;FDB;2;d;z;
0;27;;0,016660847;;16,66084678;NCD;16;FDB;2;d;z;
0;28;;0,012042574;;12,04257375;NCD;16;FDB;2;d;z;
0;29;;0,01514703;;15,14703035;NCD;16;FDB;2;d;z;
0;30;;0,017140782;;17,14078236;NCD;16;FDB;2;d;z;
0;31;;0,014283304;;14,28330375;NCD;16;FDB;2;d;z;
0;32;;0,017974093;;17,97409301;NCD;16;FDB;2;d;z;
0;33;;0,012903009;;12,90300861;NCD;16;FDB;2;d;z;
0;34;;0,014257778;;14,25777825;NCD;16;FDB;2;d;z;
0;35;;0,013799727;;13,79972729;NCD;16;FDB;2;d;z;
0;36;;0,012559135;;12,55913458;NCD;16;FDB;2;d;z;
0;37;;0,010658987;;10,65898687;NCD;16;FDB;2;d;z;
0;38;;0,014551447;;14,55144681;NCD;16;FDB;2;d;z;
0;39;;0,015708007;;15,70800669;NCD;16;FDB;2;d;z;
0;40;;0,015147001;;15,14700125;NCD;16;FDB;2;d;z;
0;41;;0,017846879;;17,84687937;NCD;16;FDB;2;d;z;
0;42;;0,017459679;;17,45967938;NCD;16;FDB;2;d;z;
0;43;;0,014055602;;14,05560172;NCD;16;FDB;2;d;z;
0;44;;0,016268983;;16,26898302;NCD;16;FDB;2;d;z;
0;45;;0,016517075;;16,51707491;NCD;16;FDB;2;d;z;
0;46;;0,014633625;;14,63362518;NCD;16;FDB;2;d;z;
0;47;;0,015231505;;15,23150505;NCD;16;FDB;2;d;z;
0;48;;0,017562079;;17,56207886;NCD;16;FDB;2;d;z;
0;49;;0,015147001;;15,14700125;NCD;16;FDB;2;d;z;
0;50;;0,016809424;;16,8094241;NCD;16;FDB;2;d;z;
0;51;;0,018298328;;18,2983279;NCD;16;FDB;2;d;z;
0;52;;0,018556016;;18,55601615;NCD;16;FDB;2;d;z;
0;53;;0,01823525;;18,23524961;NCD;16;FDB;2;d;z;
0;54;;0,019073996;;19,07399565;NCD;16;FDB;2;d;z;
0;55;;0,013280361;;13,28036085;NCD;16;FDB;2;d;z;
0;56;;0,01790184;;17,90184021;NCD;16;FDB;2;d;z;
0;57;;0,021613867;;21,61386745;NCD;16;FDB;2;d;z;
0;58;;0,019470223;;19,47022267;NCD;16;FDB;2;d;z;
0;59;;0,015708007;;15,70800669;NCD;16;FDB;2;d;z;
0;60;;0,021981935;;21,98193476;NCD;16;FDB;2;d;z;
0;61;;0,021074502;;21,07450244;NCD;16;FDB;2;d;z;
0;62;;0,019275494;;19,27549426;NCD;16;FDB;2;d;z;
0;63;;0,019634987;;19,63498653;NCD;16;FDB;2;d;z;
0;64;;0,018190361;;18,19036067;NCD;16;FDB;2;d;z;
0;65;;0,02211952;;22,11952027;NCD;16;FDB;2;d;z;
0;66;;0,013801364;;13,80136379;NCD;16;FDB;2;d;z;
0;67;;0,014682024;;14,68202382;NCD;16;FDB;2;d;z;
0;68;;0,017252252;;17,25225232;NCD;16;FDB;2;d;z;
0;69;;0,017391023;;17,39102299;NCD;16;FDB;2;d;z;
0;70;;0,019056795;;19,05679523;NCD;16;FDB;2;d;z;
0;71;;0,018513005;;18,51300476;NCD;16;FDB;2;d;z;
0;72;;0,012341989;;12,34198862;NCD;16;FDB;2;d;z;
0;73;;0,027633483;;27,63348315;NCD;16;FDB;2;d;z;
0;74;;0,025395614;;25,39561406;NCD;16;FDB;2;d;z;
0;75;;0,021187033;;21,18703301;NCD;16;FDB;2;d;z;
0;76;;0,019305719;;19,30571857;NCD;16;FDB;2;d;z;
0;77;;0,022650865;;22,65086468;NCD;16;FDB;2;d;z;
0;78;;0,022617955;;22,61795517;NCD;16;FDB;2;d;z;
0;79;;0,022439985;;22,4399846;NCD;16;FDB;2;d;z;
0;80;;0,020161443;;20,16144279;NCD;16;FDB;2;d;z;
0;81;;0,024684006;;24,68400635;NCD;16;FDB;2;d;z;
0;82;;0,022803536;;22,803536;NCD;16;FDB;2;d;z;
0;83;;0,019834352;;19,83435218;NCD;16;FDB;2;d;z;
0;84;;0,020196021;;20,19602107;NCD;16;FDB;2;d;z;
0;85;;0,028584458;;28,58445758;NCD;16;FDB;2;d;z;
0;86;;0,020639543;;20,6395434;NCD;16;FDB;2;d;z;
0;87;;0,023419108;;23,41910789;NCD;16;FDB;2;d;z;
0;88;;0,019610266;;19,6102664;NCD;16;FDB;2;d;z;
0;89;;0,024076279;;24,07627927;NCD;16;FDB;2;d;z;
0;90;;0,024699237;;24,69923688;NCD;16;FDB;2;d;z;
0;91;;0,020042834;;20,04283372;NCD;16;FDB;2;d;z;
0;92;;0,026911798;;26,91179795;NCD;16;FDB;2;d;z;
0;93;;0,023344476;;23,34447568;NCD;16;FDB;2;d;z;
0;94;;0,024370602;;24,3706019;NCD;16;FDB;2;d;z;
0;95;;0,02594605;;25,94604995;NCD;16;FDB;2;d;z;
0;96;;0,024974538;;24,9745377;NCD;16;FDB;2;d;z;
0;97;;0,022133376;;22,13337586;NCD;16;FDB;2;d;z;
0;98;;0,028089802;;28,08980187;NCD;16;FDB;2;d;z;
0;99;;0,01829347;;18,29347017;NCD;16;FDB;2;d;z;
0;100;;0,024269337;;24,26933692;NCD;16;FDB;2;d;z;
0;101;;0,03136086;;31,36085953;NCD;16;FDB;2;d;z;
0;102;;0,031223945;;31,2239451;NCD;16;FDB;2;d;z;
0;103;;0,029435572;;29,43557241;NCD;16;FDB;2;d;z;
0;104;;0,036523023;;36,5230233;NCD;16;FDB;2;d;z;
0;105;;0,030818619;;30,81861907;NCD;16;FDB;2;d;z;
0;106;;0,025394728;;25,3947276;NCD;16;FDB;2;d;z;
0;107;;0,034279905;;34,27990515;NCD;16;FDB;2;d;z;
0;108;;0,026927999;;26,92799899;NCD;16;FDB;2;d;z;
0;109;;0,035447876;;35,44787611;NCD;16;FDB;2;d;z;
0;110;;0,026366994;;26,36699355;NCD;16;FDB;2;d;z;
0;111;;0,032316473;;32,31647343;NCD;16;FDB;2;d;z;
0;112;;0,038012385;;38,01238473;NCD;16;FDB;2;d;z;
0;113;;0,035903999;;35,90399865;NCD;16;FDB;2;d;z;
0;114;;0,034115085;;34,11508535;NCD;16;FDB;2;d;z;
0;115;;0,035996811;;35,99681077;NCD;16;FDB;2;d;z;
0;116;;0,036465004;;36,46500409;NCD;16;FDB;2;d;z;
0;117;;0,036347049;;36,34704879;NCD;16;FDB;2;d;z;
0;118;;0,027620476;;27,62047577;NCD;16;FDB;2;d;z;
0;119;;0,051682693;;51,68269257;NCD;16;FDB;2;d;z;
0;1;;0,006011851;;6,011850508;NCD;16;FDB;2;i;z;
0;2;;0,007007422;;7,00742219;NCD;16;FDB;2;i;z;
0;3;;0,005610025;;5,610025255;NCD;16;FDB;2;i;z;
0;4;;0,007854003;;7,854003343;NCD;16;FDB;2;i;z;
0;5;;0,008602028;;8,60202819;NCD;16;FDB;2;i;z;
0;6;;0,008247418;;8,247418109;NCD;16;FDB;2;i;z;
0;7;;0,007293012;;7,293012459;NCD;16;FDB;2;i;z;
0;8;;0,007293012;;7,293012459;NCD;16;FDB;2;i;z;
0;9;;0,009662991;;9,662990525;NCD;16;FDB;2;i;z;
0;10;;0,010659001;;10,65900142;NCD;16;FDB;2;i;z;
0;11;;0,011107259;;11,10725863;NCD;16;FDB;2;i;z;
0;12;;0,009806532;;9,806531527;NCD;16;FDB;2;i;z;
0;13;;0,011107253;;11,10725348;NCD;16;FDB;2;i;z;
0;14;;0,011215831;;11,21583051;NCD;16;FDB;2;i;z;
0;15;;0,01402499;;14,02499038;NCD;16;FDB;2;i;z;
0;16;;0,009868449;;9,868449014;NCD;16;FDB;2;i;z;
0;17;;0,012890467;;12,89046723;NCD;16;FDB;2;i;z;
0;18;;0,012099736;;12,09973623;NCD;16;FDB;2;i;z;
0;19;;0,015147001;;15,14700125;NCD;16;FDB;2;i;z;
0;20;;0,015522704;;15,52270353;NCD;16;FDB;2;i;z;
0;21;;0,012155387;;12,15538653;NCD;16;FDB;2;i;z;
0;22;;0,013463999;;13,46399949;NCD;16;FDB;2;i;z;
0;23;;0,01103901;;11,03901021;NCD;16;FDB;2;i;z;
0;24;;0,014682038;;14,68203816;NCD;16;FDB;2;i;z;
0;25;;0,010766854;;10,76685427;NCD;16;FDB;2;i;z;
0;26;;0,014259809;;14,25980883;NCD;16;FDB;2;i;z;
0;27;;0,019136159;;19,13615877;NCD;16;FDB;2;i;z;
0;28;;0,016282065;;16,28206473;NCD;16;FDB;2;i;z;
0;29;;0,014517842;;14,51784179;NCD;16;FDB;2;i;z;
0;30;;0,017996107;;17,99610662;NCD;16;FDB;2;i;z;
0;31;;0,016010126;;16,01012648;NCD;16;FDB;2;i;z;
0;32;;0,013865393;;13,86539274;NCD;16;FDB;2;i;z;
0;33;;0,017475504;;17,47550399;NCD;16;FDB;2;i;z;
0;34;;0,013231939;;13,23193886;NCD;16;FDB;2;i;z;
0;35;;0,018227269;;18,2272691;NCD;16;FDB;2;i;z;
0;36;;0,015138808;;15,13880761;NCD;16;FDB;2;i;z;
0;37;;0,014469436;;14,4694362;NCD;16;FDB;2;i;z;
0;38;;0,016613875;;16,6138751;NCD;16;FDB;2;i;z;
0;39;;0,013157912;;13,15791188;NCD;16;FDB;2;i;z;
0;40;;0,018513005;;18,51300476;NCD;16;FDB;2;i;z;
0;41;;0,016292044;;16,29204408;NCD;16;FDB;2;i;z;
0;42;;0,01570752;;15,70752037;NCD;16;FDB;2;i;z;
0;43;;0,010902147;;10,90214667;NCD;16;FDB;2;i;z;
0;44;;0,015990797;;15,99079701;NCD;16;FDB;2;i;z;
0;45;;0,01819375;;18,19375;NCD;16;FDB;2;i;z;
0;46;;0,015555004;;15,55500384;NCD;16;FDB;2;i;z;
0;47;;0,017470501;;17,47050076;NCD;16;FDB;2;i;z;
0;48;;0,015707992;;15,70799213;NCD;16;FDB;2;i;z;
0;49;;0,018048196;;18,04819626;NCD;16;FDB;2;i;z;
0;50;;0,020134135;;20,13413457;NCD;16;FDB;2;i;z;
0;51;;0,020748429;;20,74842942;NCD;16;FDB;2;i;z;
0;52;;0,01855164;;18,55163982;NCD;16;FDB;2;i;z;
0;53;;0,017497272;;17,49727238;NCD;16;FDB;2;i;z;
0;54;;0,024677444;;24,67744406;NCD;16;FDB;2;i;z;
0;55;;0,014956395;;14,95639516;NCD;16;FDB;2;i;z;
0;56;;0,021698698;;21,69869751;NCD;16;FDB;2;i;z;
0;57;;0,020195992;;20,19599197;NCD;16;FDB;2;i;z;
0;58;;0,01402499;;14,02499038;NCD;16;FDB;2;i;z;
0;59;;0,02095403;;20,95402989;NCD;16;FDB;2;i;z;
0;60;;0,016438795;;16,43879492;NCD;16;FDB;2;i;z;
0;61;;0,024296461;;24,29646125;NCD;16;FDB;2;i;z;
0;62;;0,022078033;;22,07803345;NCD;16;FDB;2;i;z;
0;63;;0,021538195;;21,53819523;NCD;16;FDB;2;i;z;
0;64;;0,018401892;;18,40189191;NCD;16;FDB;2;i;z;
0;65;;0,01679908;;16,7990801;NCD;16;FDB;2;i;z;
0;66;;0,019372994;;19,37299449;NCD;16;FDB;2;i;z;
0;67;;0,021578593;;21,57859264;NCD;16;FDB;2;i;z;
0;68;;0,022996112;;22,99611192;NCD;16;FDB;2;i;z;
0;69;;0,02479246;;24,79246036;NCD;16;FDB;2;i;z;
0;70;;0,021067365;;21,06736549;NCD;16;FDB;2;i;z;
0;71;;0,023565002;;23,56500158;NCD;16;FDB;2;i;z;
0;72;;0,023801229;;23,80122879;NCD;16;FDB;2;i;z;
0;73;;0,017551413;;17,55141257;NCD;16;FDB;2;i;z;
0;74;;0,020757001;;20,75700104;NCD;16;FDB;2;i;z;
0;75;;0,022440006;;22,44000643;NCD;16;FDB;2;i;z;
0;76;;0,025752091;;25,7520912;NCD;16;FDB;2;i;z;
0;77;;0,021662102;;21,66210188;NCD;16;FDB;2;i;z;
0;78;;0,026965912;;26,96591202;NCD;16;FDB;2;i;z;
0;79;;0,022013992;;22,01399165;NCD;16;FDB;2;i;z;
0;80;;0,018562175;;18,56217516;NCD;16;FDB;2;i;z;
0;81;;0,031773482;;31,77348161;NCD;16;FDB;2;i;z;
0;82;;0,028986334;;28,98633407;NCD;16;FDB;2;i;z;
0;83;;0,025943425;;25,94342457;NCD;16;FDB;2;i;z;
0;84;;0,028575158;;28,57515764;NCD;16;FDB;2;i;z;
0;85;;0,029433346;;29,43334565;NCD;16;FDB;2;i;z;
0;86;;0,029171992;;29,17199163;NCD;16;FDB;2;i;z;
0;87;;0,023007837;;23,00783701;NCD;16;FDB;2;i;z;
0;88;;0,021809358;;21,80935782;NCD;16;FDB;2;i;z;
0;89;;0,029026453;;29,02645345;NCD;16;FDB;2;i;z;
0;90;;0,027975081;;27,97508109;NCD;16;FDB;2;i;z;
0;91;;0,023288445;;23,28844487;NCD;16;FDB;2;i;z;
0;92;;0,029814444;;29,81444408;NCD;16;FDB;2;i;z;
0;93;;0,030547702;;30,54770182;NCD;16;FDB;2;i;z;
0;94;;0,025144288;;25,14428778;NCD;16;FDB;2;i;z;
0;95;;0,029751539;;29,75153857;NCD;16;FDB;2;i;z;
0;96;;0,024586926;;24,58692603;NCD;16;FDB;2;i;z;
0;97;;0,030841937;;30,84193725;NCD;16;FDB;2;i;z;
0;98;;0,026407706;;26,4077056;NCD;16;FDB;2;i;z;
0;99;;0,034300577;;34,3005768;NCD;16;FDB;2;i;z;
0;100;;0,030358952;;30,3589522;NCD;16;FDB;2;i;z;
0;101;;0,029055098;;29,0550977;NCD;16;FDB;2;i;z;
0;102;;0,03619043;;36,19043016;NCD;16;FDB;2;i;z;
0;103;;0,0343715;;34,37149971;NCD;16;FDB;2;i;z;
0;104;;0,027951004;;27,9510037;NCD;16;FDB;2;i;z;
0;105;;0,033937661;;33,93766088;NCD;16;FDB;2;i;z;
0;106;;0,037895203;;37,89520316;NCD;16;FDB;2;i;z;
0;107;;0,033372764;;33,37276414;NCD;16;FDB;2;i;z;
0;108;;0,029584672;;29,58467227;NCD;16;FDB;2;i;z;
0;1;;0,006011851;;6,011850508;NCD;16;FDB;3;d;z;
0;2;;0,007007422;;7,00742219;NCD;16;FDB;3;d;z;
0;3;;0,005610025;;5,610025255;NCD;16;FDB;3;d;z;
0;4;;0,007854003;;7,854003343;NCD;16;FDB;3;d;z;
0;5;;0,008602028;;8,60202819;NCD;16;FDB;3;d;z;
0;6;;0,008247418;;8,247418109;NCD;16;FDB;3;d;z;
0;7;;0,007293012;;7,293012459;NCD;16;FDB;3;d;z;
0;8;;0,007293012;;7,293012459;NCD;16;FDB;3;d;z;
0;9;;0,009662991;;9,662990525;NCD;16;FDB;3;d;z;
0;10;;0,010659001;;10,65900142;NCD;16;FDB;3;d;z;
0;11;;0,011107259;;11,10725863;NCD;16;FDB;3;d;z;
0;12;;0,009806532;;9,806531527;NCD;16;FDB;3;d;z;
0;13;;0,011107253;;11,10725348;NCD;16;FDB;3;d;z;
0;14;;0,011215831;;11,21583051;NCD;16;FDB;3;d;z;
0;15;;0,01402499;;14,02499038;NCD;16;FDB;3;d;z;
0;16;;0,009868449;;9,868449014;NCD;16;FDB;3;d;z;
0;17;;0,012890467;;12,89046723;NCD;16;FDB;3;d;z;
0;18;;0,012099736;;12,09973623;NCD;16;FDB;3;d;z;
0;19;;0,015147001;;15,14700125;NCD;16;FDB;3;d;z;
0;20;;0,015522704;;15,52270353;NCD;16;FDB;3;d;z;
0;21;;0,012155387;;12,15538653;NCD;16;FDB;3;d;z;
0;22;;0,013463999;;13,46399949;NCD;16;FDB;3;d;z;
0;23;;0,01103901;;11,03901021;NCD;16;FDB;3;d;z;
0;24;;0,014682038;;14,68203816;NCD;16;FDB;3;d;z;
0;25;;0,010766854;;10,76685427;NCD;16;FDB;3;d;z;
0;26;;0,014259809;;14,25980883;NCD;16;FDB;3;d;z;
0;27;;0,019136159;;19,13615877;NCD;16;FDB;3;d;z;
0;28;;0,016282065;;16,28206473;NCD;16;FDB;3;d;z;
0;29;;0,014517842;;14,51784179;NCD;16;FDB;3;d;z;
0;30;;0,017996107;;17,99610662;NCD;16;FDB;3;d;z;
0;31;;0,016010126;;16,01012648;NCD;16;FDB;3;d;z;
0;32;;0,013865393;;13,86539274;NCD;16;FDB;3;d;z;
0;33;;0,017475504;;17,47550399;NCD;16;FDB;3;d;z;
0;34;;0,013231939;;13,23193886;NCD;16;FDB;3;d;z;
0;35;;0,018227269;;18,2272691;NCD;16;FDB;3;d;z;
0;36;;0,015138808;;15,13880761;NCD;16;FDB;3;d;z;
0;37;;0,014469436;;14,4694362;NCD;16;FDB;3;d;z;
0;38;;0,016613875;;16,6138751;NCD;16;FDB;3;d;z;
0;39;;0,013157912;;13,15791188;NCD;16;FDB;3;d;z;
0;40;;0,018513005;;18,51300476;NCD;16;FDB;3;d;z;
0;41;;0,016292044;;16,29204408;NCD;16;FDB;3;d;z;
0;42;;0,01570752;;15,70752037;NCD;16;FDB;3;d;z;
0;43;;0,010902147;;10,90214667;NCD;16;FDB;3;d;z;
0;44;;0,015990797;;15,99079701;NCD;16;FDB;3;d;z;
0;45;;0,01819375;;18,19375;NCD;16;FDB;3;d;z;
0;46;;0,015555004;;15,55500384;NCD;16;FDB;3;d;z;
0;47;;0,017470501;;17,47050076;NCD;16;FDB;3;d;z;
0;48;;0,015707992;;15,70799213;NCD;16;FDB;3;d;z;
0;49;;0,018048196;;18,04819626;NCD;16;FDB;3;d;z;
0;50;;0,020134135;;20,13413457;NCD;16;FDB;3;d;z;
0;51;;0,020748429;;20,74842942;NCD;16;FDB;3;d;z;
0;52;;0,01855164;;18,55163982;NCD;16;FDB;3;d;z;
0;53;;0,017497272;;17,49727238;NCD;16;FDB;3;d;z;
0;54;;0,024677444;;24,67744406;NCD;16;FDB;3;d;z;
0;55;;0,014956395;;14,95639516;NCD;16;FDB;3;d;z;
0;56;;0,021698698;;21,69869751;NCD;16;FDB;3;d;z;
0;57;;0,020195992;;20,19599197;NCD;16;FDB;3;d;z;
0;58;;0,01402499;;14,02499038;NCD;16;FDB;3;d;z;
0;59;;0,02095403;;20,95402989;NCD;16;FDB;3;d;z;
0;60;;0,016438795;;16,43879492;NCD;16;FDB;3;d;z;
0;61;;0,024296461;;24,29646125;NCD;16;FDB;3;d;z;
0;62;;0,022078033;;22,07803345;NCD;16;FDB;3;d;z;
0;63;;0,021538195;;21,53819523;NCD;16;FDB;3;d;z;
0;64;;0,018401892;;18,40189191;NCD;16;FDB;3;d;z;
0;65;;0,01679908;;16,7990801;NCD;16;FDB;3;d;z;
0;66;;0,019372994;;19,37299449;NCD;16;FDB;3;d;z;
0;67;;0,021578593;;21,57859264;NCD;16;FDB;3;d;z;
0;68;;0,022996112;;22,99611192;NCD;16;FDB;3;d;z;
0;69;;0,02479246;;24,79246036;NCD;16;FDB;3;d;z;
0;70;;0,021067365;;21,06736549;NCD;16;FDB;3;d;z;
0;71;;0,023565002;;23,56500158;NCD;16;FDB;3;d;z;
0;72;;0,023801229;;23,80122879;NCD;16;FDB;3;d;z;
0;73;;0,017551413;;17,55141257;NCD;16;FDB;3;d;z;
0;74;;0,020757001;;20,75700104;NCD;16;FDB;3;d;z;
0;75;;0,022440006;;22,44000643;NCD;16;FDB;3;d;z;
0;76;;0,025752091;;25,7520912;NCD;16;FDB;3;d;z;
0;77;;0,021662102;;21,66210188;NCD;16;FDB;3;d;z;
0;78;;0,026965912;;26,96591202;NCD;16;FDB;3;d;z;
0;79;;0,022013992;;22,01399165;NCD;16;FDB;3;d;z;
0;80;;0,018562175;;18,56217516;NCD;16;FDB;3;d;z;
0;81;;0,031773482;;31,77348161;NCD;16;FDB;3;d;z;
0;82;;0,028986334;;28,98633407;NCD;16;FDB;3;d;z;
0;83;;0,025943425;;25,94342457;NCD;16;FDB;3;d;z;
0;84;;0,028575158;;28,57515764;NCD;16;FDB;3;d;z;
0;85;;0,029433346;;29,43334565;NCD;16;FDB;3;d;z;
0;86;;0,029171992;;29,17199163;NCD;16;FDB;3;d;z;
0;87;;0,023007837;;23,00783701;NCD;16;FDB;3;d;z;
0;88;;0,021809358;;21,80935782;NCD;16;FDB;3;d;z;
0;89;;0,029026453;;29,02645345;NCD;16;FDB;3;d;z;
0;90;;0,027975081;;27,97508109;NCD;16;FDB;3;d;z;
0;91;;0,023288445;;23,28844487;NCD;16;FDB;3;d;z;
0;92;;0,029814444;;29,81444408;NCD;16;FDB;3;d;z;
0;93;;0,030547702;;30,54770182;NCD;16;FDB;3;d;z;
0;94;;0,025144288;;25,14428778;NCD;16;FDB;3;d;z;
0;95;;0,029751539;;29,75153857;NCD;16;FDB;3;d;z;
0;96;;0,024586926;;24,58692603;NCD;16;FDB;3;d;z;
0;97;;0,030841937;;30,84193725;NCD;16;FDB;3;d;z;
0;98;;0,026407706;;26,4077056;NCD;16;FDB;3;d;z;
0;99;;0,034300577;;34,3005768;NCD;16;FDB;3;d;z;
0;100;;0,030358952;;30,3589522;NCD;16;FDB;3;d;z;
0;101;;0,029055098;;29,0550977;NCD;16;FDB;3;d;z;
0;102;;0,03619043;;36,19043016;NCD;16;FDB;3;d;z;
0;103;;0,0343715;;34,37149971;NCD;16;FDB;3;d;z;
0;104;;0,027951004;;27,9510037;NCD;16;FDB;3;d;z;
0;105;;0,033937661;;33,93766088;NCD;16;FDB;3;d;z;
0;106;;0,037895203;;37,89520316;NCD;16;FDB;3;d;z;
0;107;;0,033372764;;33,37276414;NCD;16;FDB;3;d;z;
0;108;;0,029584672;;29,58467227;NCD;16;FDB;3;d;z;
0;1;;0,018644301;;18,64430052;NCD;16;FDB;3;i;z;
0;2;;0,019635016;;19,63501563;NCD;16;FDB;3;i;z;
0;3;;0,019318284;;19,31828415;NCD;16;FDB;3;i;z;
0;4;;0,014546151;;14,54615124;NCD;16;FDB;3;i;z;
0;5;;0,011722483;;11,72248255;NCD;16;FDB;3;i;z;
0;6;;0,016829988;;16,82998845;NCD;16;FDB;3;i;z;
0;7;;0,015867332;;15,86733167;NCD;16;FDB;3;i;z;
0;8;;0,01362598;;13,62597955;NCD;16;FDB;3;i;z;
0;9;;0,023561995;;23,56199548;NCD;16;FDB;3;i;z;
0;10;;0,020732386;;20,73238631;NCD;16;FDB;3;i;z;
0;11;;0,021762429;;21,76242889;NCD;16;FDB;3;i;z;
0;12;;0,019853353;;19,85335333;NCD;16;FDB;3;i;z;
0;13;;0,020858077;;20,85807697;NCD;16;FDB;3;i;z;
0;14;;0,023791152;;23,79115189;NCD;16;FDB;3;i;z;
0;15;;0,022909659;;22,90965932;NCD;16;FDB;3;i;z;
0;16;;0,018597443;;18,59744345;NCD;16;FDB;3;i;z;
0;17;;0,017174045;;17,17404457;NCD;16;FDB;3;i;z;
0;18;;0,022633589;;22,63358858;NCD;16;FDB;3;i;z;
0;19;;0,019246704;;19,24670409;NCD;16;FDB;3;i;z;
0;20;;0,023001001;;23,00100095;NCD;16;FDB;3;i;z;
0;21;;0,022439999;;22,43999916;NCD;16;FDB;3;i;z;
0;22;;0,023001005;;23,00100459;NCD;16;FDB;3;i;z;
0;23;;0,02297457;;22,97457019;NCD;16;FDB;3;i;z;
0;24;;0,023404533;;23,4045329;NCD;16;FDB;3;i;z;
0;25;;0,026581335;;26,58133512;NCD;16;FDB;3;i;z;
0;26;;0,024123001;;24,12300091;NCD;16;FDB;3;i;z;
0;27;;0,025043625;;25,04362536;NCD;16;FDB;3;i;z;
0;28;;0,024796055;;24,79605497;NCD;16;FDB;3;i;z;
0;29;;0,020767321;;20,76732062;NCD;16;FDB;3;i;z;
0;30;;0,025116469;;25,1164693;NCD;16;FDB;3;i;z;
0;31;;0,027707824;;27,70782447;NCD;16;FDB;3;i;z;
0;32;;0,027219483;;27,21948336;NCD;16;FDB;3;i;z;
0;33;;0,030294002;;30,2940025;NCD;16;FDB;3;i;z;
0;34;;0,022467421;;22,46742127;NCD;16;FDB;3;i;z;
0;35;;0,024013266;;24,01326563;NCD;16;FDB;3;i;z;
0;36;;0,026366994;;26,36699355;NCD;16;FDB;3;i;z;
0;37;;0,025088665;;25,0886655;NCD;16;FDB;3;i;z;
0;38;;0,027253297;;27,25329661;NCD;16;FDB;3;i;z;
0;39;;0,028958157;;28,95815707;NCD;16;FDB;3;i;z;
0;40;;0,026927999;;26,92799899;NCD;16;FDB;3;i;z;
0;41;;0,025920193;;25,92019283;NCD;16;FDB;3;i;z;
0;42;;0,029604646;;29,60464611;NCD;16;FDB;3;i;z;
0;43;;0,028611015;;28,6110153;NCD;16;FDB;3;i;z;
0;44;;0,026844903;;26,84490332;NCD;16;FDB;3;i;z;
0;45;;0,028087187;;28,08718733;NCD;16;FDB;3;i;z;
0;46;;0,025784652;;25,78465167;NCD;16;FDB;3;i;z;
0;47;;0,0302967;;30,29669962;NCD;16;FDB;3;i;z;
0;48;;0,033116588;;33,11658835;NCD;16;FDB;3;i;z;
0;49;;0,032925023;;32,92502339;NCD;16;FDB;3;i;z;
0;50;;0,026350147;;26,35014686;NCD;16;FDB;3;i;z;
0;51;;0,029604646;;29,60464611;NCD;16;FDB;3;i;z;
0;52;;0,0316846;;31,68460024;NCD;16;FDB;3;i;z;
0;53;;0,027733359;;27,73335944;NCD;16;FDB;3;i;z;
0;54;;0,028023365;;28,02336453;NCD;16;FDB;3;i;z;
0;55;;0,033172725;;33,17272501;NCD;16;FDB;3;i;z;
0;56;;0,024756478;;24,75647824;NCD;16;FDB;3;i;z;
0;57;;0,029316925;;29,31692507;NCD;16;FDB;3;i;z;
0;58;;0,033268933;;33,26893279;NCD;16;FDB;3;i;z;
0;59;;0,034115075;;34,11507506;NCD;16;FDB;3;i;z;
0;60;;0,031629507;;31,62950678;NCD;16;FDB;3;i;z;
0;61;;0,034285403;;34,28540283;NCD;16;FDB;3;i;z;
0;62;;0,029135684;;29,13568414;NCD;16;FDB;3;i;z;
0;63;;0,03619733;;36,19733028;NCD;16;FDB;3;i;z;
0;64;;0,037288601;;37,28860104;NCD;16;FDB;3;i;z;
0;65;;0,039831037;;39,8310367;NCD;16;FDB;3;i;z;
0;66;;0,03496418;;34,96418006;NCD;16;FDB;3;i;z;
0;67;;0,035493147;;35,49314716;NCD;16;FDB;3;i;z;
0;68;;0,032650243;;32,65024278;NCD;16;FDB;3;i;z;
0;69;;0,034220997;;34,22099689;NCD;16;FDB;3;i;z;
0;70;;0,043062515;;43,06251462;NCD;16;FDB;3;i;z;
0;71;;0,033341178;;33,34117751;NCD;16;FDB;3;i;z;
0;72;;0,042072497;;42,07249667;NCD;16;FDB;3;i;z;
0;73;;0,035332183;;35,33218329;NCD;16;FDB;3;i;z;
0;74;;0,036874789;;36,87478904;NCD;16;FDB;3;i;z;
0;75;;0,036238076;;36,23807596;NCD;16;FDB;3;i;z;
0;76;;0,04136013;;41,3601296;NCD;16;FDB;3;i;z;
0;77;;0,043131619;;43,13161897;NCD;16;FDB;3;i;z;
0;78;;0,040741138;;40,74113815;NCD;16;FDB;3;i;z;
0;79;;0,04319014;;43,19013982;NCD;16;FDB;3;i;z;
0;80;;0,044092414;;44,09241401;NCD;16;FDB;3;i;z;
0;81;;0,029824253;;29,82425302;NCD;16;FDB;3;i;z;
0;82;;0,045912292;;45,9122917;NCD;16;FDB;3;i;z;
0;83;;0,031404443;;31,40444267;NCD;16;FDB;3;i;z;
0;84;;0,040060241;;40,06024107;NCD;16;FDB;3;i;z;
0;85;;0,041923849;;41,92384878;NCD;16;FDB;3;i;z;
0;86;;0,041922757;;41,92275732;NCD;16;FDB;3;i;z;
0;1;;0,018633743;;18,63374334;NCD;16;FDB;3;i;z001;
0;2;;0,018512997;;18,51299749;NCD;16;FDB;3;i;z001;
0;3;;0,01851519;;18,51519014;NCD;16;FDB;3;i;z001;
0;4;;0,01775346;;17,75346039;NCD;16;FDB;3;i;z001;
0;5;;0,021218434;;21,21843434;NCD;16;FDB;3;i;z001;
0;6;;0,020756997;;20,7569974;NCD;16;FDB;3;i;z001;
0;7;;0,02227696;;22,27695971;NCD;16;FDB;3;i;z001;
0;8;;0,020757005;;20,75700468;NCD;16;FDB;3;i;z001;
0;9;;0,021615863;;21,615863;NCD;16;FDB;3;i;z001;
0;10;;0,021462999;;21,46299864;NCD;16;FDB;3;i;z001;
0;11;;0,018740045;;18,74004451;NCD;16;FDB;3;i;z001;
0;12;;0,025784672;;25,78467225;NCD;16;FDB;3;i;z001;
0;13;;0,017326356;;17,32635619;NCD;16;FDB;3;i;z001;
0;14;;0,022928689;;22,92868888;NCD;16;FDB;3;i;z001;
0;15;;0,026976618;;26,97661775;NCD;16;FDB;3;i;z001;
0;16;;0,026367023;;26,36702266;NCD;16;FDB;3;i;z001;
0;17;;0,024837802;;24,83780227;NCD;16;FDB;3;i;z001;
0;18;;0,022214486;;22,21448638;NCD;16;FDB;3;i;z001;
0;19;;0,028439078;;28,43907754;NCD;16;FDB;3;i;z001;
0;20;;0,020769108;;20,76910792;NCD;16;FDB;3;i;z001;
0;21;;0,027820859;;27,82085946;NCD;16;FDB;3;i;z001;
0;22;;0,026577264;;26,57726354;NCD;16;FDB;3;i;z001;
0;23;;0,025806017;;25,80601722;NCD;16;FDB;3;i;z001;
0;24;;0,027394788;;27,39478756;NCD;16;FDB;3;i;z001;
0;25;;0,028806116;;28,80611645;NCD;16;FDB;3;i;z001;
0;26;;0,026578038;;26,57803831;NCD;16;FDB;3;i;z001;
0;27;;0,029566501;;29,56650102;NCD;16;FDB;3;i;z001;
0;28;;0,028049995;;28,04999531;NCD;16;FDB;3;i;z001;
0;29;;0,019680978;;19,68097772;NCD;16;FDB;3;i;z001;
0;30;;0,026796382;;26,79638243;NCD;16;FDB;3;i;z001;
0;31;;0,029353776;;29,35377637;NCD;16;FDB;3;i;z001;
0;32;;0,024268889;;24,26888888;NCD;16;FDB;3;i;z001;
0;33;;0,030859099;;30,85909891;NCD;16;FDB;3;i;z001;
0;34;;0,025659634;;25,65963415;NCD;16;FDB;3;i;z001;
0;35;;0,031905792;;31,90579212;NCD;16;FDB;3;i;z001;
0;36;;0,030854979;;30,85497883;NCD;16;FDB;3;i;z001;
0;37;;0,030121272;;30,12127217;NCD;16;FDB;3;i;z001;
0;38;;0,031416006;;31,4160061;NCD;16;FDB;3;i;z001;
0;39;;0,031440244;;31,44024389;NCD;16;FDB;3;i;z001;
0;40;;0,033099001;;33,09900058;NCD;16;FDB;3;i;z001;
0;41;;0,03360352;;33,60351958;NCD;16;FDB;3;i;z001;
0;42;;0,031066819;;31,06681936;NCD;16;FDB;3;i;z001;
0;43;;0,029855539;;29,85553862;NCD;16;FDB;3;i;z001;
0;44;;0,029855542;;29,85554188;NCD;16;FDB;3;i;z001;
0;45;;0,029171992;;29,17199163;NCD;16;FDB;3;i;z001;
0;46;;0,033321714;;33,32171414;NCD;16;FDB;3;i;z001;
0;47;;0,028257311;;28,25731093;NCD;16;FDB;3;i;z001;
0;48;;0,026846622;;26,84662191;NCD;16;FDB;3;i;z001;
0;49;;0,027302629;;27,30262851;NCD;16;FDB;3;i;z001;
0;50;;0,03268065;;32,68065039;NCD;16;FDB;3;i;z001;
0;51;;0,031338281;;31,33828098;NCD;16;FDB;3;i;z001;
0;52;;0,033765151;;33,76515061;NCD;16;FDB;3;i;z001;
0;53;;0,026830196;;26,8301958;NCD;16;FDB;3;i;z001;
0;54;;0,033099001;;33,09900058;NCD;16;FDB;3;i;z001;
0;55;;0,033762744;;33,76274369;NCD;16;FDB;3;i;z001;
0;56;;0,02816969;;28,16969041;NCD;16;FDB;3;i;z001;
0;57;;0,034261844;;34,26184432;NCD;16;FDB;3;i;z001;
0;58;;0,034781988;;34,78198778;NCD;16;FDB;3;i;z001;
0;59;;0,035158079;;35,15807882;NCD;16;FDB;3;i;z001;
0;60;;0,037993673;;37,99367294;NCD;16;FDB;3;i;z001;
0;61;;0,038947601;;38,94760052;NCD;16;FDB;3;i;z001;
0;62;;0,031797585;;31,79758502;NCD;16;FDB;3;i;z001;
0;63;;0,037685271;;37,68527121;NCD;16;FDB;3;i;z001;
0;64;;0,036168198;;36,16819785;NCD;16;FDB;3;i;z001;
0;65;;0,025978994;;25,97899409;NCD;16;FDB;3;i;z001;
0;66;;0,034603883;;34,60388281;NCD;16;FDB;3;i;z001;
0;67;;0,040392013;;40,39201303;NCD;16;FDB;3;i;z001;
0;68;;0,039191398;;39,19139782;NCD;16;FDB;3;i;z001;
0;69;;0,02997801;;29,97801028;NCD;16;FDB;3;i;z001;
0;70;;0,04241827;;42,4182696;NCD;16;FDB;3;i;z001;
0;71;;0,037989946;;37,98994644;NCD;16;FDB;3;i;z001;
0;72;;0,034908467;;34,90846684;NCD;16;FDB;3;i;z001;
0;73;;0,041864842;;41,86484211;NCD;16;FDB;3;i;z001;
0;74;;0,040894559;;40,8945586;NCD;16;FDB;3;i;z001;
0;75;;0,036704396;;36,70439575;NCD;16;FDB;3;i;z001;
0;76;;0,04317336;;43,1733597;NCD;16;FDB;3;i;z001;
0;77;;0,043958844;;43,95884379;NCD;16;FDB;3;i;z001;
0;78;;0,032047766;;32,04776624;NCD;16;FDB;3;i;z001;
0;79;;0,045619014;;45,61901414;NCD;16;FDB;3;i;z001;
0;80;;0,04290166;;42,90165965;NCD;16;FDB;3;i;z001;
0;81;;0,04284221;;42,84220977;NCD;16;FDB;3;i;z001;
0;82;;0,045585981;;45,58598127;NCD;16;FDB;3;i;z001;
0;83;;0,043403428;;43,4034284;NCD;16;FDB;3;i;z001;
0;84;;0,044214917;;44,21491655;NCD;16;FDB;3;i;z001;
0;85;;0,042148992;;42,14899187;NCD;16;FDB;3;i;z001;
0;86;;0,04254626;;42,54625981;NCD;16;FDB;3;i;z001;
0;87;;0,051783196;;51,78319552;NCD;16;FDB;3;i;z001;
0;88;;0,04729391;;47,29391025;NCD;16;FDB;3;i;z001;
0;89;;0,055009214;;55,00921365;NCD;16;FDB;3;i;z001;
0;1;;0,023930489;;23,93048932;HFD;8;GAS;1;d;z;
0;2;;0,026263093;;26,26309265;HFD;8;GAS;1;d;z;
0;3;;0,023987246;;23,98724626;HFD;8;GAS;1;d;z;
0;4;;0,0281289;;28,12889992;HFD;8;GAS;1;d;z;
0;5;;0,031734956;;31,73495629;HFD;8;GAS;1;d;z;
0;6;;0,029222644;;29,22264447;HFD;8;GAS;1;d;z;
0;7;;0,029596723;;29,59672308;HFD;8;GAS;1;d;z;
0;8;;0,029420219;;29,42021914;HFD;8;GAS;1;d;z;
0;9;;0,034808831;;34,80883088;HFD;8;GAS;1;d;z;
0;10;;0,030708702;;30,7087016;HFD;8;GAS;1;d;z;
0;11;;0,035343008;;35,34300777;HFD;8;GAS;1;d;z;
0;12;;0,02967828;;29,67827998;HFD;8;GAS;1;d;z;
0;13;;0,033372784;;33,37278361;HFD;8;GAS;1;d;z;
0;14;;0,031016825;;31,0168253;HFD;8;GAS;1;d;z;
0;15;;0,037799024;;37,79902426;HFD;8;GAS;1;d;z;
0;16;;0,036281377;;36,28137668;HFD;8;GAS;1;d;z;
0;17;;0,039788926;;39,78892581;HFD;8;GAS;1;d;z;
0;18;;0,03851609;;38,51609024;HFD;8;GAS;1;d;z;
0;19;;0,035874085;;35,87408512;HFD;8;GAS;1;d;z;
0;20;;0,039065777;;39,06577742;HFD;8;GAS;1;d;z;
0;21;;0,038591646;;38,59164596;HFD;8;GAS;1;d;z;
0;22;;0,03197699;;31,9769897;HFD;8;GAS;1;d;z;
0;23;;0,040330757;;40,33075742;HFD;8;GAS;1;d;z;
0;24;;0,031168934;;31,16893443;HFD;8;GAS;1;d;z;
0;25;;0,039394142;;39,39414178;HFD;8;GAS;1;d;z;
0;26;;0,042329359;;42,32935923;HFD;8;GAS;1;d;z;
0;27;;0,047668517;;47,6685165;HFD;8;GAS;1;d;z;
0;28;;0,039229806;;39,22980584;HFD;8;GAS;1;d;z;
0;29;;0,040065375;;40,06537454;HFD;8;GAS;1;d;z;
0;30;;0,041101796;;41,10179555;HFD;8;GAS;1;d;z;
0;31;;0,046563015;;46,56301462;HFD;8;GAS;1;d;z;
0;32;;0,047998355;;47,99835509;HFD;8;GAS;1;d;z;
0;33;;0,042032461;;42,03246119;HFD;8;GAS;1;d;z;
0;34;;0,04328319;;43,28318974;HFD;8;GAS;1;d;z;
0;35;;0,044729223;;44,72922264;HFD;8;GAS;1;d;z;
0;36;;0,044513475;;44,51347493;HFD;8;GAS;1;d;z;
0;37;;0,041944349;;41,94434872;HFD;8;GAS;1;d;z;
0;38;;0,042463244;;42,46324376;HFD;8;GAS;1;d;z;
0;39;;0,047306462;;47,3064621;HFD;8;GAS;1;d;z;
0;40;;0,042700326;;42,70032615;HFD;8;GAS;1;d;z;
0;41;;0,0494796;;49,47960031;HFD;8;GAS;1;d;z;
0;42;;0,042944547;;42,94454661;HFD;8;GAS;1;d;z;
0;43;;0,049095411;;49,09541096;HFD;8;GAS;1;d;z;
0;44;;0,046050183;;46,0501827;HFD;8;GAS;1;d;z;
0;45;;0,049586642;;49,58664245;HFD;8;GAS;1;d;z;
0;46;;0,049240404;;49,24040434;HFD;8;GAS;1;d;z;
0;47;;0,042083334;;42,08333434;HFD;8;GAS;1;d;z;
0;48;;0,043309728;;43,30972813;HFD;8;GAS;1;d;z;
0;49;;0,04712402;;47,12402006;HFD;8;GAS;1;d;z;
0;50;;0,048806978;;48,80697816;HFD;8;GAS;1;d;z;
0;51;;0,047769548;;47,76954796;HFD;8;GAS;1;d;z;
0;52;;0,034764134;;34,7641345;HFD;8;GAS;1;d;z;
0;53;;0,04968194;;49,68194017;HFD;8;GAS;1;d;z;
0;54;;0,043403438;;43,40343816;HFD;8;GAS;1;d;z;
0;55;;0,037964172;;37,96417159;HFD;8;GAS;1;d;z;
0;56;;0,051853168;;51,85316807;HFD;8;GAS;1;d;z;
0;57;;0,044908787;;44,90878673;HFD;8;GAS;1;d;z;
0;58;;0,050235447;;50,23544734;HFD;8;GAS;1;d;z;
0;59;;0,049020667;;49,02066671;HFD;8;GAS;1;d;z;
0;60;;0,049908679;;49,90867859;HFD;8;GAS;1;d;z;
0;61;;0,040890299;;40,89029903;HFD;8;GAS;1;d;z;
0;62;;0,040684225;;40,68422489;HFD;8;GAS;1;d;z;
0;63;;0,046563;;46,56300007;HFD;8;GAS;1;d;z;
0;64;;0,046664946;;46,66494646;HFD;8;GAS;1;d;z;
0;65;;0,039847906;;39,84790637;HFD;8;GAS;1;d;z;
0;66;;0,047053341;;47,05334146;HFD;8;GAS;1;d;z;
0;67;;0,050559876;;50,55987608;HFD;8;GAS;1;d;z;
0;68;;0,048605515;;48,60551531;HFD;8;GAS;1;d;z;
0;69;;0,052164794;;52,16479405;HFD;8;GAS;1;d;z;
0;70;;0,049167737;;49,16773728;HFD;8;GAS;1;d;z;
0;71;;0,046181704;;46,18170394;HFD;8;GAS;1;d;z;
0;72;;0,048437473;;48,43747345;HFD;8;GAS;1;d;z;
0;73;;0,042498989;;42,49898867;HFD;8;GAS;1;d;z;
0;74;;0,049187476;;49,18747591;HFD;8;GAS;1;d;z;
0;75;;0,048434533;;48,43453281;HFD;8;GAS;1;d;z;
0;76;;0,043666287;;43,66628744;HFD;8;GAS;1;d;z;
0;77;;0,056106775;;56,10677507;HFD;8;GAS;1;d;z;
0;78;;0,041659653;;41,65965325;HFD;8;GAS;1;d;z;
0;79;;0,038385686;;38,38568554;HFD;8;GAS;1;d;z;
0;80;;0,054327715;;54,32771453;HFD;8;GAS;1;d;z;
0;81;;0,057461247;;57,46124653;HFD;8;GAS;1;d;z;
0;82;;0,047123991;;47,12399095;HFD;8;GAS;1;d;z;
0;83;;0,050368658;;50,36865804;HFD;8;GAS;1;d;z;
0;84;;0,046618624;;46,61862362;HFD;8;GAS;1;d;z;
0;85;;0,043863214;;43,86321401;HFD;8;GAS;1;d;z;
0;86;;0,052297736;;52,29773633;HFD;8;GAS;1;d;z;
0;87;;0,050177383;;50,17738305;HFD;8;GAS;1;d;z;
0;1;;0,019571662;;19,57166161;HFD;8;GAS;1;d;z001;
0;2;;0,025805995;;25,80599539;HFD;8;GAS;1;d;z001;
0;3;;0,020441312;;20,44131155;HFD;8;GAS;1;d;z001;
0;4;;0,026976646;;26,97664578;HFD;8;GAS;1;d;z001;
0;5;;0,023452862;;23,45286185;HFD;8;GAS;1;d;z001;
0;6;;0,02267715;;22,67715005;HFD;8;GAS;1;d;z001;
0;7;;0,027950425;;27,95042499;HFD;8;GAS;1;d;z001;
0;8;;0,025988017;;25,98801677;HFD;8;GAS;1;d;z001;
0;9;;0,026911769;;26,91176915;HFD;8;GAS;1;d;z001;
0;10;;0,026816504;;26,81650387;HFD;8;GAS;1;d;z001;
0;11;;0,027740539;;27,74053908;HFD;8;GAS;1;d;z001;
0;12;;0,023665501;;23,66550125;HFD;8;GAS;1;d;z001;
0;13;;0,028049995;;28,04999531;HFD;8;GAS;1;d;z001;
0;14;;0,029629705;;29,6297051;HFD;8;GAS;1;d;z001;
0;15;;0,024197909;;24,19790925;HFD;8;GAS;1;d;z001;
0;16;;0,029319989;;29,31998949;HFD;8;GAS;1;d;z001;
0;17;;0,030021827;;30,02182677;HFD;8;GAS;1;d;z001;
0;18;;0,034472458;;34,47245798;HFD;8;GAS;1;d;z001;
0;19;;0,028511633;;28,51163281;HFD;8;GAS;1;d;z001;
0;20;;0,028610986;;28,61098619;HFD;8;GAS;1;d;z001;
0;21;;0,028350226;;28,35022585;HFD;8;GAS;1;d;z001;
0;22;;0,033660006;;33,66000601;HFD;8;GAS;1;d;z001;
0;23;;0,035598347;;35,59834691;HFD;8;GAS;1;d;z001;
0;24;;0,029732997;;29,73299706;HFD;8;GAS;1;d;z001;
0;25;;0,038634423;;38,63442332;HFD;8;GAS;1;d;z001;
0;26;;0,035701825;;35,70182519;HFD;8;GAS;1;d;z001;
0;27;;0,033315715;;33,315715;HFD;8;GAS;1;d;z001;
0;28;;0,033869741;;33,86974072;HFD;8;GAS;1;d;z001;
0;29;;0,039804946;;39,80494583;HFD;8;GAS;1;d;z001;
0;30;;0,040876382;;40,8763822;HFD;8;GAS;1;d;z001;
0;31;;0,035866897;;35,86689741;HFD;8;GAS;1;d;z001;
0;32;;0,036280812;;36,28081246;HFD;8;GAS;1;d;z001;
0;33;;0,038402221;;38,40222086;HFD;8;GAS;1;d;z001;
0;34;;0,032925034;;32,92503368;HFD;8;GAS;1;d;z001;
0;35;;0,035355288;;35,35528771;HFD;8;GAS;1;d;z001;
0;36;;0,029407937;;29,40793672;HFD;8;GAS;1;d;z001;
0;37;;0,0383491;;38,34910022;HFD;8;GAS;1;d;z001;
0;38;;0,043170122;;43,17012248;HFD;8;GAS;1;d;z001;
0;39;;0,031543616;;31,54361569;HFD;8;GAS;1;d;z001;
0;40;;0,042214613;;42,21461334;HFD;8;GAS;1;d;z001;
0;41;;0,036975115;;36,97511534;HFD;8;GAS;1;d;z001;
0;42;;0,035904013;;35,9040132;HFD;8;GAS;1;d;z001;
0;43;;0,037601813;;37,60181279;HFD;8;GAS;1;d;z001;
0;44;;0,041116837;;41,1168369;HFD;8;GAS;1;d;z001;
0;45;;0,041064815;;41,06481482;HFD;8;GAS;1;d;z001;
0;46;;0,037574712;;37,57471192;HFD;8;GAS;1;d;z001;
0;47;;0,034782002;;34,78200233;HFD;8;GAS;1;d;z001;
0;48;;0,046667351;;46,66735077;HFD;8;GAS;1;d;z001;
0;49;;0,036941921;;36,94192109;HFD;8;GAS;1;d;z001;
0;50;;0,041354485;;41,35448491;HFD;8;GAS;1;d;z001;
0;51;;0,040392013;;40,39201303;HFD;8;GAS;1;d;z001;
0;52;;0,046015695;;46,0156946;HFD;8;GAS;1;d;z001;
0;53;;0,051042146;;51,04214602;HFD;8;GAS;1;d;z001;
0;54;;0,038709004;;38,709004;HFD;8;GAS;1;d;z001;
0;55;;0,042401287;;42,40128696;HFD;8;GAS;1;d;z001;
0;56;;0,045972863;;45,9728629;HFD;8;GAS;1;d;z001;
0;57;;0,034831625;;34,83162546;HFD;8;GAS;1;d;z001;
0;58;;0,03363717;;33,63717006;HFD;8;GAS;1;d;z001;
0;59;;0,040684362;;40,68436196;HFD;8;GAS;1;d;z001;
0;60;;0,047320705;;47,32070459;HFD;8;GAS;1;d;z001;
0;61;;0,042635977;;42,63597657;HFD;8;GAS;1;d;z001;
0;62;;0,039270002;;39,27000216;HFD;8;GAS;1;d;z001;
0;63;;0,041987338;;41,98733813;HFD;8;GAS;1;d;z001;
0;64;;0,050648899;;50,64889914;HFD;8;GAS;1;d;z001;
0;65;;0,039830993;;39,83099305;HFD;8;GAS;1;d;z001;
0;66;;0,052734002;;52,73400166;HFD;8;GAS;1;d;z001;
0;67;;0,04122007;;41,22007004;HFD;8;GAS;1;d;z001;
0;68;;0,045675274;;45,67527412;HFD;8;GAS;1;d;z001;
0;69;;0,052254128;;52,25412813;HFD;8;GAS;1;d;z001;
0;70;;0,03972912;;39,72911952;HFD;8;GAS;1;d;z001;
0;71;;0,046583513;;46,58351256;HFD;8;GAS;1;d;z001;
0;72;;0,045410513;;45,41051318;HFD;8;GAS;1;d;z001;
0;73;;0,046921161;;46,92116147;HFD;8;GAS;1;d;z001;
0;74;;0,042807027;;42,80702727;HFD;8;GAS;1;d;z001;
0;75;;0,053891779;;53,89177935;HFD;8;GAS;1;d;z001;
0;76;;0,049639196;;49,63919631;HFD;8;GAS;1;d;z001;
0;77;;0,048288315;;48,28831546;HFD;8;GAS;1;d;z001;
0;78;;0,043865357;;43,86535691;HFD;8;GAS;1;d;z001;
0;79;;0,045965718;;45,96571826;HFD;8;GAS;1;d;z001;
0;80;;0,045842374;;45,84237378;HFD;8;GAS;1;d;z001;
0;81;;0,057016913;;57,01691345;HFD;8;GAS;1;d;z001;
0;82;;0,049538862;;49,53886243;HFD;8;GAS;1;d;z001;
0;83;;0,045999233;;45,99923282;HFD;8;GAS;1;d;z001;
0;1;;0,018588041;;18,58804119;HFD;8;GAS;1;d;z002;
0;2;;0,023561995;;23,56199548;HFD;8;GAS;1;d;z002;
0;3;;0,021598651;;21,59865102;HFD;8;GAS;1;d;z002;
0;4;;0,024215836;;24,2158363;HFD;8;GAS;1;d;z002;
0;5;;0,021145961;;21,14596118;HFD;8;GAS;1;d;z002;
0;6;;0,02234403;;22,34402984;HFD;8;GAS;1;d;z002;
0;7;;0,025806017;;25,80601722;HFD;8;GAS;1;d;z002;
0;8;;0,027691436;;27,69143565;HFD;8;GAS;1;d;z002;
0;9;;0,028074076;;28,07407569;HFD;8;GAS;1;d;z002;
0;10;;0,028522125;;28,52212544;HFD;8;GAS;1;d;z002;
0;11;;0,031386787;;31,38678677;HFD;8;GAS;1;d;z002;
0;12;;0,030294;;30,29399977;HFD;8;GAS;1;d;z002;
0;13;;0,026930107;;26,93010737;HFD;8;GAS;1;d;z002;
0;14;;0,027691834;;27,6918337;HFD;8;GAS;1;d;z002;
0;15;;0,028981281;;28,98128086;HFD;8;GAS;1;d;z002;
0;16;;0,031670969;;31,67096923;HFD;8;GAS;1;d;z002;
0;17;;0,031435207;;31,4352067;HFD;8;GAS;1;d;z002;
0;18;;0,031044963;;31,04496316;HFD;8;GAS;1;d;z002;
0;19;;0,029947652;;29,94765227;HFD;8;GAS;1;d;z002;
0;20;;0,034001001;;34,0010007;HFD;8;GAS;1;d;z002;
0;21;;0,031529987;;31,52998682;HFD;8;GAS;1;d;z002;
0;22;;0,030543573;;30,54357294;HFD;8;GAS;1;d;z002;
0;23;;0,030032638;;30,03263821;HFD;8;GAS;1;d;z002;
0;24;;0,030838622;;30,83862178;HFD;8;GAS;1;d;z002;
0;25;;0,035141256;;35,14125639;HFD;8;GAS;1;d;z002;
0;26;;0,033071462;;33,07146176;HFD;8;GAS;1;d;z002;
0;27;;0,029684851;;29,68485086;HFD;8;GAS;1;d;z002;
0;28;;0,033100068;;33,10006751;HFD;8;GAS;1;d;z002;
0;29;;0,034220982;;34,22098234;HFD;8;GAS;1;d;z002;
0;30;;0,033930816;;33,93081568;HFD;8;GAS;1;d;z002;
0;31;;0,031769535;;31,76953544;HFD;8;GAS;1;d;z002;
0;32;;0,030855001;;30,85500066;HFD;8;GAS;1;d;z002;
0;33;;0,036845168;;36,84516762;HFD;8;GAS;1;d;z002;
0;34;;0,037510396;;37,51039601;HFD;8;GAS;1;d;z002;
0;35;;0,035377012;;35,37701165;HFD;8;GAS;1;d;z002;
0;36;;0,032020269;;32,02026877;HFD;8;GAS;1;d;z002;
0;37;;0,036109857;;36,10985732;HFD;8;GAS;1;d;z002;
0;38;;0,037210164;;37,21016408;HFD;8;GAS;1;d;z002;
0;39;;0,037131256;;37,13125552;HFD;8;GAS;1;d;z002;
0;40;;0,042710293;;42,71029319;HFD;8;GAS;1;d;z002;
0;41;;0,038783605;;38,78360483;HFD;8;GAS;1;d;z002;
0;42;;0,042205508;;42,20550839;HFD;8;GAS;1;d;z002;
0;43;;0,040812717;;40,81271681;HFD;8;GAS;1;d;z002;
0;44;;0,037586993;;37,58699313;HFD;8;GAS;1;d;z002;
0;45;;0,035546848;;35,54684776;HFD;8;GAS;1;d;z002;
0;46;;0,041366978;;41,36697805;HFD;8;GAS;1;d;z002;
0;47;;0,041692367;;41,69236658;HFD;8;GAS;1;d;z002;
0;48;;0,039491044;;39,49104428;HFD;8;GAS;1;d;z002;
0;49;;0,036098508;;36,09850822;HFD;8;GAS;1;d;z002;
0;50;;0,041055943;;41,05594279;HFD;8;GAS;1;d;z002;
0;51;;0,042399875;;42,39987462;HFD;8;GAS;1;d;z002;
0;52;;0,039270002;;39,27000216;HFD;8;GAS;1;d;z002;
0;53;;0,039574605;;39,57460504;HFD;8;GAS;1;d;z002;
0;54;;0,042166155;;42,16615496;HFD;8;GAS;1;d;z002;
0;55;;0,040065385;;40,06538483;HFD;8;GAS;1;d;z002;
0;56;;0,042775267;;42,77526677;HFD;8;GAS;1;d;z002;
0;57;;0,037525798;;37,52579834;HFD;8;GAS;1;d;z002;
0;58;;0,031416013;;31,41601337;HFD;8;GAS;1;d;z002;
0;59;;0,045478267;;45,47826703;HFD;8;GAS;1;d;z002;
0;60;;0,039234794;;39,23479391;HFD;8;GAS;1;d;z002;
0;61;;0,048821681;;48,82168117;HFD;8;GAS;1;d;z002;
0;62;;0,046041908;;46,04190801;HFD;8;GAS;1;d;z002;
0;63;;0,041379251;;41,37925074;HFD;8;GAS;1;d;z002;
0;64;;0,03305577;;33,05576972;HFD;8;GAS;1;d;z002;
0;65;;0,047071177;;47,07117739;HFD;8;GAS;1;d;z002;
0;66;;0,03916785;;39,16785037;HFD;8;GAS;1;d;z002;
0;67;;0,041522619;;41,52261902;HFD;8;GAS;1;d;z002;
0;68;;0,037887928;;37,88792815;HFD;8;GAS;1;d;z002;
0;69;;0,050367714;;50,36771368;HFD;8;GAS;1;d;z002;
0;70;;0,035907453;;35,9074526;HFD;8;GAS;1;d;z002;
0;71;;0,041509676;;41,50967624;HFD;8;GAS;1;d;z002;
0;72;;0,044204687;;44,20468711;HFD;8;GAS;1;d;z002;
0;73;;0,048679087;;48,67908665;HFD;8;GAS;1;d;z002;
0;74;;0,046563015;;46,56301462;HFD;8;GAS;1;d;z002;
0;75;;0,053612898;;53,61289766;HFD;8;GAS;1;d;z002;
0;76;;0,049928996;;49,9289963;HFD;8;GAS;1;d;z002;
0;77;;0,054888718;;54,888718;HFD;8;GAS;1;d;z002;
0;78;;0,049708788;;49,70878785;HFD;8;GAS;1;d;z002;
0;79;;0,050489994;;50,48999446;HFD;8;GAS;1;d;z002;
0;80;;0,050930025;;50,9300248;HFD;8;GAS;1;d;z002;
0;81;;0,05393136;;53,93136028;HFD;8;GAS;1;d;z002;
0;82;;0,045266855;;45,26685463;HFD;8;GAS;1;d;z002;
0;83;;0,04544355;;45,44354993;HFD;8;GAS;1;d;z002;
0;84;;0,053610004;;53,61000374;HFD;8;GAS;1;d;z002;
0;85;;0,043605779;;43,60577914;HFD;8;GAS;1;d;z002;
0;86;;0,049929004;;49,92900358;HFD;8;GAS;1;d;z002;
0;87;;0,047458461;;47,45846074;HFD;8;GAS;1;d;z002;
0;88;;0,046611066;;46,61106632;HFD;8;GAS;1;d;z002;
0;89;;0,052055358;;52,05535798;HFD;8;GAS;1;d;z002;
0;90;;0,045480402;;45,4804022;HFD;8;GAS;1;d;z002;
0;91;;0,05273669;;52,73668961;HFD;8;GAS;1;d;z002;
0;92;;0,047917854;;47,91785447;HFD;8;GAS;1;d;z002;
0;93;;0,038134816;;38,13481581;HFD;8;GAS;1;d;z002;
0;94;;0,053021443;;53,02144291;HFD;8;GAS;1;d;z002;
0;95;;0,041462129;;41,4621295;HFD;8;GAS;1;d;z002;
0;96;;0,04734263;;47,34262993;HFD;8;GAS;1;d;z002;
0;97;;0,052500152;;52,5001521;HFD;8;GAS;1;d;z002;
0;98;;0,046690612;;46,69061233;HFD;8;GAS;1;d;z002;
0;99;;0,035903999;;35,90399865;HFD;8;GAS;1;d;z002;
0;100;;0,046002009;;46,00200919;HFD;8;GAS;1;d;z002;
0;101;;0,04780584;;47,80584047;HFD;8;GAS;1;d;z002;
0;102;;0,045148627;;45,14862672;HFD;8;GAS;1;d;z002;
0;103;;0,054417003;;54,41700341;HFD;8;GAS;1;d;z002;
0;104;;0,051737765;;51,73776543;HFD;8;GAS;1;d;z002;
0;105;;0,056179626;;56,17962555;HFD;8;GAS;1;d;z002;
0;106;;0,048469283;;48,46928301;HFD;8;GAS;1;d;z002;
0;107;;0,044879423;;44,87942333;HFD;8;GAS;1;d;z002;
0;108;;0,051018685;;51,01868531;HFD;8;GAS;1;d;z002;
0;109;;0,054109388;;54,10938753;HFD;8;GAS;1;d;z002;
0;110;;0,049096844;;49,09684352;HFD;8;GAS;1;d;z002;
0;111;;0,048452575;;48,4525746;HFD;8;GAS;1;d;z002;
0;112;;0,046563636;;46,56363609;HFD;8;GAS;1;d;z002;
0;113;;0,049076519;;49,07651879;HFD;8;GAS;1;d;z002;
0;1;;0,024864012;;24,86401225;HFD;8;GAS;1;i;z;
0;2;;0,019385715;;19,38571521;HFD;8;GAS;1;i;z;
0;3;;0,030277572;;30,2775722;HFD;8;GAS;1;i;z;
0;4;;0,024277258;;24,2772578;HFD;8;GAS;1;i;z;
0;5;;0,028975362;;28,97536231;HFD;8;GAS;1;i;z;
0;6;;0,026751031;;26,75103094;HFD;8;GAS;1;i;z;
0;7;;0,032866187;;32,86618694;HFD;8;GAS;1;i;z;
0;8;;0,028049999;;28,04999895;HFD;8;GAS;1;i;z;
0;9;;0,03213165;;32,13164961;HFD;8;GAS;1;i;z;
0;10;;0,033099001;;33,09900058;HFD;8;GAS;1;i;z;
0;11;;0,030347025;;30,34702494;HFD;8;GAS;1;i;z;
0;12;;0,029486858;;29,4868577;HFD;8;GAS;1;i;z;
0;13;;0,028645035;;28,64503526;HFD;8;GAS;1;i;z;
0;14;;0,035274989;;35,27498909;HFD;8;GAS;1;i;z;
0;15;;0,028864435;;28,86443458;HFD;8;GAS;1;i;z;
0;16;;0,031145092;;31,14509221;HFD;8;GAS;1;i;z;
0;17;;0,039710338;;39,71033772;HFD;8;GAS;1;i;z;
0;18;;0,037545734;;37,54573359;HFD;8;GAS;1;i;z;
0;19;;0,035847548;;35,84754762;HFD;8;GAS;1;i;z;
0;20;;0,041053939;;41,05393912;HFD;8;GAS;1;i;z;
0;21;;0,043196997;;43,19699656;HFD;8;GAS;1;i;z;
0;22;;0,041778535;;41,77853482;HFD;8;GAS;1;i;z;
0;23;;0,040991164;;40,99116369;HFD;8;GAS;1;i;z;
0;24;;0,036465004;;36,46500409;HFD;8;GAS;1;i;z;
0;25;;0,037495627;;37,49562677;HFD;8;GAS;1;i;z;
0;26;;0,033261556;;33,26155559;HFD;8;GAS;1;i;z;
0;27;;0,044880013;;44,88001287;HFD;8;GAS;1;i;z;
0;28;;0,038019024;;38,01902395;HFD;8;GAS;1;i;z;
0;29;;0,042607663;;42,60766331;HFD;8;GAS;1;i;z;
0;30;;0,041513995;;41,5139948;HFD;8;GAS;1;i;z;
0;31;;0,047087427;;47,08742704;HFD;8;GAS;1;i;z;
0;32;;0,044494872;;44,49487214;HFD;8;GAS;1;i;z;
0;33;;0,050108569;;50,1085687;HFD;8;GAS;1;i;z;
0;34;;0,033506962;;33,50696194;HFD;8;GAS;1;i;z;
0;35;;0,044286913;;44,28691333;HFD;8;GAS;1;i;z;
0;36;;0,042646102;;42,64610175;HFD;8;GAS;1;i;z;
0;37;;0,044277911;;44,27791086;HFD;8;GAS;1;i;z;
0;38;;0,044318993;;44,31899288;HFD;8;GAS;1;i;z;
0;39;;0,048299596;;48,29959564;HFD;8;GAS;1;i;z;
0;40;;0,049595235;;49,59523463;HFD;8;GAS;1;i;z;
0;41;;0,04719225;;47,19224979;HFD;8;GAS;1;i;z;
0;42;;0,046533468;;46,5334675;HFD;8;GAS;1;i;z;
0;43;;0,052521817;;52,52181696;HFD;8;GAS;1;i;z;
0;44;;0,048978695;;48,97869541;HFD;8;GAS;1;i;z;
0;45;;0,050615526;;50,61552581;HFD;8;GAS;1;i;z;
0;46;;0,046448205;;46,44820549;HFD;8;GAS;1;i;z;
0;47;;0,052362685;;52,36268483;HFD;8;GAS;1;i;z;
0;48;;0,057783007;;57,78300692;HFD;8;GAS;1;i;z;
0;49;;0,05327943;;53,27943025;HFD;8;GAS;1;i;z;
0;50;;0,052574819;;52,57481916;HFD;8;GAS;1;i;z;
0;51;;0,055030844;;55,03084435;HFD;8;GAS;1;i;z;
0;52;;0,057782978;;57,78297782;HFD;8;GAS;1;i;z;
0;53;;0,055538985;;55,53898518;HFD;8;GAS;1;i;z;
0;54;;0,04890969;;48,90968988;HFD;8;GAS;1;i;z;
0;55;;0,051812254;;51,81225373;HFD;8;GAS;1;i;z;
0;56;;0,054736547;;54,73654683;HFD;8;GAS;1;i;z;
0;57;;0,040819409;;40,81940936;HFD;8;GAS;1;i;z;
0;58;;0,060648022;;60,64802241;HFD;8;GAS;1;i;z;
0;59;;0,062292418;;62,29241783;HFD;8;GAS;1;i;z;
0;60;;0,062685341;;62,68534091;HFD;8;GAS;1;i;z;
0;61;;0,045209921;;45,20992104;HFD;8;GAS;1;i;z;
0;62;;0,061994822;;61,99482165;HFD;8;GAS;1;i;z;
0;63;;0,061696685;;61,69668496;HFD;8;GAS;1;i;z;
0;64;;0,063117785;;63,11778511;HFD;8;GAS;1;i;z;
0;65;;0,06278179;;62,78178987;HFD;8;GAS;1;i;z;
0;66;;0,055430387;;55,43038689;HFD;8;GAS;1;i;z;
0;67;;0,069420243;;69,42024293;HFD;8;GAS;1;i;z;
0;68;;0,048806993;;48,80699271;HFD;8;GAS;1;i;z;
0;69;;0,0482258;;48,22580037;HFD;8;GAS;1;i;z;
0;70;;0,05455738;;54,55737996;HFD;8;GAS;1;i;z;
0;71;;0,056700426;;56,70042567;HFD;8;GAS;1;i;z;
0;72;;0,072167362;;72,16736238;HFD;8;GAS;1;i;z;
0;73;;0,07295185;;72,95185006;HFD;8;GAS;1;i;z;
0;74;;0,059859477;;59,85947682;HFD;8;GAS;1;i;z;
0;1;;0,020070941;;20,07094053;HFD;8;GAS;1;i;z002;
0;2;;0,025244983;;25,24498268;HFD;8;GAS;1;i;z002;
0;3;;0,021879008;;21,87900827;HFD;8;GAS;1;i;z002;
0;4;;0,022248247;;22,24824651;HFD;8;GAS;1;i;z002;
0;5;;0,027145918;;27,14591805;HFD;8;GAS;1;i;z002;
0;6;;0,027489004;;27,48900442;HFD;8;GAS;1;i;z002;
0;7;;0,020681356;;20,68135613;HFD;8;GAS;1;i;z002;
0;8;;0,024683992;;24,6839918;HFD;8;GAS;1;i;z002;
0;9;;0,024048769;;24,04876851;HFD;8;GAS;1;i;z002;
0;10;;0,020797487;;20,79748662;HFD;8;GAS;1;i;z002;
0;11;;0,031795518;;31,79551784;HFD;8;GAS;1;i;z002;
0;12;;0,023917804;;23,91780359;HFD;8;GAS;1;i;z002;
0;13;;0,029879765;;29,87976492;HFD;8;GAS;1;i;z002;
0;14;;0,035379101;;35,37910064;HFD;8;GAS;1;i;z002;
0;15;;0,029751522;;29,75152185;HFD;8;GAS;1;i;z002;
0;16;;0,028439457;;28,43945663;HFD;8;GAS;1;i;z002;
0;17;;0,040392779;;40,39277927;HFD;8;GAS;1;i;z002;
0;18;;0,041259287;;41,25928736;HFD;8;GAS;1;i;z002;
0;19;;0,035305158;;35,30515759;HFD;8;GAS;1;i;z002;
0;20;;0,033641512;;33,6415117;HFD;8;GAS;1;i;z002;
0;21;;0,029841865;;29,84186529;HFD;8;GAS;1;i;z002;
0;22;;0,033659977;;33,65997691;HFD;8;GAS;1;i;z002;
0;23;;0,042963803;;42,96380275;HFD;8;GAS;1;i;z002;
0;24;;0,043538822;;43,538822;HFD;8;GAS;1;i;z002;
0;25;;0,038612572;;38,61257214;HFD;8;GAS;1;i;z002;
0;26;;0,042829333;;42,82933259;HFD;8;GAS;1;i;z002;
0;27;;0,036084203;;36,08420283;HFD;8;GAS;1;i;z002;
0;28;;0,039889065;;39,88906535;HFD;8;GAS;1;i;z002;
0;29;;0,046744666;;46,74466552;HFD;8;GAS;1;i;z002;
0;30;;0,038345086;;38,34508566;HFD;8;GAS;1;i;z002;
0;31;;0,044318993;;44,31899288;HFD;8;GAS;1;i;z002;
0;32;;0,03104036;;31,04036044;HFD;8;GAS;1;i;z002;
0;33;;0,047113735;;47,11373512;HFD;8;GAS;1;i;z002;
0;34;;0,043265945;;43,2659454;HFD;8;GAS;1;i;z002;
0;35;;0,042331576;;42,3315759;HFD;8;GAS;1;i;z002;
0;36;;0,038579679;;38,57967894;HFD;8;GAS;1;i;z002;
0;37;;0,04698455;;46,98455006;HFD;8;GAS;1;i;z002;
0;38;;0,045217954;;45,21795408;HFD;8;GAS;1;i;z002;
0;39;;0,04332325;;43,32324972;HFD;8;GAS;1;i;z002;
0;40;;0,035087195;;35,08719465;HFD;8;GAS;1;i;z002;
0;41;;0,04309187;;43,09187;HFD;8;GAS;1;i;z002;
0;42;;0,04960513;;49,60513039;HFD;8;GAS;1;i;z002;
0;43;;0,04899166;;48,99166025;HFD;8;GAS;1;i;z002;
0;44;;0,059255401;;59,25540071;HFD;8;GAS;1;i;z002;
0;45;;0,046182378;;46,1823776;HFD;8;GAS;1;i;z002;
0;46;;0,051777399;;51,77739867;HFD;8;GAS;1;i;z002;
0;47;;0,048160084;;48,16008448;HFD;8;GAS;1;i;z002;
0;48;;0,043382754;;43,38275371;HFD;8;GAS;1;i;z002;
0;49;;0,045461884;;45,46188432;HFD;8;GAS;1;i;z002;
0;50;;0,055744543;;55,74454301;HFD;8;GAS;1;i;z002;
0;51;;0,042033861;;42,03386109;HFD;8;GAS;1;i;z002;
0;52;;0,063583434;;63,58343413;HFD;8;GAS;1;i;z002;
0;53;;0,046209362;;46,20936238;HFD;8;GAS;1;i;z002;
0;54;;0,060027;;60,02699956;HFD;8;GAS;1;i;z002;
0;55;;0,048421155;;48,42115499;HFD;8;GAS;1;i;z002;
0;56;;0,053267178;;53,26717794;HFD;8;GAS;1;i;z002;
0;57;;0,051417496;;51,41749569;HFD;8;GAS;1;i;z002;
0;58;;0,060308379;;60,30837864;HFD;8;GAS;1;i;z002;
0;59;;0,053026962;;53,02696231;HFD;8;GAS;1;i;z002;
0;60;;0,050490024;;50,49002357;HFD;8;GAS;1;i;z002;
0;61;;0,057782992;;57,78299237;HFD;8;GAS;1;i;z002;
0;62;;0,058397065;;58,39706482;HFD;8;GAS;1;i;z002;
0;63;;0,04435176;;44,3517596;HFD;8;GAS;1;i;z002;
0;64;;0,045804866;;45,80486588;HFD;8;GAS;1;i;z002;
0;65;;0,051856754;;51,85675423;HFD;8;GAS;1;i;z002;
0;66;;0,061557127;;61,55712742;HFD;8;GAS;1;i;z002;
0;67;;0,058513023;;58,51302294;HFD;8;GAS;1;i;z002;
0;68;;0,056778659;;56,77865893;HFD;8;GAS;1;i;z002;
0;69;;0,058809533;;58,80953341;HFD;8;GAS;1;i;z002;
0;70;;0,061219412;;61,2194115;HFD;8;GAS;1;i;z002;
0;71;;0,049661949;;49,66194896;HFD;8;GAS;1;i;z002;
0;72;;0,060082481;;60,08248134;HFD;8;GAS;1;i;z002;
0;73;;0,053860912;;53,8609115;HFD;8;GAS;1;i;z002;
0;74;;0,06114901;;61,14901043;HFD;8;GAS;1;i;z002;
0;75;;0,068626841;;68,62684086;HFD;8;GAS;1;i;z002;
0;76;;0,074939246;;74,93924592;HFD;8;GAS;1;i;z002;
0;1;;0,01623687;;16,23686974;HFD;8;GAS;2;d;z;
0;2;;0,028389486;;28,38948631;HFD;8;GAS;2;d;z;
0;3;;0,03197699;;31,9769897;HFD;8;GAS;2;d;z;
0;4;;0,027775394;;27,77539427;HFD;8;GAS;2;d;z;
0;5;;0,021604994;;21,60499431;HFD;8;GAS;2;d;z;
0;6;;0,029354868;;29,3548684;HFD;8;GAS;2;d;z;
0;7;;0,033738723;;33,73872259;HFD;8;GAS;2;d;z;
0;8;;0,031783323;;31,78332304;HFD;8;GAS;2;d;z;
0;9;;0,028915591;;28,91559119;HFD;8;GAS;2;d;z;
0;10;;0,031349565;;31,34956463;HFD;8;GAS;2;d;z;
0;11;;0,040706582;;40,70658219;HFD;8;GAS;2;d;z;
0;12;;0,042921453;;42,92145271;HFD;8;GAS;2;d;z;
0;13;;0,034855695;;34,8556952;HFD;8;GAS;2;d;z;
0;14;;0,039389223;;39,38922305;HFD;8;GAS;2;d;z;
0;15;;0,041474425;;41,47442452;HFD;8;GAS;2;d;z;
0;16;;0,042636006;;42,63600567;HFD;8;GAS;2;d;z;
0;17;;0,034023634;;34,02363372;HFD;8;GAS;2;d;z;
0;18;;0,03676976;;36,76975985;HFD;8;GAS;2;d;z;
0;19;;0,036999567;;36,99956724;HFD;8;GAS;2;d;z;
0;20;;0,034440921;;34,44092088;HFD;8;GAS;2;d;z;
0;21;;0,042148998;;42,14899838;HFD;8;GAS;2;d;z;
0;22;;0,036853709;;36,8537087;HFD;8;GAS;2;d;z;
0;23;;0,038343885;;38,34388474;HFD;8;GAS;2;d;z;
0;24;;0,050762736;;50,76273591;HFD;8;GAS;2;d;z;
0;25;;0,041568928;;41,56892808;HFD;8;GAS;2;d;z;
0;26;;0,043378123;;43,37812296;HFD;8;GAS;2;d;z;
0;27;;0,042088087;;42,08808666;HFD;8;GAS;2;d;z;
0;28;;0,048871204;;48,87120369;HFD;8;GAS;2;d;z;
0;29;;0,048219499;;48,21949864;HFD;8;GAS;2;d;z;
0;30;;0,040720689;;40,72068926;HFD;8;GAS;2;d;z;
0;31;;0,048807007;;48,80700726;HFD;8;GAS;2;d;z;
0;32;;0,047349952;;47,34995239;HFD;8;GAS;2;d;z;
0;33;;0,048806993;;48,80699271;HFD;8;GAS;2;d;z;
0;34;;0,041805491;;41,80549135;HFD;8;GAS;2;d;z;
0;35;;0,040487949;;40,48794894;HFD;8;GAS;2;d;z;
0;36;;0,039389288;;39,38928751;HFD;8;GAS;2;d;z;
0;37;;0,036116517;;36,11651715;HFD;8;GAS;2;d;z;
0;38;;0,049368013;;49,3680127;HFD;8;GAS;2;d;z;
0;39;;0,052937707;;52,9377073;HFD;8;GAS;2;d;z;
0;40;;0,044683076;;44,68307558;HFD;8;GAS;2;d;z;
0;41;;0,043221332;;43,22133158;HFD;8;GAS;2;d;z;
0;42;;0,048807007;;48,80700726;HFD;8;GAS;2;d;z;
0;43;;0,056660996;;56,66099605;HFD;8;GAS;2;d;z;
0;44;;0,046703024;;46,7030236;HFD;8;GAS;2;d;z;
0;45;;0,050661769;;50,66176932;HFD;8;GAS;2;d;z;
0;46;;0,049116643;;49,11664256;HFD;8;GAS;2;d;z;
0;47;;0,04395827;;43,95827025;HFD;8;GAS;2;d;z;
0;48;;0,043480016;;43,48001567;HFD;8;GAS;2;d;z;
0;49;;0,051933595;;51,93359484;HFD;8;GAS;2;d;z;
0;50;;0,041492764;;41,49276382;HFD;8;GAS;2;d;z;
0;51;;0,048807007;;48,80700726;HFD;8;GAS;2;d;z;
0;52;;0,04985634;;49,85633962;HFD;8;GAS;2;d;z;
0;53;;0,047613871;;47,61387124;HFD;8;GAS;2;d;z;
0;54;;0,039024136;;39,02413566;HFD;8;GAS;2;d;z;
0;55;;0,05227468;;52,27468017;HFD;8;GAS;2;d;z;
0;56;;0,050489994;;50,48999446;HFD;8;GAS;2;d;z;
0;57;;0,046308133;;46,3081329;HFD;8;GAS;2;d;z;
0;58;;0,052920107;;52,92010692;HFD;8;GAS;2;d;z;
0;59;;0,045427167;;45,42716657;HFD;8;GAS;2;d;z;
0;60;;0,051569314;;51,56931362;HFD;8;GAS;2;d;z;
0;61;;0,044427905;;44,42790528;HFD;8;GAS;2;d;z;
0;62;;0,052425878;;52,4258775;HFD;8;GAS;2;d;z;
0;63;;0,056298751;;56,29875062;HFD;8;GAS;2;d;z;
0;64;;0,055539007;;55,53900701;HFD;8;GAS;2;d;z;
0;65;;0,058649467;;58,64946726;HFD;8;GAS;2;d;z;
0;66;;0,048177408;;48,17740782;HFD;8;GAS;2;d;z;
0;67;;0,053057276;;53,0572756;HFD;8;GAS;2;d;z;
0;68;;0,049929004;;49,92900358;HFD;8;GAS;2;d;z;
0;69;;0,05559567;;55,5956698;HFD;8;GAS;2;d;z;
0;70;;0,052862113;;52,86211308;HFD;8;GAS;2;d;z;
0;71;;0,05866397;;58,66397038;HFD;8;GAS;2;d;z;
0;72;;0,044746271;;44,74627079;HFD;8;GAS;2;d;z;
0;73;;0,051539135;;51,53913453;HFD;8;GAS;2;d;z;
0;74;;0,054659063;;54,6590634;HFD;8;GAS;2;d;z;
0;75;;0,055539;;55,53899973;HFD;8;GAS;2;d;z;
0;76;;0,052942299;;52,94229943;HFD;8;GAS;2;d;z;
0;77;;0,052953266;;52,9532659;HFD;8;GAS;2;d;z;
0;78;;0,047108072;;47,10807223;HFD;8;GAS;2;d;z;
0;79;;0,060502092;;60,50209211;HFD;8;GAS;2;d;z;
0;80;;0,065218975;;65,21897503;HFD;8;GAS;2;d;z;
0;81;;0,046560219;;46,56021903;HFD;8;GAS;2;d;z;
0;82;;0,035662326;;35,66232635;HFD;8;GAS;2;d;z;
0;83;;0,048963629;;48,96362912;HFD;8;GAS;2;d;z;
0;1;;0,04099025;;40,99025001;HFD;8;GAS;2;d;z001;
0;2;;0,040926713;;40,92671323;HFD;8;GAS;2;d;z001;
0;3;;0,030071538;;30,07153801;HFD;8;GAS;2;d;z001;
0;4;;0,038148006;;38,14800584;HFD;8;GAS;2;d;z001;
0;5;;0,033286079;;33,28607913;HFD;8;GAS;2;d;z001;
0;6;;0,028692207;;28,69220695;HFD;8;GAS;2;d;z001;
0;7;;0,039691559;;39,69155918;HFD;8;GAS;2;d;z001;
0;8;;0,042655988;;42,65598777;HFD;8;GAS;2;d;z001;
0;9;;0,037453601;;37,45360071;HFD;8;GAS;2;d;z001;
0;10;;0,045866663;;45,86666279;HFD;8;GAS;2;d;z001;
0;11;;0,047484252;;47,48425155;HFD;8;GAS;2;d;z001;
0;12;;0,042741613;;42,7416127;HFD;8;GAS;2;d;z001;
0;13;;0,046047675;;46,04767483;HFD;8;GAS;2;d;z001;
0;14;;0,044467777;;44,46777728;HFD;8;GAS;2;d;z001;
0;15;;0,038157513;;38,15751339;HFD;8;GAS;2;d;z001;
0;16;;0,040981028;;40,98102819;HFD;8;GAS;2;d;z001;
0;17;;0,03965909;;39,65909011;HFD;8;GAS;2;d;z001;
0;18;;0,042366801;;42,36680111;HFD;8;GAS;2;d;z001;
0;19;;0,033735098;;33,73509811;HFD;8;GAS;2;d;z001;
0;20;;0,046002009;;46,00200919;HFD;8;GAS;2;d;z001;
0;21;;0,035178005;;35,17800525;HFD;8;GAS;2;d;z001;
0;22;;0,049582243;;49,58224262;HFD;8;GAS;2;d;z001;
0;23;;0,048866205;;48,866205;HFD;8;GAS;2;d;z001;
0;24;;0,03953383;;39,53383007;HFD;8;GAS;2;d;z001;
0;25;;0,039093813;;39,09381308;HFD;8;GAS;2;d;z001;
0;26;;0,047062141;;47,06214079;HFD;8;GAS;2;d;z001;
0;27;;0,03266914;;32,66913961;HFD;8;GAS;2;d;z001;
0;28;;0,044745231;;44,74523096;HFD;8;GAS;2;d;z001;
0;29;;0,053687136;;53,6871355;HFD;8;GAS;2;d;z001;
0;30;;0,041814869;;41,81486902;HFD;8;GAS;2;d;z001;
0;31;;0,049019928;;49,01992808;HFD;8;GAS;2;d;z001;
0;32;;0,0422647;;42,26469984;HFD;8;GAS;2;d;z001;
0;33;;0,049283917;;49,2839174;HFD;8;GAS;2;d;z001;
0;34;;0,048246002;;48,24600182;HFD;8;GAS;2;d;z001;
0;35;;0,047417613;;47,4176126;HFD;8;GAS;2;d;z001;
0;36;;0,055812667;;55,81266727;HFD;8;GAS;2;d;z001;
0;37;;0,057444459;;57,4444591;HFD;8;GAS;2;d;z001;
0;38;;0,048839593;;48,83959345;HFD;8;GAS;2;d;z001;
0;39;;0,048107156;;48,10715649;HFD;8;GAS;2;d;z001;
0;40;;0,056696255;;56,69625532;HFD;8;GAS;2;d;z001;
0;41;;0,046575273;;46,57527294;HFD;8;GAS;2;d;z001;
0;42;;0,042252296;;42,25229577;HFD;8;GAS;2;d;z001;
0;43;;0,046109706;;46,10970607;HFD;8;GAS;2;d;z001;
0;44;;0,058343998;;58,34399781;HFD;8;GAS;2;d;z001;
0;45;;0,055842942;;55,84294158;HFD;8;GAS;2;d;z001;
0;46;;0,051038766;;51,03876559;HFD;8;GAS;2;d;z001;
0;47;;0,045440999;;45,4409992;HFD;8;GAS;2;d;z001;
0;48;;0,056278182;;56,27818165;HFD;8;GAS;2;d;z001;
0;49;;0,054639441;;54,63944072;HFD;8;GAS;2;d;z001;
0;50;;0,040391984;;40,39198393;HFD;8;GAS;2;d;z001;
0;51;;0,048421158;;48,42115825;HFD;8;GAS;2;d;z001;
0;52;;0,058759802;;58,7598019;HFD;8;GAS;2;d;z001;
0;53;;0,058551821;;58,55182125;HFD;8;GAS;2;d;z001;
0;54;;0,05690914;;56,90913982;HFD;8;GAS;2;d;z001;
0;55;;0,057825024;;57,82502429;HFD;8;GAS;2;d;z001;
0;56;;0,043638961;;43,63896118;HFD;8;GAS;2;d;z001;
0;57;;0,058505598;;58,50559801;HFD;8;GAS;2;d;z001;
0;58;;0,054867308;;54,86730836;HFD;8;GAS;2;d;z001;
0;59;;0,054505656;;54,50565622;HFD;8;GAS;2;d;z001;
0;60;;0,057352579;;57,35257933;HFD;8;GAS;2;d;z001;
0;61;;0,060588005;;60,588005;HFD;8;GAS;2;d;z001;
0;62;;0,051445272;;51,44527171;HFD;8;GAS;2;d;z001;
0;63;;0,057814619;;57,81461872;HFD;8;GAS;2;d;z001;
0;64;;0,047357668;;47,3576684;HFD;8;GAS;2;d;z001;
0;65;;0,054288852;;54,28885165;HFD;8;GAS;2;d;z001;
0;66;;0,05682802;;56,82802012;HFD;8;GAS;2;d;z001;
0;67;;0,057758496;;57,75849582;HFD;8;GAS;2;d;z001;
0;68;;0,051148424;;51,14842436;HFD;8;GAS;2;d;z001;
0;69;;0,055539014;;55,53901428;HFD;8;GAS;2;d;z001;
0;70;;0,049288129;;49,28812924;HFD;8;GAS;2;d;z001;
0;71;;0,0543349;;54,3349002;HFD;8;GAS;2;d;z001;
0;72;;0,05925262;;59,25261977;HFD;8;GAS;2;d;z001;
0;73;;0,055446005;;55,44600541;HFD;8;GAS;2;d;z001;
0;74;;0,063207574;;63,20757363;HFD;8;GAS;2;d;z001;
0;75;;0,060819918;;60,81991804;HFD;8;GAS;2;d;z001;
0;76;;0,056830818;;56,83081841;HFD;8;GAS;2;d;z001;
0;77;;0,060019368;;60,01936811;HFD;8;GAS;2;d;z001;
0;78;;0,065943458;;65,94345847;HFD;8;GAS;2;d;z001;
0;79;;0,066761508;;66,76150843;HFD;8;GAS;2;d;z001;
0;1;;0,023404547;;23,40454705;HFD;8;GAS;2;d;z003;
0;2;;0,025590483;;25,59048306;HFD;8;GAS;2;d;z003;
0;3;;0,029925658;;29,92565849;HFD;8;GAS;2;d;z003;
0;4;;0,032871035;;32,87103523;HFD;8;GAS;2;d;z003;
0;5;;0,025937108;;25,93710794;HFD;8;GAS;2;d;z003;
0;6;;0,029213823;;29,21382264;HFD;8;GAS;2;d;z003;
0;7;;0,031911792;;31,91179219;HFD;8;GAS;2;d;z003;
0;8;;0,035900819;;35,90081894;HFD;8;GAS;2;d;z003;
0;9;;0,037322597;;37,32259703;HFD;8;GAS;2;d;z003;
0;10;;0,035230362;;35,23036236;HFD;8;GAS;2;d;z003;
0;11;;0,037314017;;37,31401665;HFD;8;GAS;2;d;z003;
0;12;;0,035342993;;35,34299321;HFD;8;GAS;2;d;z003;
0;13;;0,038037197;;38,03719651;HFD;8;GAS;2;d;z003;
0;14;;0,039921318;;39,92131756;HFD;8;GAS;2;d;z003;
0;15;;0,033008728;;33,00872772;HFD;8;GAS;2;d;z003;
0;16;;0,033549053;;33,54905268;HFD;8;GAS;2;d;z003;
0;17;;0,03790733;;37,9073299;HFD;8;GAS;2;d;z003;
0;18;;0,037363688;;37,36368828;HFD;8;GAS;2;d;z003;
0;19;;0,041126149;;41,12614906;HFD;8;GAS;2;d;z003;
0;20;;0,041543064;;41,54306411;HFD;8;GAS;2;d;z003;
0;21;;0,03688037;;36,88036952;HFD;8;GAS;2;d;z003;
0;22;;0,042303514;;42,30351449;HFD;8;GAS;2;d;z003;
0;23;;0,033444919;;33,44491915;HFD;8;GAS;2;d;z003;
0;24;;0,04139635;;41,39635013;HFD;8;GAS;2;d;z003;
0;25;;0,033869724;;33,86972445;HFD;8;GAS;2;d;z003;
0;26;;0,042471176;;42,47117616;HFD;8;GAS;2;d;z003;
0;27;;0,035343008;;35,34300777;HFD;8;GAS;2;d;z003;
0;28;;0,044840543;;44,84054261;HFD;8;GAS;2;d;z003;
0;29;;0,04598218;;45,98218033;HFD;8;GAS;2;d;z003;
0;30;;0,037505979;;37,5059791;HFD;8;GAS;2;d;z003;
0;31;;0,040952989;;40,95298937;HFD;8;GAS;2;d;z003;
0;32;;0,037550675;;37,55067473;HFD;8;GAS;2;d;z003;
0;33;;0,041208619;;41,2086189;HFD;8;GAS;2;d;z003;
0;34;;0,043235652;;43,23565199;HFD;8;GAS;2;d;z003;
0;35;;0,050091695;;50,09169463;HFD;8;GAS;2;d;z003;
0;36;;0,046573574;;46,57357368;HFD;8;GAS;2;d;z003;
0;37;;0,041514024;;41,51402391;HFD;8;GAS;2;d;z003;
0;38;;0,040462076;;40,46207557;HFD;8;GAS;2;d;z003;
0;39;;0,045441004;;45,44100375;HFD;8;GAS;2;d;z003;
0;40;;0,04347001;;43,47001011;HFD;8;GAS;2;d;z003;
0;41;;0,045441004;;45,44100375;HFD;8;GAS;2;d;z003;
0;42;;0,043469917;;43,46991697;HFD;8;GAS;2;d;z003;
0;43;;0,037466966;;37,46696609;HFD;8;GAS;2;d;z003;
0;44;;0,049235771;;49,23577052;HFD;8;GAS;2;d;z003;
0;45;;0,038836398;;38,83639813;HFD;8;GAS;2;d;z003;
0;46;;0,047023191;;47,02319092;HFD;8;GAS;2;d;z003;
0;47;;0,050537127;;50,53712658;HFD;8;GAS;2;d;z003;
0;48;;0,047375481;;47,37548063;HFD;8;GAS;2;d;z003;
0;49;;0,049630974;;49,63097354;HFD;8;GAS;2;d;z003;
0;50;;0,043196997;;43,19699656;HFD;8;GAS;2;d;z003;
0;51;;0,053295022;;53,29502164;HFD;8;GAS;2;d;z003;
0;52;;0,046119616;;46,11961615;HFD;8;GAS;2;d;z003;
0;53;;0,048713624;;48,71362395;HFD;8;GAS;2;d;z003;
0;54;;0,047086759;;47,08675898;HFD;8;GAS;2;d;z003;
0;55;;0,047638159;;47,63815918;HFD;8;GAS;2;d;z003;
0;56;;0,043832731;;43,83273067;HFD;8;GAS;2;d;z003;
0;57;;0,048807007;;48,80700726;HFD;8;GAS;2;d;z003;
0;58;;0,047118137;;47,11813672;HFD;8;GAS;2;d;z003;
0;59;;0,041809532;;41,80953219;HFD;8;GAS;2;d;z003;
0;60;;0,049098802;;49,09880211;HFD;8;GAS;2;d;z003;
0;61;;0,045653663;;45,6536634;HFD;8;GAS;2;d;z003;
0;62;;0,039576784;;39,57678434;HFD;8;GAS;2;d;z003;
0;63;;0,051051029;;51,051029;HFD;8;GAS;2;d;z003;
0;64;;0,052703979;;52,70397925;HFD;8;GAS;2;d;z003;
0;65;;0,038478653;;38,4786527;HFD;8;GAS;2;d;z003;
0;66;;0,0502286;;50,22860005;HFD;8;GAS;2;d;z003;
0;67;;0,048421171;;48,42117126;HFD;8;GAS;2;d;z003;
0;68;;0,052734016;;52,73401621;HFD;8;GAS;2;d;z003;
0;69;;0,047684996;;47,68499639;HFD;8;GAS;2;d;z003;
0;70;;0,051592695;;51,59269461;HFD;8;GAS;2;d;z003;
0;71;;0,047685025;;47,68502549;HFD;8;GAS;2;d;z003;
0;72;;0,052613491;;52,61349117;HFD;8;GAS;2;d;z003;
0;73;;0,054044263;;54,04426319;HFD;8;GAS;2;d;z003;
0;74;;0,05002488;;50,02487979;HFD;8;GAS;2;d;z003;
0;75;;0,037705665;;37,7056654;HFD;8;GAS;2;d;z003;
0;76;;0,03951553;;39,51553021;HFD;8;GAS;2;d;z003;
0;77;;0,051612005;;51,61200534;HFD;8;GAS;2;d;z003;
0;78;;0,052433015;;52,43301516;HFD;8;GAS;2;d;z003;
0;79;;0,054750477;;54,75047731;HFD;8;GAS;2;d;z003;
0;80;;0,047860102;;47,86010246;HFD;8;GAS;2;d;z003;
0;81;;0,053234003;;53,23400345;HFD;8;GAS;2;d;z003;
0;82;;0,054975086;;54,97508561;HFD;8;GAS;2;d;z003;
0;83;;0,04851657;;48,51656961;HFD;8;GAS;2;d;z003;
0;84;;0,053696495;;53,69649466;HFD;8;GAS;2;d;z003;
0;85;;0,064728817;;64,72881685;HFD;8;GAS;2;d;z003;
0;1;;0,026594021;;26,59402057;HFD;8;GAS;2;i;z;
0;2;;0,026970143;;26,97014294;HFD;8;GAS;2;i;z;
0;3;;0,03024236;;30,24235994;HFD;8;GAS;2;i;z;
0;4;;0,029818714;;29,81871443;HFD;8;GAS;2;i;z;
0;5;;0,027399872;;27,39987189;HFD;8;GAS;2;i;z;
0;6;;0,025244997;;25,24499723;HFD;8;GAS;2;i;z;
0;7;;0,034220982;;34,22098234;HFD;8;GAS;2;i;z;
0;8;;0,033660006;;33,66000601;HFD;8;GAS;2;i;z;
0;9;;0,033660006;;33,66000601;HFD;8;GAS;2;i;z;
0;10;;0,035903999;;35,90399865;HFD;8;GAS;2;i;z;
0;11;;0,031977019;;31,97701881;HFD;8;GAS;2;i;z;
0;12;;0,032537995;;32,53799514;HFD;8;GAS;2;i;z;
0;13;;0,041712497;;41,71249654;HFD;8;GAS;2;i;z;
0;14;;0,036756887;;36,75688728;HFD;8;GAS;2;i;z;
0;15;;0,034782002;;34,78200233;HFD;8;GAS;2;i;z;
0;16;;0,035625962;;35,62596227;HFD;8;GAS;2;i;z;
0;17;;0,03714126;;37,14125972;HFD;8;GAS;2;i;z;
0;18;;0,037586986;;37,58698585;HFD;8;GAS;2;i;z;
0;19;;0,04139707;;41,39707002;HFD;8;GAS;2;i;z;
0;20;;0,038054859;;38,05485906;HFD;8;GAS;2;i;z;
0;21;;0,040821776;;40,82177557;HFD;8;GAS;2;i;z;
0;22;;0,036682204;;36,68220426;HFD;8;GAS;2;i;z;
0;23;;0,042075;;42,07500024;HFD;8;GAS;2;i;z;
0;24;;0,043103532;;43,10353201;HFD;8;GAS;2;i;z;
0;25;;0,041842699;;41,84269909;HFD;8;GAS;2;i;z;
0;26;;0,039257886;;39,25788611;HFD;8;GAS;2;i;z;
0;27;;0,037025951;;37,02595131;HFD;8;GAS;2;i;z;
0;28;;0,038179775;;38,17977515;HFD;8;GAS;2;i;z;
0;29;;0,042514504;;42,51450396;HFD;8;GAS;2;i;z;
0;30;;0,038709;;38,70900036;HFD;8;GAS;2;i;z;
0;31;;0,043941374;;43,941374;HFD;8;GAS;2;i;z;
0;32;;0,039830978;;39,83097849;HFD;8;GAS;2;i;z;
0;33;;0,042075;;42,07500024;HFD;8;GAS;2;i;z;
0;34;;0,033548981;;33,54898127;HFD;8;GAS;2;i;z;
0;35;;0,045315524;;45,31552426;HFD;8;GAS;2;i;z;
0;36;;0,044318964;;44,31896377;HFD;8;GAS;2;i;z;
0;37;;0,039227854;;39,22785365;HFD;8;GAS;2;i;z;
0;38;;0,039824552;;39,8245524;HFD;8;GAS;2;i;z;
0;39;;0,045661415;;45,66141545;HFD;8;GAS;2;i;z;
0;40;;0,038876237;;38,87623696;HFD;8;GAS;2;i;z;
0;41;;0,047883498;;47,88349813;HFD;8;GAS;2;i;z;
0;42;;0,042291937;;42,29193669;HFD;8;GAS;2;i;z;
0;43;;0,035375047;;35,37504698;HFD;8;GAS;2;i;z;
0;44;;0,044413872;;44,41387169;HFD;8;GAS;2;i;z;
0;45;;0,04679776;;46,79776048;HFD;8;GAS;2;i;z;
0;46;;0,041842417;;41,84241681;HFD;8;GAS;2;i;z;
0;47;;0,036283452;;36,28345246;HFD;8;GAS;2;i;z;
0;48;;0,043758017;;43,75801655;HFD;8;GAS;2;i;z;
0;49;;0,040952989;;40,95298937;HFD;8;GAS;2;i;z;
0;50;;0,036261592;;36,26159158;HFD;8;GAS;2;i;z;
0;51;;0,039270002;;39,27000216;HFD;8;GAS;2;i;z;
0;52;;0,04465527;;44,65527026;HFD;8;GAS;2;i;z;
0;53;;0,038334546;;38,33454633;HFD;8;GAS;2;i;z;
0;54;;0,049011743;;49,01174282;HFD;8;GAS;2;i;z;
0;55;;0,047901058;;47,90105768;HFD;8;GAS;2;i;z;
0;56;;0,044054932;;44,05493175;HFD;8;GAS;2;i;z;
0;57;;0,035996815;;35,9968145;HFD;8;GAS;2;i;z;
0;58;;0,047938362;;47,93836188;HFD;8;GAS;2;i;z;
0;59;;0,040752519;;40,75251887;HFD;8;GAS;2;i;z;
0;60;;0,046001995;;46,00199463;HFD;8;GAS;2;i;z;
0;61;;0,042026129;;42,02612897;HFD;8;GAS;2;i;z;
0;62;;0,052214381;;52,21438109;HFD;8;GAS;2;i;z;
0;63;;0,043237254;;43,23725389;HFD;8;GAS;2;i;z;
0;64;;0,046447486;;46,44748557;HFD;8;GAS;2;i;z;
0;65;;0,043984033;;43,98403279;HFD;8;GAS;2;i;z;
0;66;;0,035659391;;35,65939096;HFD;8;GAS;2;i;z;
0;67;;0,043886456;;43,88645598;HFD;8;GAS;2;i;z;
0;68;;0,045432867;;45,43286665;HFD;8;GAS;2;i;z;
0;69;;0,044913438;;44,91343762;HFD;8;GAS;2;i;z;
0;70;;0,037587;;37,58700041;HFD;8;GAS;2;i;z;
0;71;;0,037850298;;37,85029815;HFD;8;GAS;2;i;z;
0;72;;0,045708659;;45,70865899;HFD;8;GAS;2;i;z;
0;73;;0,041639198;;41,63919753;HFD;8;GAS;2;i;z;
0;74;;0,048806978;;48,80697816;HFD;8;GAS;2;i;z;
0;75;;0,04225231;;42,25230954;HFD;8;GAS;2;i;z;
0;76;;0,043313021;;43,31302149;HFD;8;GAS;2;i;z;
0;77;;0,041922769;;41,92276947;HFD;8;GAS;2;i;z;
0;78;;0,04202041;;42,02041031;HFD;8;GAS;2;i;z;
0;79;;0,049929018;;49,92901813;HFD;8;GAS;2;i;z;
0;80;;0,046246618;;46,24661833;HFD;8;GAS;2;i;z;
0;81;;0,049412802;;49,41280198;HFD;8;GAS;2;i;z;
0;82;;0,051037699;;51,03769897;HFD;8;GAS;2;i;z;
0;83;;0,031912849;;31,91284858;HFD;8;GAS;2;i;z;
0;84;;0,036956291;;36,95629096;HFD;8;GAS;2;i;z;
0;85;;0,03927;;39,27000034;HFD;8;GAS;2;i;z;
0;86;;0,040490267;;40,49026703;HFD;8;GAS;2;i;z;
0;87;;0,048403131;;48,40313144;HFD;8;GAS;2;i;z;
0;88;;0,048454844;;48,4548442;HFD;8;GAS;2;i;z;
0;89;;0,043701486;;43,70148575;HFD;8;GAS;2;i;z;
0;90;;0,046002009;;46,00200919;HFD;8;GAS;2;i;z;
0;91;;0,039389249;;39,38924908;HFD;8;GAS;2;i;z;
0;92;;0,05635011;;56,35011004;HFD;8;GAS;2;i;z;
0;93;;0,04653523;;46,53523009;HFD;8;GAS;2;i;z;
0;94;;0,048651423;;48,65142254;HFD;8;GAS;2;i;z;
0;95;;0,043196997;;43,19699656;HFD;8;GAS;2;i;z;
0;96;;0,051612005;;51,61200534;HFD;8;GAS;2;i;z;
0;97;;0,051332009;;51,33200856;HFD;8;GAS;2;i;z;
0;98;;0,029227819;;29,22781859;HFD;8;GAS;2;i;z;
0;99;;0,041514002;;41,51400208;HFD;8;GAS;2;i;z;
0;100;;0,053312214;;53,31221446;HFD;8;GAS;2;i;z;
0;101;;0,048673131;;48,67313073;HFD;8;GAS;2;i;z;
0;1;;0,019634987;;19,63498653;HFD;8;GAS;2;i;z001;
0;2;;0,029261622;;29,26162176;HFD;8;GAS;2;i;z001;
0;3;;0,029172021;;29,17202073;HFD;8;GAS;2;i;z001;
0;4;;0,029145415;;29,14541523;HFD;8;GAS;2;i;z001;
0;5;;0,03201434;;32,01433956;HFD;8;GAS;2;i;z001;
0;6;;0,028088095;;28,08809508;HFD;8;GAS;2;i;z001;
0;7;;0,030290282;;30,29028197;HFD;8;GAS;2;i;z001;
0;8;;0,02902052;;29,02051988;HFD;8;GAS;2;i;z001;
0;9;;0,029271265;;29,27126504;HFD;8;GAS;2;i;z001;
0;10;;0,030293999;;30,29399886;HFD;8;GAS;2;i;z001;
0;11;;0,031965357;;31,96535677;HFD;8;GAS;2;i;z001;
0;12;;0,034781988;;34,78198778;HFD;8;GAS;2;i;z001;
0;13;;0,031360897;;31,36089695;HFD;8;GAS;2;i;z001;
0;14;;0,029083944;;29,08394354;HFD;8;GAS;2;i;z001;
0;15;;0,035117711;;35,11771066;HFD;8;GAS;2;i;z001;
0;16;;0,039404296;;39,40429558;HFD;8;GAS;2;i;z001;
0;17;;0,03766124;;37,66124009;HFD;8;GAS;2;i;z001;
0;18;;0,037145227;;37,1452272;HFD;8;GAS;2;i;z001;
0;19;;0,034349648;;34,34964846;HFD;8;GAS;2;i;z001;
0;20;;0,039433788;;39,43378793;HFD;8;GAS;2;i;z001;
0;21;;0,039987236;;39,98723607;HFD;8;GAS;2;i;z001;
0;22;;0,033718405;;33,71840489;HFD;8;GAS;2;i;z001;
0;23;;0,038708997;;38,70899673;HFD;8;GAS;2;i;z001;
0;24;;0,032355397;;32,35539748;HFD;8;GAS;2;i;z001;
0;25;;0,036058257;;36,05825749;HFD;8;GAS;2;i;z001;
0;26;;0,03470867;;34,70866988;HFD;8;GAS;2;i;z001;
0;27;;0,039473691;;39,47369071;HFD;8;GAS;2;i;z001;
0;28;;0,034963703;;34,96370339;HFD;8;GAS;2;i;z001;
0;29;;0,038921241;;38,92124067;HFD;8;GAS;2;i;z001;
0;30;;0,036462863;;36,46286299;HFD;8;GAS;2;i;z001;
0;31;;0,042578772;;42,57877184;HFD;8;GAS;2;i;z001;
0;32;;0,039979335;;39,97933473;HFD;8;GAS;2;i;z001;
0;33;;0,039160327;;39,1603266;HFD;8;GAS;2;i;z001;
0;34;;0,03702601;;37,02600952;HFD;8;GAS;2;i;z001;
0;35;;0,04006607;;40,06607019;HFD;8;GAS;2;i;z001;
0;36;;0,034476387;;34,47638677;HFD;8;GAS;2;i;z001;
0;37;;0,043094899;;43,09489889;HFD;8;GAS;2;i;z001;
0;38;;0,039831008;;39,8310076;HFD;8;GAS;2;i;z001;
0;39;;0,031026075;;31,02607475;HFD;8;GAS;2;i;z001;
0;40;;0,035609489;;35,60948939;HFD;8;GAS;2;i;z001;
0;41;;0,035903999;;35,90399865;HFD;8;GAS;2;i;z001;
0;42;;0,043197011;;43,19701111;HFD;8;GAS;2;i;z001;
0;43;;0,041624642;;41,62464194;HFD;8;GAS;2;i;z001;
0;44;;0,041363725;;41,36372461;HFD;8;GAS;2;i;z001;
0;45;;0,037587015;;37,58701496;HFD;8;GAS;2;i;z001;
0;46;;0,040545396;;40,54539585;HFD;8;GAS;2;i;z001;
0;47;;0,040275117;;40,27511683;HFD;8;GAS;2;i;z001;
0;48;;0,041514024;;41,51402391;HFD;8;GAS;2;i;z001;
0;49;;0,04006667;;40,06666976;HFD;8;GAS;2;i;z001;
0;50;;0,042125643;;42,12564263;HFD;8;GAS;2;i;z001;
0;51;;0,03814802;;38,14802039;HFD;8;GAS;2;i;z001;
0;52;;0,043538691;;43,53869063;HFD;8;GAS;2;i;z001;
0;53;;0,03702601;;37,02600952;HFD;8;GAS;2;i;z001;
0;54;;0,045991675;;45,99167469;HFD;8;GAS;2;i;z001;
0;55;;0,03913836;;39,13835982;HFD;8;GAS;2;i;z001;
0;56;;0,041702063;;41,70206274;HFD;8;GAS;2;i;z001;
0;57;;0,036758821;;36,75882147;HFD;8;GAS;2;i;z001;
0;58;;0,042635998;;42,6359984;HFD;8;GAS;2;i;z001;
0;59;;0,043758002;;43,75800199;HFD;8;GAS;2;i;z001;
0;60;;0,039407438;;39,40743817;HFD;8;GAS;2;i;z001;
0;61;;0,037239388;;37,23938812;HFD;8;GAS;2;i;z001;
0;62;;0,043152536;;43,15253589;HFD;8;GAS;2;i;z001;
0;63;;0,044853013;;44,8530133;HFD;8;GAS;2;i;z001;
0;64;;0,039270002;;39,27000216;HFD;8;GAS;2;i;z001;
0;65;;0,039168739;;39,16873942;HFD;8;GAS;2;i;z001;
0;66;;0,041513998;;41,51399844;HFD;8;GAS;2;i;z001;
0;67;;0,040916436;;40,91643613;HFD;8;GAS;2;i;z001;
0;68;;0,042290301;;42,29030086;HFD;8;GAS;2;i;z001;
0;69;;0,041728581;;41,72858053;HFD;8;GAS;2;i;z001;
0;70;;0,044658839;;44,65883944;HFD;8;GAS;2;i;z001;
0;71;;0,043757987;;43,75798744;HFD;8;GAS;2;i;z001;
0;72;;0,046232362;;46,23236235;HFD;8;GAS;2;i;z001;
0;73;;0,044029454;;44,02945425;HFD;8;GAS;2;i;z001;
0;74;;0,046562986;;46,56298552;HFD;8;GAS;2;i;z001;
0;75;;0,045954871;;45,95487069;HFD;8;GAS;2;i;z001;
0;76;;0,037413365;;37,41336549;HFD;8;GAS;2;i;z001;
0;77;;0,047999133;;47,9991329;HFD;8;GAS;2;i;z001;
0;78;;0,049223919;;49,22391858;HFD;8;GAS;2;i;z001;
0;79;;0,035898007;;35,89800738;HFD;8;GAS;2;i;z001;
0;80;;0,04415609;;44,15608967;HFD;8;GAS;2;i;z001;
0;81;;0,040002491;;40,00249069;HFD;8;GAS;2;i;z001;
0;82;;0,04787813;;47,87812953;HFD;8;GAS;2;i;z001;
0;83;;0,039676825;;39,67682547;HFD;8;GAS;2;i;z001;
0;84;;0,049926424;;49,92642367;HFD;8;GAS;2;i;z001;
0;85;;0,043891095;;43,89109457;HFD;8;GAS;2;i;z001;
0;86;;0,043089787;;43,08978654;HFD;8;GAS;2;i;z001;
0;87;;0,038232162;;38,23216191;HFD;8;GAS;2;i;z001;
0;88;;0,038708997;;38,70899673;HFD;8;GAS;2;i;z001;
0;89;;0,03695663;;36,95662989;HFD;8;GAS;2;i;z001;
0;90;;0,040393772;;40,39377241;HFD;8;GAS;2;i;z001;
0;91;;0,042363573;;42,36357347;HFD;8;GAS;2;i;z001;
0;92;;0,045664827;;45,66482722;HFD;8;GAS;2;i;z001;
0;93;;0,046525689;;46,52568903;HFD;8;GAS;2;i;z001;
0;94;;0,049368005;;49,36800542;HFD;8;GAS;2;i;z001;
0;95;;0,042287271;;42,28727075;HFD;8;GAS;2;i;z001;
0;96;;0,044261217;;44,26121719;HFD;8;GAS;2;i;z001;
0;97;;0,036818421;;36,8184207;HFD;8;GAS;2;i;z001;
0;98;;0,048460692;;48,46069227;HFD;8;GAS;2;i;z001;
0;99;;0,03772553;;37,7255297;HFD;8;GAS;2;i;z001;
0;100;;0,04918919;;49,18918971;HFD;8;GAS;2;i;z001;
0;101;;0,044281765;;44,28176463;HFD;8;GAS;2;i;z001;
0;102;;0,048202293;;48,2022934;HFD;8;GAS;2;i;z001;
0;103;;0,049928996;;49,9289963;HFD;8;GAS;2;i;z001;
0;104;;0,050127314;;50,12731399;HFD;8;GAS;2;i;z001;
0;105;;0,050246637;;50,2466374;HFD;8;GAS;2;i;z001;
0;106;;0,049773635;;49,77363454;HFD;8;GAS;2;i;z001;
0;107;;0,045245316;;45,24531603;HFD;8;GAS;2;i;z001;
0;108;;0,043986739;;43,9867388;HFD;8;GAS;2;i;z001;
0;109;;0,044766821;;44,76682127;HFD;8;GAS;2;i;z001;
0;110;;0,051825231;;51,82523063;HFD;8;GAS;2;i;z001;
0;111;;0,032011655;;32,01165453;HFD;8;GAS;2;i;z001;
0;112;;0,057895918;;57,89591793;HFD;8;GAS;2;i;z001;
0;113;;0,052734002;;52,73400166;HFD;8;GAS;2;i;z001;
0;1;;0,016596757;;16,59675674;HFD;8;GAS;3;d;z;
0;2;;0,016829999;;16,82999937;HFD;8;GAS;3;d;z;
0;3;;0,017113106;;17,11310646;HFD;8;GAS;3;d;z;
0;4;;0,020572743;;20,57274345;HFD;8;GAS;3;d;z;
0;5;;0,019832404;;19,83240432;HFD;8;GAS;3;d;z;
0;6;;0,024721531;;24,72153078;HFD;8;GAS;3;d;z;
0;7;;0,027135394;;27,13539377;HFD;8;GAS;3;d;z;
0;8;;0,027408725;;27,40872481;HFD;8;GAS;3;d;z;
0;9;;0,025860499;;25,86049919;HFD;8;GAS;3;d;z;
0;10;;0,020958444;;20,958444;HFD;8;GAS;3;d;z;
0;11;;0,03188607;;31,88607024;HFD;8;GAS;3;d;z;
0;12;;0,030213083;;30,21308327;HFD;8;GAS;3;d;z;
0;13;;0,022513835;;22,51383498;HFD;8;GAS;3;d;z;
0;14;;0,03367868;;33,67868006;HFD;8;GAS;3;d;z;
0;15;;0,028049999;;28,04999895;HFD;8;GAS;3;d;z;
0;16;;0,026803756;;26,80375596;HFD;8;GAS;3;d;z;
0;17;;0,029985891;;29,98589093;HFD;8;GAS;3;d;z;
0;18;;0,032302574;;32,30257387;HFD;8;GAS;3;d;z;
0;19;;0,035433463;;35,43346342;HFD;8;GAS;3;d;z;
0;20;;0,029122435;;29,12243467;HFD;8;GAS;3;d;z;
0;21;;0,028779163;;28,7791632;HFD;8;GAS;3;d;z;
0;22;;0,03014398;;30,14398043;HFD;8;GAS;3;d;z;
0;23;;0,039472702;;39,47270217;HFD;8;GAS;3;d;z;
0;24;;0,044715243;;44,71524334;HFD;8;GAS;3;d;z;
0;25;;0,031839778;;31,83977817;HFD;8;GAS;3;d;z;
0;26;;0,02552157;;25,52157048;HFD;8;GAS;3;d;z;
0;27;;0,027536256;;27,53625645;HFD;8;GAS;3;d;z;
0;28;;0,035728796;;35,72879561;HFD;8;GAS;3;d;z;
0;29;;0,045704292;;45,70429231;HFD;8;GAS;3;d;z;
0;30;;0,04600198;;46,00198008;HFD;8;GAS;3;d;z;
0;31;;0,03675343;;36,75343016;HFD;8;GAS;3;d;z;
0;32;;0,039254216;;39,2542161;HFD;8;GAS;3;d;z;
0;33;;0,041655904;;41,65590436;HFD;8;GAS;3;d;z;
0;34;;0,047598865;;47,59886502;HFD;8;GAS;3;d;z;
0;35;;0,035567031;;35,56703133;HFD;8;GAS;3;d;z;
0;36;;0,041096756;;41,09675624;HFD;8;GAS;3;d;z;
0;37;;0,032797037;;32,79703665;HFD;8;GAS;3;d;z;
0;38;;0,037883914;;37,88391353;HFD;8;GAS;3;d;z;
0;39;;0,044319;;44,31900015;HFD;8;GAS;3;d;z;
0;40;;0,041039344;;41,03934397;HFD;8;GAS;3;d;z;
0;41;;0,0454372;;45,43719962;HFD;8;GAS;3;d;z;
0;42;;0,049929004;;49,92900358;HFD;8;GAS;3;d;z;
0;43;;0,047969334;;47,96933362;HFD;8;GAS;3;d;z;
0;44;;0,054668314;;54,66831432;HFD;8;GAS;3;d;z;
0;45;;0,052125295;;52,12529517;HFD;8;GAS;3;d;z;
0;46;;0,05785494;;57,85494009;HFD;8;GAS;3;d;z;
0;47;;0,040086434;;40,0864338;HFD;8;GAS;3;d;z;
0;48;;0,041932502;;41,93250229;HFD;8;GAS;3;d;z;
0;49;;0,042143657;;42,14365652;HFD;8;GAS;3;d;z;
0;50;;0,04991058;;49,91058003;HFD;8;GAS;3;d;z;
0;51;;0,043617195;;43,61719504;HFD;8;GAS;3;d;z;
0;52;;0,048288433;;48,28843335;HFD;8;GAS;3;d;z;
0;53;;0,059465994;;59,46599413;HFD;8;GAS;3;d;z;
0;54;;0,045441001;;45,44100057;HFD;8;GAS;3;d;z;
0;55;;0,044497186;;44,49718615;HFD;8;GAS;3;d;z;
0;56;;0,060026985;;60,02698501;HFD;8;GAS;3;d;z;
0;57;;0,055579638;;55,57963848;HFD;8;GAS;3;d;z;
0;58;;0,044879999;;44,87999917;HFD;8;GAS;3;d;z;
0;59;;0,05357101;;53,57100951;HFD;8;GAS;3;d;z;
0;60;;0,057797637;;57,79763683;HFD;8;GAS;3;d;z;
0;61;;0,05694017;;56,94016957;HFD;8;GAS;3;d;z;
0;62;;0,050177383;;50,17738305;HFD;8;GAS;3;d;z;
0;63;;0,053311947;;53,31194701;HFD;8;GAS;3;d;z;
0;64;;0,067125997;;67,12599716;HFD;8;GAS;3;d;z;
0;65;;0,044476336;;44,47633642;HFD;8;GAS;3;d;z;
0;66;;0,05275937;;52,75937043;HFD;8;GAS;3;d;z;
0;67;;0,063521371;;63,5213709;HFD;8;GAS;3;d;z;
0;68;;0,052172996;;52,17299622;HFD;8;GAS;3;d;z;
0;69;;0,062904273;;62,90427343;HFD;8;GAS;3;d;z;
0;70;;0,065549341;;65,54934148;HFD;8;GAS;3;d;z;
0;71;;0,057645693;;57,64569321;HFD;8;GAS;3;d;z;
0;72;;0,068499521;;68,49952082;HFD;8;GAS;3;d;z;
0;73;;0,052042074;;52,04207356;HFD;8;GAS;3;d;z;
0;74;;0,050489994;;50,48999446;HFD;8;GAS;3;d;z;
0;75;;0,076150707;;76,15070711;HFD;8;GAS;3;d;z;
0;76;;0,067374242;;67,37424216;HFD;8;GAS;3;d;z;
0;77;;0,067815976;;67,81597597;HFD;8;GAS;3;d;z;
0;78;;0,072930008;;72,93000817;HFD;8;GAS;3;d;z;
0;79;;0,061555171;;61,55517093;HFD;8;GAS;3;d;z;
0;1;;0,020336289;;20,33628942;HFD;8;GAS;3;i;z;
0;2;;0,018597495;;18,59749498;HFD;8;GAS;3;i;z;
0;3;;0,024586936;;24,58693579;HFD;8;GAS;3;i;z;
0;4;;0,02776809;;27,76808997;HFD;8;GAS;3;i;z;
0;5;;0,023007858;;23,00785759;HFD;8;GAS;3;i;z;
0;6;;0,025979541;;25,97954143;HFD;8;GAS;3;i;z;
0;7;;0,027119973;;27,11997338;HFD;8;GAS;3;i;z;
0;8;;0,028049981;;28,04998076;HFD;8;GAS;3;i;z;
0;9;;0,028049981;;28,04998076;HFD;8;GAS;3;i;z;
0;10;;0,027489004;;27,48900442;HFD;8;GAS;3;i;z;
0;11;;0,029751559;;29,75155915;HFD;8;GAS;3;i;z;
0;12;;0,031686636;;31,68663647;HFD;8;GAS;3;i;z;
0;13;;0,034745692;;34,74569202;HFD;8;GAS;3;i;z;
0;14;;0,036379878;;36,37987752;HFD;8;GAS;3;i;z;
0;15;;0,033064376;;33,06437561;HFD;8;GAS;3;i;z;
0;16;;0,035647299;;35,64729906;HFD;8;GAS;3;i;z;
0;17;;0,037633925;;37,63392544;HFD;8;GAS;3;i;z;
0;18;;0,033099001;;33,09900058;HFD;8;GAS;3;i;z;
0;19;;0,030343674;;30,34367366;HFD;8;GAS;3;i;z;
0;20;;0,03814802;;38,14802039;HFD;8;GAS;3;i;z;
0;21;;0,028089814;;28,08981402;HFD;8;GAS;3;i;z;
0;22;;0,039078432;;39,07843174;HFD;8;GAS;3;i;z;
0;23;;0,036547506;;36,54750567;HFD;8;GAS;3;i;z;
0;24;;0,034090563;;34,09056277;HFD;8;GAS;3;i;z;
0;25;;0,037391997;;37,3919967;HFD;8;GAS;3;i;z;
0;26;;0,033398648;;33,39864802;HFD;8;GAS;3;i;z;
0;27;;0,030353975;;30,35397532;HFD;8;GAS;3;i;z;
0;28;;0,031977004;;31,97700426;HFD;8;GAS;3;i;z;
0;29;;0,03951407;;39,51406956;HFD;8;GAS;3;i;z;
0;30;;0,035016693;;35,01669295;HFD;8;GAS;3;i;z;
0;31;;0,042043635;;42,04363491;HFD;8;GAS;3;i;z;
0;32;;0,041034701;;41,03470102;HFD;8;GAS;3;i;z;
0;33;;0,03646499;;36,46498953;HFD;8;GAS;3;i;z;
0;34;;0,035678762;;35,67876218;HFD;8;GAS;3;i;z;
0;35;;0,041248474;;41,2484741;HFD;8;GAS;3;i;z;
0;36;;0,039505001;;39,50500098;HFD;8;GAS;3;i;z;
0;37;;0,040952989;;40,95298937;HFD;8;GAS;3;i;z;
0;38;;0,044863795;;44,86379481;HFD;8;GAS;3;i;z;
0;39;;0,040971377;;40,97137734;HFD;8;GAS;3;i;z;
0;40;;0,046666186;;46,66618616;HFD;8;GAS;3;i;z;
0;41;;0,035903995;;35,90399501;HFD;8;GAS;3;i;z;
0;42;;0,040983138;;40,98313797;HFD;8;GAS;3;i;z;
0;43;;0,039825713;;39,82571298;HFD;8;GAS;3;i;z;
0;44;;0,03814802;;38,14802039;HFD;8;GAS;3;i;z;
0;45;;0,046002038;;46,00203829;HFD;8;GAS;3;i;z;
0;46;;0,043586085;;43,5860845;HFD;8;GAS;3;i;z;
0;47;;0,036465004;;36,46500409;HFD;8;GAS;3;i;z;
0;48;;0,045649619;;45,64961944;HFD;8;GAS;3;i;z;
0;49;;0,045272643;;45,27264271;HFD;8;GAS;3;i;z;
0;50;;0,047263125;;47,2631255;HFD;8;GAS;3;i;z;
0;51;;0,040391998;;40,39199848;HFD;8;GAS;3;i;z;
0;52;;0,043200469;;43,20046882;HFD;8;GAS;3;i;z;
0;53;;0,045366653;;45,36665262;HFD;8;GAS;3;i;z;
0;54;;0,044216864;;44,21686449;HFD;8;GAS;3;i;z;
0;55;;0,042445506;;42,44550616;HFD;8;GAS;3;i;z;
0;56;;0,046290978;;46,29097818;HFD;8;GAS;3;i;z;
0;57;;0,044694818;;44,6948177;HFD;8;GAS;3;i;z;
0;58;;0,044936464;;44,93646432;HFD;8;GAS;3;i;z;
0;59;;0,043329472;;43,32947237;HFD;8;GAS;3;i;z;
0;60;;0,043882785;;43,88278508;HFD;8;GAS;3;i;z;
0;61;;0,042916252;;42,91625174;HFD;8;GAS;3;i;z;
0;62;;0,04647712;;46,47711988;HFD;8;GAS;3;i;z;
0;63;;0,044614329;;44,61432949;HFD;8;GAS;3;i;z;
0;64;;0,038708982;;38,70898217;HFD;8;GAS;3;i;z;
0;65;;0,041884209;;41,8842092;HFD;8;GAS;3;i;z;
0;66;;0,046314848;;46,31484784;HFD;8;GAS;3;i;z;
0;67;;0,043661858;;43,66185792;HFD;8;GAS;3;i;z;
0;68;;0,047353983;;47,35398277;HFD;8;GAS;3;i;z;
0;69;;0,050138413;;50,13841275;HFD;8;GAS;3;i;z;
0;70;;0,046002002;;46,00200191;HFD;8;GAS;3;i;z;
0;71;;0,046789989;;46,78998924;HFD;8;GAS;3;i;z;
0;72;;0,04184196;;41,84196045;HFD;8;GAS;3;i;z;
0;73;;0,036521172;;36,52117151;HFD;8;GAS;3;i;z;
0;74;;0,044519256;;44,51925571;HFD;8;GAS;3;i;z;
0;75;;0,04981768;;49,81767993;HFD;8;GAS;3;i;z;
0;76;;0,046210484;;46,21048354;HFD;8;GAS;3;i;z;
0;77;;0,043874118;;43,87411796;HFD;8;GAS;3;i;z;
0;78;;0,041948371;;41,94837064;HFD;8;GAS;3;i;z;
0;79;;0,048455187;;48,45518691;HFD;8;GAS;3;i;z;
0;80;;0,048245973;;48,24597272;HFD;8;GAS;3;i;z;
0;81;;0,051051;;51,0509999;HFD;8;GAS;3;i;z;
0;82;;0,048807007;;48,80700726;HFD;8;GAS;3;i;z;
0;83;;0,05046037;;50,46037015;HFD;8;GAS;3;i;z;
0;84;;0,0448465;;44,84650045;HFD;8;GAS;3;i;z;
0;85;;0,047684996;;47,68499639;HFD;8;GAS;3;i;z;
0;86;;0,043197011;;43,19701111;HFD;8;GAS;3;i;z;
0;87;;0,048306067;;48,3060672;HFD;8;GAS;3;i;z;
0;88;;0,050659299;;50,65929857;HFD;8;GAS;3;i;z;
0;89;;0,051180966;;51,18096612;HFD;8;GAS;3;i;z;
0;90;;0,046002009;;46,00200919;HFD;8;GAS;3;i;z;
0;91;;0,037939582;;37,93958195;HFD;8;GAS;3;i;z;
0;92;;0,043237113;;43,23711293;HFD;8;GAS;3;i;z;
0;93;;0,050177383;;50,17738305;HFD;8;GAS;3;i;z;
0;94;;0,046303335;;46,30333506;HFD;8;GAS;3;i;z;
0;95;;0,055315773;;55,31577331;HFD;8;GAS;3;i;z;
0;96;;0,048600166;;48,60016597;HFD;8;GAS;3;i;z;
0;97;;0,048246002;;48,24600182;HFD;8;GAS;3;i;z;
0;98;;0,057222001;;57,22200149;HFD;8;GAS;3;i;z;
0;99;;0,058343983;;58,34398326;HFD;8;GAS;3;i;z;
0;100;;0,044429376;;44,42937595;HFD;8;GAS;3;i;z;
0;101;;0,054909927;;54,90992749;HFD;8;GAS;3;i;z;
0;1;;0,030083789;;30,08378866;HFD;8;GAS;3;i;z001;
0;2;;0,033590761;;33,59076066;HFD;8;GAS;3;i;z001;
0;3;;0,034782017;;34,78201688;HFD;8;GAS;3;i;z001;
0;4;;0,027116043;;27,11604295;HFD;8;GAS;3;i;z001;
0;5;;0,027803983;;27,80398326;HFD;8;GAS;3;i;z001;
0;6;;0,035321578;;35,3215775;HFD;8;GAS;3;i;z001;
0;7;;0,031247955;;31,24795501;HFD;8;GAS;3;i;z001;
0;8;;0,034169828;;34,16982834;HFD;8;GAS;3;i;z001;
0;9;;0,035342993;;35,34299321;HFD;8;GAS;3;i;z001;
0;10;;0,039115472;;39,11547234;HFD;8;GAS;3;i;z001;
0;11;;0,030289482;;30,2894821;HFD;8;GAS;3;i;z001;
0;12;;0,038747065;;38,74706457;HFD;8;GAS;3;i;z001;
0;13;;0,034585843;;34,58584293;HFD;8;GAS;3;i;z001;
0;14;;0,03619043;;36,19043016;HFD;8;GAS;3;i;z001;
0;15;;0,03412014;;34,12013981;HFD;8;GAS;3;i;z001;
0;16;;0,035018662;;35,01866231;HFD;8;GAS;3;i;z001;
0;17;;0,034778949;;34,77894945;HFD;8;GAS;3;i;z001;
0;18;;0,035678765;;35,67876471;HFD;8;GAS;3;i;z001;
0;19;;0,039551445;;39,55144467;HFD;8;GAS;3;i;z001;
0;20;;0,040574672;;40,57467181;HFD;8;GAS;3;i;z001;
0;21;;0,03422617;;34,22616959;HFD;8;GAS;3;i;z001;
0;22;;0,044563772;;44,56377168;HFD;8;GAS;3;i;z001;
0;23;;0,04498621;;44,98620978;HFD;8;GAS;3;i;z001;
0;24;;0,040819738;;40,8197383;HFD;8;GAS;3;i;z001;
0;25;;0,041052344;;41,05234384;HFD;8;GAS;3;i;z001;
0;26;;0,034145921;;34,14592136;HFD;8;GAS;3;i;z001;
0;27;;0,040882837;;40,88283654;HFD;8;GAS;3;i;z001;
0;28;;0,042603029;;42,60302874;HFD;8;GAS;3;i;z001;
0;29;;0,040356888;;40,35688835;HFD;8;GAS;3;i;z001;
0;30;;0,034182011;;34,18201148;HFD;8;GAS;3;i;z001;
0;31;;0,034032817;;34,03281671;HFD;8;GAS;3;i;z001;
0;32;;0,03702598;;37,02598042;HFD;8;GAS;3;i;z001;
0;33;;0,035753328;;35,7533276;HFD;8;GAS;3;i;z001;
0;34;;0,040293419;;40,29341941;HFD;8;GAS;3;i;z001;
0;35;;0,044671902;;44,67190157;HFD;8;GAS;3;i;z001;
0;36;;0,044175737;;44,17573676;HFD;8;GAS;3;i;z001;
0;37;;0,039588579;;39,5885791;HFD;8;GAS;3;i;z001;
0;38;;0,044569242;;44,56924241;HFD;8;GAS;3;i;z001;
0;39;;0,047627258;;47,62725783;HFD;8;GAS;3;i;z001;
0;40;;0,046307955;;46,30795483;HFD;8;GAS;3;i;z001;
0;41;;0,04516799;;45,16799009;HFD;8;GAS;3;i;z001;
0;42;;0,044049495;;44,04949529;HFD;8;GAS;3;i;z001;
0;43;;0,054416328;;54,41632825;HFD;8;GAS;3;i;z001;
0;44;;0,051568254;;51,56825441;HFD;8;GAS;3;i;z001;
0;45;;0,050925406;;50,92540614;HFD;8;GAS;3;i;z001;
0;46;;0,047123998;;47,12399823;HFD;8;GAS;3;i;z001;
0;47;;0,05068353;;50,68353021;HFD;8;GAS;3;i;z001;
0;48;;0,051143791;;51,14379108;HFD;8;GAS;3;i;z001;
0;49;;0,049368013;;49,3680127;HFD;8;GAS;3;i;z001;
0;50;;0,053828937;;53,82893664;HFD;8;GAS;3;i;z001;
0;51;;0,050622629;;50,62262937;HFD;8;GAS;3;i;z001;
0;52;;0,048206411;;48,20641075;HFD;8;GAS;3;i;z001;
0;53;;0,046303338;;46,30333755;HFD;8;GAS;3;i;z001;
0;54;;0,044318993;;44,31899288;HFD;8;GAS;3;i;z001;
0;55;;0,051094296;;51,09429589;HFD;8;GAS;3;i;z001;
0;56;;0,041590498;;41,5904984;HFD;8;GAS;3;i;z001;
0;57;;0,053663873;;53,66387291;HFD;8;GAS;3;i;z001;
0;58;;0,054308887;;54,30888718;HFD;8;GAS;3;i;z001;
0;59;;0,052125575;;52,12557543;HFD;8;GAS;3;i;z001;
0;60;;0,043809102;;43,80910181;HFD;8;GAS;3;i;z001;
0;61;;0,04233232;;42,33232008;HFD;8;GAS;3;i;z001;
0;62;;0,040726513;;40,7265128;HFD;8;GAS;3;i;z001;
0;63;;0,049297205;;49,29720501;HFD;8;GAS;3;i;z001;
0;64;;0,048805545;;48,80554498;HFD;8;GAS;3;i;z001;
0;65;;0,060237303;;60,23730304;HFD;8;GAS;3;i;z001;
0;66;;0,045658011;;45,65801122;HFD;8;GAS;3;i;z001;
0;67;;0,052885432;;52,88543166;HFD;8;GAS;3;i;z001;
0;68;;0,054655084;;54,65508445;HFD;8;GAS;3;i;z001;
0;69;;0,058987574;;58,9875739;HFD;8;GAS;3;i;z001;
0;70;;0,059096429;;59,09642894;HFD;8;GAS;3;i;z001;
0;71;;0,048775394;;48,77539358;HFD;8;GAS;3;i;z001;
0;72;;0,058904989;;58,90498869;HFD;8;GAS;3;i;z001;
0;73;;0,04728792;;47,28791968;HFD;8;GAS;3;i;z001;
0;74;;0,053583386;;53,58338559;HFD;8;GAS;3;i;z001;
0;75;;0,064363683;;64,36368349;HFD;8;GAS;3;i;z001;
0;76;;0,050243303;;50,24330286;HFD;8;GAS;3;i;z001;
0;77;;0,044879969;;44,87996921;HFD;8;GAS;3;i;z001;
0;78;;0,045683551;;45,68355099;HFD;8;GAS;3;i;z001;
0;79;;0,049227912;;49,227912;HFD;8;GAS;3;i;z001;
0;1;;0,016056756;;16,05675633;HFD;8;GAS;3;i;z002;
0;2;;0,019569186;;19,56918642;HFD;8;GAS;3;i;z002;
0;3;;0,016307672;;16,30767162;HFD;8;GAS;3;i;z002;
0;4;;0,012715424;;12,71542366;HFD;8;GAS;3;i;z002;
0;5;;0,019742798;;19,74279774;HFD;8;GAS;3;i;z002;
0;6;;0,021325385;;21,32538519;HFD;8;GAS;3;i;z002;
0;7;;0,020190501;;20,19050075;HFD;8;GAS;3;i;z002;
0;8;;0,019793457;;19,79345744;HFD;8;GAS;3;i;z002;
0;9;;0,022669429;;22,66942913;HFD;8;GAS;3;i;z002;
0;10;;0,015693315;;15,69331469;HFD;8;GAS;3;i;z002;
0;11;;0,019958743;;19,95874287;HFD;8;GAS;3;i;z002;
0;12;;0,023061133;;23,06113301;HFD;8;GAS;3;i;z002;
0;13;;0,02199114;;21,99114035;HFD;8;GAS;3;i;z002;
0;14;;0,028049981;;28,04998076;HFD;8;GAS;3;i;z002;
0;15;;0,024332973;;24,33297325;HFD;8;GAS;3;i;z002;
0;16;;0,030288481;;30,28848117;HFD;8;GAS;3;i;z002;
0;17;;0,02419792;;24,19791954;HFD;8;GAS;3;i;z002;
0;18;;0,021933033;;21,9330332;HFD;8;GAS;3;i;z002;
0;19;;0,029420073;;29,42007336;HFD;8;GAS;3;i;z002;
0;20;;0,028383904;;28,38390444;HFD;8;GAS;3;i;z002;
0;21;;0,021000313;;21,00031261;HFD;8;GAS;3;i;z002;
0;22;;0,031862636;;31,86263642;HFD;8;GAS;3;i;z002;
0;23;;0,029982385;;29,98238455;HFD;8;GAS;3;i;z002;
0;24;;0,027066876;;27,06687642;HFD;8;GAS;3;i;z002;
0;25;;0,026640358;;26,64035809;HFD;8;GAS;3;i;z002;
0;26;;0,025309345;;25,30934489;HFD;8;GAS;3;i;z002;
0;27;;0,024123001;;24,12300091;HFD;8;GAS;3;i;z002;
0;28;;0,030442319;;30,44231869;HFD;8;GAS;3;i;z002;
0;29;;0,035342993;;35,34299321;HFD;8;GAS;3;i;z002;
0;30;;0,02603358;;26,03358034;HFD;8;GAS;3;i;z002;
0;31;;0,033660006;;33,66000601;HFD;8;GAS;3;i;z002;
0;32;;0,035353444;;35,35344421;HFD;8;GAS;3;i;z002;
0;33;;0,037655373;;37,65537296;HFD;8;GAS;3;i;z002;
0;34;;0,039199475;;39,19947479;HFD;8;GAS;3;i;z002;
0;35;;0,027028508;;27,02850808;HFD;8;GAS;3;i;z002;
0;36;;0,027825034;;27,82503445;HFD;8;GAS;3;i;z002;
0;37;;0,030175964;;30,17596429;HFD;8;GAS;3;i;z002;
0;38;;0,03523086;;35,23085963;HFD;8;GAS;3;i;z002;
0;39;;0,032573181;;32,57318111;HFD;8;GAS;3;i;z002;
0;40;;0,028910185;;28,91018478;HFD;8;GAS;3;i;z002;
0;41;;0,034835398;;34,8353985;HFD;8;GAS;3;i;z002;
0;42;;0,032607621;;32,6076205;HFD;8;GAS;3;i;z002;
0;43;;0,040857524;;40,85752441;HFD;8;GAS;3;i;z002;
0;44;;0,035572438;;35,57243774;HFD;8;GAS;3;i;z002;
0;45;;0,034163521;;34,16352068;HFD;8;GAS;3;i;z002;
0;46;;0,032493645;;32,49364493;HFD;8;GAS;3;i;z002;
0;47;;0,031966464;;31,96646404;HFD;8;GAS;3;i;z002;
0;48;;0,040360668;;40,36066761;HFD;8;GAS;3;i;z002;
0;49;;0,036775438;;36,77543849;HFD;8;GAS;3;i;z002;
0;50;;0,037295155;;37,29515513;HFD;8;GAS;3;i;z002;
0;51;;0,029345087;;29,34508714;HFD;8;GAS;3;i;z002;
0;52;;0,040392002;;40,39200212;HFD;8;GAS;3;i;z002;
0;53;;0,025994232;;25,99423223;HFD;8;GAS;3;i;z002;
0;54;;0,036127715;;36,12771476;HFD;8;GAS;3;i;z002;
0;55;;0,043462629;;43,46262949;HFD;8;GAS;3;i;z002;
0;56;;0,03296558;;32,96558019;HFD;8;GAS;3;i;z002;
0;57;;0,038032468;;38,03246799;HFD;8;GAS;3;i;z002;
0;58;;0,044823542;;44,82354197;HFD;8;GAS;3;i;z002;
0;59;;0,041357284;;41,35728385;HFD;8;GAS;3;i;z002;
0;60;;0,051051;;51,0509999;HFD;8;GAS;3;i;z002;
0;61;;0,03178554;;31,78554045;HFD;8;GAS;3;i;z002;
0;62;;0,038721957;;38,7219572;HFD;8;GAS;3;i;z002;
0;63;;0,032818725;;32,81872547;HFD;8;GAS;3;i;z002;
0;64;;0,038147843;;38,14784326;HFD;8;GAS;3;i;z002;
0;65;;0,043495615;;43,4956148;HFD;8;GAS;3;i;z002;
0;66;;0,035366255;;35,36625516;HFD;8;GAS;3;i;z002;
0;67;;0,04648121;;46,48121008;HFD;8;GAS;3;i;z002;
0;68;;0,033234977;;33,23497678;HFD;8;GAS;3;i;z002;
0;69;;0,036788525;;36,78852534;HFD;8;GAS;3;i;z002;
0;70;;0,050286069;;50,28606889;HFD;8;GAS;3;i;z002;
0;71;;0,037436511;;37,43651077;HFD;8;GAS;3;i;z002;
0;72;;0,048175187;;48,1751874;HFD;8;GAS;3;i;z002;
0;73;;0,034652712;;34,65271238;HFD;8;GAS;3;i;z002;
0;74;;0,036008039;;36,00803929;HFD;8;GAS;3;i;z002;
0;75;;0,034954964;;34,95496406;HFD;8;GAS;3;i;z002;
0;76;;0,042075015;;42,07501479;HFD;8;GAS;3;i;z002;
0;77;;0,037409161;;37,40916116;HFD;8;GAS;3;i;z002;
0;78;;0,04008543;;40,08543016;HFD;8;GAS;3;i;z002;
0;79;;0,045945981;;45,94598094;HFD;8;GAS;3;i;z002;
0;80;;0,042784834;;42,78483367;HFD;8;GAS;3;i;z002;
0;81;;0,036619337;;36,61933736;HFD;8;GAS;3;i;z002;
0;82;;0,053055211;;53,05521111;HFD;8;GAS;3;i;z002;
0;83;;0,043079276;;43,07927596;HFD;8;GAS;3;i;z002;
0;84;;0,046137421;;46,13742106;HFD;8;GAS;3;i;z002;
0;85;;0,042399454;;42,39945358;HFD;8;GAS;3;i;z002;
0;86;;0,044319004;;44,31900379;HFD;8;GAS;3;i;z002;
0;87;;0,044933573;;44,93357291;HFD;8;GAS;3;i;z002;
0;88;;0,039389262;;39,3892621;HFD;8;GAS;3;i;z002;
0;89;;0,055809022;;55,80902155;HFD;8;GAS;3;i;z002;
0;90;;0,039234344;;39,23434413;HFD;8;GAS;3;i;z002;
0;91;;0,035024295;;35,02429489;HFD;8;GAS;3;i;z002;
0;92;;0,048914846;;48,91484586;HFD;8;GAS;3;i;z002;
0;93;;0,049196093;;49,19609326;HFD;8;GAS;3;i;z002;
0;94;;0,049087487;;49,08748708;HFD;8;GAS;3;i;z002;
0;95;;0,038667911;;38,66791124;HFD;8;GAS;3;i;z002;
0;96;;0,03221826;;32,21825988;HFD;8;GAS;3;i;z002;
0;97;;0,044661603;;44,66160328;HFD;8;GAS;3;i;z002;
0;98;;0,035942305;;35,9423051;HFD;8;GAS;3;i;z002;
0;99;;0,047300398;;47,30039822;HFD;8;GAS;3;i;z002;
0;100;;0,040241439;;40,24143885;HFD;8;GAS;3;i;z002;
0;101;;0,048775343;;48,77534305;HFD;8;GAS;3;i;z002;
0;102;;0,052922051;;52,92205065;HFD;8;GAS;3;i;z002;
0;103;;0,03435763;;34,3576296;HFD;8;GAS;3;i;z002;
0;104;;0,058825666;;58,82566556;HFD;8;GAS;3;i;z002;
0;1;;0,014118125;;14,11812548;HFD;8;GAS;3;i;z003;
0;2;;0,019634997;;19,63499744;HFD;8;GAS;3;i;z003;
0;3;;0,019031238;;19,03123755;HFD;8;GAS;3;i;z003;
0;4;;0,020195999;;20,19599924;HFD;8;GAS;3;i;z003;
0;5;;0,022725799;;22,72579926;HFD;8;GAS;3;i;z003;
0;6;;0,022439999;;22,43999916;HFD;8;GAS;3;i;z003;
0;7;;0,027848444;;27,84844408;HFD;8;GAS;3;i;z003;
0;8;;0,020272502;;20,2725021;HFD;8;GAS;3;i;z003;
0;9;;0,021329305;;21,32930462;HFD;8;GAS;3;i;z003;
0;10;;0,02756184;;27,5618398;HFD;8;GAS;3;i;z003;
0;11;;0,023620271;;23,6202706;HFD;8;GAS;3;i;z003;
0;12;;0,021424872;;21,42487195;HFD;8;GAS;3;i;z003;
0;13;;0,027489004;;27,48900442;HFD;8;GAS;3;i;z003;
0;14;;0,024270373;;24,27037312;HFD;8;GAS;3;i;z003;
0;15;;0,02580601;;25,80600994;HFD;8;GAS;3;i;z003;
0;16;;0,027034016;;27,03401616;HFD;8;GAS;3;i;z003;
0;17;;0,023404532;;23,40453162;HFD;8;GAS;3;i;z003;
0;18;;0,028077654;;28,07765431;HFD;8;GAS;3;i;z003;
0;19;;0,029905291;;29,90529054;HFD;8;GAS;3;i;z003;
0;20;;0,026366994;;26,36699355;HFD;8;GAS;3;i;z003;
0;21;;0,02561778;;25,61778001;HFD;8;GAS;3;i;z003;
0;22;;0,028611001;;28,61100074;HFD;8;GAS;3;i;z003;
0;23;;0,03010809;;30,10808983;HFD;8;GAS;3;i;z003;
0;24;;0,028810931;;28,81093103;HFD;8;GAS;3;i;z003;
0;25;;0,026186113;;26,18611312;HFD;8;GAS;3;i;z003;
0;26;;0,030171901;;30,17190112;HFD;8;GAS;3;i;z003;
0;27;;0,030127626;;30,12762553;HFD;8;GAS;3;i;z003;
0;28;;0,024684006;;24,68400635;HFD;8;GAS;3;i;z003;
0;29;;0,031694118;;31,69411775;HFD;8;GAS;3;i;z003;
0;30;;0,031977004;;31,97700426;HFD;8;GAS;3;i;z003;
0;31;;0,025925057;;25,92505694;HFD;8;GAS;3;i;z003;
0;32;;0,025038219;;25,03821904;HFD;8;GAS;3;i;z003;
0;33;;0,026367004;;26,36700447;HFD;8;GAS;3;i;z003;
0;34;;0,033099001;;33,09900058;HFD;8;GAS;3;i;z003;
0;35;;0,026927999;;26,92799899;HFD;8;GAS;3;i;z003;
0;36;;0,030302023;;30,30202325;HFD;8;GAS;3;i;z003;
0;37;;0,036222388;;36,22238754;HFD;8;GAS;3;i;z003;
0;38;;0,032325708;;32,32570786;HFD;8;GAS;3;i;z003;
0;39;;0,033641813;;33,64181325;HFD;8;GAS;3;i;z003;
0;40;;0,039152864;;39,15286384;HFD;8;GAS;3;i;z003;
0;41;;0,024823095;;24,82309512;HFD;8;GAS;3;i;z003;
0;42;;0,03702601;;37,02600952;HFD;8;GAS;3;i;z003;
0;43;;0,033099001;;33,09900058;HFD;8;GAS;3;i;z003;
0;44;;0,024684003;;24,68400271;HFD;8;GAS;3;i;z003;
0;45;;0,0320052;;32,00519999;HFD;8;GAS;3;i;z003;
0;46;;0,02645416;;26,45415987;HFD;8;GAS;3;i;z003;
0;47;;0,035415201;;35,41520144;HFD;8;GAS;3;i;z003;
0;48;;0,037264335;;37,26433466;HFD;8;GAS;3;i;z003;
0;49;;0,039270002;;39,27000216;HFD;8;GAS;3;i;z003;
0;50;;0,033099001;;33,09900058;HFD;8;GAS;3;i;z003;
0;51;;0,029899677;;29,8996769;HFD;8;GAS;3;i;z003;
0;52;;0,034383021;;34,38302101;HFD;8;GAS;3;i;z003;
0;53;;0,035285641;;35,28564065;HFD;8;GAS;3;i;z003;
0;54;;0,02506604;;25,06603958;HFD;8;GAS;3;i;z003;
0;55;;0,041187032;;41,18703207;HFD;8;GAS;3;i;z003;
0;56;;0,036235085;;36,23508461;HFD;8;GAS;3;i;z003;
0;57;;0,034875837;;34,87583685;HFD;8;GAS;3;i;z003;
0;58;;0,045521462;;45,5214617;HFD;8;GAS;3;i;z003;
0;59;;0,043634518;;43,6345181;HFD;8;GAS;3;i;z003;
0;60;;0,038147999;;38,14799857;HFD;8;GAS;3;i;z003;
0;61;;0,044043012;;44,04301172;HFD;8;GAS;3;i;z003;
0;62;;0,03891527;;38,91527016;HFD;8;GAS;3;i;z003;
0;63;;0,041404604;;41,40460351;HFD;8;GAS;3;i;z003;
0;64;;0,04539319;;45,39318951;HFD;8;GAS;3;i;z003;
0;65;;0,039769672;;39,7696718;HFD;8;GAS;3;i;z003;
0;66;;0,033788694;;33,78869417;HFD;8;GAS;3;i;z003;
0;67;;0,045990783;;45,99078324;HFD;8;GAS;3;i;z003;
0;68;;0,044134536;;44,13453552;HFD;8;GAS;3;i;z003;
0;69;;0,033633085;;33,63308489;HFD;8;GAS;3;i;z003;
0;70;;0,053369662;;53,36966176;HFD;8;GAS;3;i;z003;
0;71;;0,039781503;;39,78150258;HFD;8;GAS;3;i;z003;
0;72;;0,043700395;;43,70039477;HFD;8;GAS;3;i;z003;
0;73;;0,038853063;;38,85306334;HFD;8;GAS;3;i;z003;
0;74;;0,050611627;;50,61162671;HFD;8;GAS;3;i;z003;
0;1;;0,021576281;;21,57628096;HFD;8;GAS;4;d;z;
0;2;;0,022317462;;22,31746229;HFD;8;GAS;4;d;z;
0;3;;0,024589966;;24,58996645;HFD;8;GAS;4;d;z;
0;4;;0,025688131;;25,68813149;HFD;8;GAS;4;d;z;
0;5;;0,020380781;;20,38078108;HFD;8;GAS;4;d;z;
0;6;;0,024938881;;24,93888076;HFD;8;GAS;4;d;z;
0;7;;0,028868998;;28,86899811;HFD;8;GAS;4;d;z;
0;8;;0,027502803;;27,50280278;HFD;8;GAS;4;d;z;
0;9;;0,028099329;;28,09932927;HFD;8;GAS;4;d;z;
0;10;;0,025830152;;25,83015207;HFD;8;GAS;4;d;z;
0;11;;0,029354848;;29,35484782;HFD;8;GAS;4;d;z;
0;12;;0,027070027;;27,07002663;HFD;8;GAS;4;d;z;
0;13;;0,0231502;;23,15019957;HFD;8;GAS;4;d;z;
0;14;;0,03360935;;33,60934956;HFD;8;GAS;4;d;z;
0;15;;0,035342993;;35,34299321;HFD;8;GAS;4;d;z;
0;16;;0,030466157;;30,46615688;HFD;8;GAS;4;d;z;
0;17;;0,030438046;;30,43804649;HFD;8;GAS;4;d;z;
0;18;;0,029723773;;29,72377348;HFD;8;GAS;4;d;z;
0;19;;0,03191886;;31,9188596;HFD;8;GAS;4;d;z;
0;20;;0,026927999;;26,92799899;HFD;8;GAS;4;d;z;
0;21;;0,033628039;;33,62803871;HFD;8;GAS;4;d;z;
0;22;;0,032134869;;32,13486916;HFD;8;GAS;4;d;z;
0;23;;0,031894537;;31,89453733;HFD;8;GAS;4;d;z;
0;24;;0,029796929;;29,79692915;HFD;8;GAS;4;d;z;
0;25;;0,035876825;;35,8768255;HFD;8;GAS;4;d;z;
0;26;;0,040033664;;40,03366364;HFD;8;GAS;4;d;z;
0;27;;0,033099001;;33,09900058;HFD;8;GAS;4;d;z;
0;28;;0,041307377;;41,30737725;HFD;8;GAS;4;d;z;
0;29;;0,037175042;;37,1750419;HFD;8;GAS;4;d;z;
0;30;;0,03913835;;39,13835006;HFD;8;GAS;4;d;z;
0;31;;0,031035303;;31,03530304;HFD;8;GAS;4;d;z;
0;32;;0,034082031;;34,08203104;HFD;8;GAS;4;d;z;
0;33;;0,041099682;;41,09968194;HFD;8;GAS;4;d;z;
0;34;;0,039710307;;39,71030698;HFD;8;GAS;4;d;z;
0;35;;0,042075;;42,07500024;HFD;8;GAS;4;d;z;
0;36;;0,044001119;;44,00111907;HFD;8;GAS;4;d;z;
0;37;;0,033227728;;33,22772837;HFD;8;GAS;4;d;z;
0;38;;0,044452445;;44,45244477;HFD;8;GAS;4;d;z;
0;39;;0,043639037;;43,63903667;HFD;8;GAS;4;d;z;
0;40;;0,042636006;;42,63600567;HFD;8;GAS;4;d;z;
0;41;;0,037824425;;37,82442523;HFD;8;GAS;4;d;z;
0;42;;0,03397067;;33,97066977;HFD;8;GAS;4;d;z;
0;43;;0,046758203;;46,75820294;HFD;8;GAS;4;d;z;
0;44;;0,038709;;38,70900036;HFD;8;GAS;4;d;z;
0;45;;0,045133809;;45,13380857;HFD;8;GAS;4;d;z;
0;46;;0,050411561;;50,41156054;HFD;8;GAS;4;d;z;
0;47;;0,04094128;;40,94128004;HFD;8;GAS;4;d;z;
0;48;;0,037795354;;37,79535444;HFD;8;GAS;4;d;z;
0;49;;0,048504135;;48,50413548;HFD;8;GAS;4;d;z;
0;50;;0,040812015;;40,81201533;HFD;8;GAS;4;d;z;
0;51;;0,053149898;;53,14989847;HFD;8;GAS;4;d;z;
0;52;;0,053294993;;53,29499254;HFD;8;GAS;4;d;z;
0;53;;0,048162558;;48,16255754;HFD;8;GAS;4;d;z;
0;54;;0,050156054;;50,15605432;HFD;8;GAS;4;d;z;
0;55;;0,045128325;;45,12832493;HFD;8;GAS;4;d;z;
0;56;;0,050705891;;50,70589131;HFD;8;GAS;4;d;z;
0;57;;0,051668232;;51,66823244;HFD;8;GAS;4;d;z;
0;58;;0,050975983;;50,97598262;HFD;8;GAS;4;d;z;
0;59;;0,065121308;;65,12130764;HFD;8;GAS;4;d;z;
0;60;;0,05553617;;55,53616965;HFD;8;GAS;4;d;z;
0;61;;0,047243578;;47,24357772;HFD;8;GAS;4;d;z;
0;62;;0,045535023;;45,53502267;HFD;8;GAS;4;d;z;
0;63;;0,054451168;;54,4511677;HFD;8;GAS;4;d;z;
0;64;;0,045873459;;45,87345894;HFD;8;GAS;4;d;z;
0;65;;0,044735798;;44,73579818;HFD;8;GAS;4;d;z;
0;66;;0,043500441;;43,50044119;HFD;8;GAS;4;d;z;
0;67;;0,044816277;;44,81627694;HFD;8;GAS;4;d;z;
0;68;;0,045706403;;45,70640281;HFD;8;GAS;4;d;z;
0;69;;0,048988148;;48,98814845;HFD;8;GAS;4;d;z;
0;70;;0,057367419;;57,36741943;HFD;8;GAS;4;d;z;
0;71;;0,054847769;;54,8477689;HFD;8;GAS;4;d;z;
0;72;;0,059047827;;59,04782678;HFD;8;GAS;4;d;z;
0;73;;0,048049915;;48,04991518;HFD;8;GAS;4;d;z;
0;74;;0,063314375;;63,31437456;HFD;8;GAS;4;d;z;
0;75;;0,051083623;;51,08362252;HFD;8;GAS;4;d;z;
0;76;;0,058756351;;58,75635085;HFD;8;GAS;4;d;z;
0;77;;0,05443963;;54,4396299;HFD;8;GAS;4;d;z;
0;78;;0,054475534;;54,47553388;HFD;8;GAS;4;d;z;
0;79;;0,061541459;;61,54145864;HFD;8;GAS;4;d;z;
0;80;;0,066894738;;66,89473755;HFD;8;GAS;4;d;z;
0;81;;0,062831998;;62,83199764;HFD;8;GAS;4;d;z;
0;82;;0,054531856;;54,53185597;HFD;8;GAS;4;d;z;
0;83;;0,054357501;;54,35750065;HFD;8;GAS;4;d;z;
0;84;;0,056696509;;56,69650894;HFD;8;GAS;4;d;z;
0;85;;0,060969243;;60,96924296;HFD;8;GAS;4;d;z;
0;86;;0,053034531;;53,03453131;HFD;8;GAS;4;d;z;
0;87;;0,057782978;;57,78297782;HFD;8;GAS;4;d;z;
0;88;;0,060863174;;60,86317441;HFD;8;GAS;4;d;z;
0;89;;0,06440207;;64,40207019;HFD;8;GAS;4;d;z;
0;90;;0,058095506;;58,09550614;HFD;8;GAS;4;d;z;
0;91;;0,076279071;;76,27907113;HFD;8;GAS;4;d;z;
0;1;;0,020195992;;20,19599197;HFD;8;GAS;4;d;z001;
0;2;;0,021817796;;21,81779563;HFD;8;GAS;4;d;z001;
0;3;;0,017830937;;17,8309373;HFD;8;GAS;4;d;z001;
0;4;;0,023349023;;23,34902311;HFD;8;GAS;4;d;z001;
0;5;;0,023193593;;23,19359321;HFD;8;GAS;4;d;z001;
0;6;;0,024323728;;24,32372814;HFD;8;GAS;4;d;z001;
0;7;;0,024123001;;24,12300091;HFD;8;GAS;4;d;z001;
0;8;;0,023791437;;23,79143685;HFD;8;GAS;4;d;z001;
0;9;;0,020242896;;20,24289603;HFD;8;GAS;4;d;z001;
0;10;;0,02552768;;25,52768038;HFD;8;GAS;4;d;z001;
0;11;;0,024123005;;24,12300455;HFD;8;GAS;4;d;z001;
0;12;;0,023550053;;23,55005321;HFD;8;GAS;4;d;z001;
0;13;;0,019397238;;19,39723831;HFD;8;GAS;4;d;z001;
0;14;;0,026306992;;26,30699163;HFD;8;GAS;4;d;z001;
0;15;;0,024922231;;24,9222308;HFD;8;GAS;4;d;z001;
0;16;;0,023980908;;23,98090762;HFD;8;GAS;4;d;z001;
0;17;;0,025183869;;25,18386901;HFD;8;GAS;4;d;z001;
0;18;;0,024149229;;24,14922924;HFD;8;GAS;4;d;z001;
0;19;;0,024533704;;24,53370366;HFD;8;GAS;4;d;z001;
0;20;;0,026927999;;26,92799899;HFD;8;GAS;4;d;z001;
0;21;;0,025229207;;25,22920673;HFD;8;GAS;4;d;z001;
0;22;;0,021538752;;21,53875181;HFD;8;GAS;4;d;z001;
0;23;;0,023801239;;23,80123908;HFD;8;GAS;4;d;z001;
0;24;;0,025715661;;25,7156614;HFD;8;GAS;4;d;z001;
0;25;;0,027848447;;27,84844733;HFD;8;GAS;4;d;z001;
0;26;;0,021762429;;21,76242889;HFD;8;GAS;4;d;z001;
0;27;;0,028611001;;28,61100074;HFD;8;GAS;4;d;z001;
0;28;;0,02326719;;23,26718991;HFD;8;GAS;4;d;z001;
0;29;;0,027773451;;27,77345133;HFD;8;GAS;4;d;z001;
0;30;;0,026902134;;26,90213367;HFD;8;GAS;4;d;z001;
0;31;;0,026522328;;26,52232809;HFD;8;GAS;4;d;z001;
0;32;;0,029171992;;29,17199163;HFD;8;GAS;4;d;z001;
0;33;;0,030090796;;30,09079643;HFD;8;GAS;4;d;z001;
0;34;;0,02805001;;28,05000986;HFD;8;GAS;4;d;z001;
0;35;;0,026065546;;26,06554612;HFD;8;GAS;4;d;z001;
0;36;;0,027371414;;27,37141401;HFD;8;GAS;4;d;z001;
0;37;;0,022881753;;22,88175297;HFD;8;GAS;4;d;z001;
0;38;;0,027930771;;27,93077084;HFD;8;GAS;4;d;z001;
0;39;;0,027380961;;27,38096124;HFD;8;GAS;4;d;z001;
0;40;;0,027321967;;27,32196701;HFD;8;GAS;4;d;z001;
0;41;;0,030942299;;30,94229858;HFD;8;GAS;4;d;z001;
0;42;;0,027737116;;27,73711584;HFD;8;GAS;4;d;z001;
0;43;;0,024968575;;24,9685754;HFD;8;GAS;4;d;z001;
0;44;;0,03197699;;31,9769897;HFD;8;GAS;4;d;z001;
0;45;;0,028099337;;28,09933659;HFD;8;GAS;4;d;z001;
0;46;;0,028331446;;28,3314463;HFD;8;GAS;4;d;z001;
0;47;;0,031477199;;31,47719889;HFD;8;GAS;4;d;z001;
0;48;;0,034220982;;34,22098234;HFD;8;GAS;4;d;z001;
0;49;;0,028958157;;28,95815707;HFD;8;GAS;4;d;z001;
0;50;;0,026927999;;26,92799899;HFD;8;GAS;4;d;z001;
0;51;;0,027761887;;27,76188707;HFD;8;GAS;4;d;z001;
0;52;;0,025805988;;25,80598812;HFD;8;GAS;4;d;z001;
0;53;;0,027488975;;27,48897532;HFD;8;GAS;4;d;z001;
0;54;;0,024915725;;24,91572507;HFD;8;GAS;4;d;z001;
0;55;;0,031209221;;31,20922054;HFD;8;GAS;4;d;z001;
0;56;;0,028810933;;28,81093274;HFD;8;GAS;4;d;z001;
0;57;;0,036804643;;36,8046429;HFD;8;GAS;4;d;z001;
0;58;;0,025805999;;25,80599903;HFD;8;GAS;4;d;z001;
0;59;;0,030077391;;30,07739087;HFD;8;GAS;4;d;z001;
0;60;;0,034358971;;34,35897077;HFD;8;GAS;4;d;z001;
0;61;;0,03613617;;36,13617041;HFD;8;GAS;4;d;z001;
0;62;;0,027639986;;27,63998622;HFD;8;GAS;4;d;z001;
0;63;;0,033985257;;33,9852569;HFD;8;GAS;4;d;z001;
0;64;;0,035083412;;35,08341156;HFD;8;GAS;4;d;z001;
0;65;;0,038297669;;38,29766888;HFD;8;GAS;4;d;z001;
0;66;;0,038708997;;38,70899673;HFD;8;GAS;4;d;z001;
0;67;;0,034623178;;34,62317763;HFD;8;GAS;4;d;z001;
0;68;;0,029733026;;29,73302617;HFD;8;GAS;4;d;z001;
0;69;;0,032653271;;32,65327073;HFD;8;GAS;4;d;z001;
0;70;;0,041254218;;41,25421772;HFD;8;GAS;4;d;z001;
0;71;;0,037685269;;37,68526864;HFD;8;GAS;4;d;z001;
0;72;;0,031272993;;31,27299301;HFD;8;GAS;4;d;z001;
0;73;;0,034782017;;34,78201688;HFD;8;GAS;4;d;z001;
0;74;;0,035035745;;35,0357449;HFD;8;GAS;4;d;z001;
0;75;;0,034474671;;34,47467142;HFD;8;GAS;4;d;z001;
0;76;;0,038617343;;38,61734327;HFD;8;GAS;4;d;z001;
0;77;;0,039613567;;39,61356672;HFD;8;GAS;4;d;z001;
0;78;;0,032453918;;32,45391756;HFD;8;GAS;4;d;z001;
0;79;;0,034835577;;34,83557692;HFD;8;GAS;4;d;z001;
0;80;;0,037792591;;37,79259136;HFD;8;GAS;4;d;z001;
0;81;;0,043987086;;43,98708577;HFD;8;GAS;4;d;z001;
0;82;;0,034115096;;34,11509563;HFD;8;GAS;4;d;z001;
0;83;;0,037026039;;37,02603863;HFD;8;GAS;4;d;z001;
0;84;;0,042617972;;42,61797171;HFD;8;GAS;4;d;z001;
0;85;;0,041551196;;41,55119643;HFD;8;GAS;4;d;z001;
0;86;;0,035708868;;35,70886849;HFD;8;GAS;4;d;z001;
0;87;;0,038708997;;38,70899673;HFD;8;GAS;4;d;z001;
0;88;;0,030503321;;30,50332063;HFD;8;GAS;4;d;z001;
0;89;;0,041137621;;41,13762145;HFD;8;GAS;4;d;z001;
0;90;;0,041901571;;41,90157052;HFD;8;GAS;4;d;z001;
0;91;;0,042445509;;42,44550874;HFD;8;GAS;4;d;z001;
0;92;;0,044195655;;44,19565525;HFD;8;GAS;4;d;z001;
0;93;;0,034656942;;34,65694194;HFD;8;GAS;4;d;z001;
0;94;;0,037587008;;37,58700768;HFD;8;GAS;4;d;z001;
0;95;;0,03818632;;38,18631979;HFD;8;GAS;4;d;z001;
0;96;;0,043758017;;43,75801655;HFD;8;GAS;4;d;z001;
0;97;;0,042555729;;42,55572903;HFD;8;GAS;4;d;z001;
0;98;;0,042556713;;42,55671253;HFD;8;GAS;4;d;z001;
0;99;;0,040141904;;40,14190384;HFD;8;GAS;4;d;z001;
0;100;;0,039269988;;39,26998761;HFD;8;GAS;4;d;z001;
0;101;;0,039143323;;39,14332322;HFD;8;GAS;4;d;z001;
0;102;;0,043681405;;43,68140548;HFD;8;GAS;4;d;z001;
0;103;;0,040690909;;40,69090903;HFD;8;GAS;4;d;z001;
0;104;;0,041889593;;41,88959317;HFD;8;GAS;4;d;z001;
0;105;;0,044931162;;44,9311615;HFD;8;GAS;4;d;z001;
0;106;;0,038697112;;38,69711229;HFD;8;GAS;4;d;z001;
0;107;;0,034654672;;34,65467231;HFD;8;GAS;4;d;z001;
0;108;;0,033243155;;33,24315516;HFD;8;GAS;4;d;z001;
0;109;;0,040822831;;40,82283106;HFD;8;GAS;4;d;z001;
0;110;;0,040858782;;40,85878176;HFD;8;GAS;4;d;z001;
0;111;;0,04584137;;45,84136955;HFD;8;GAS;4;d;z001;
0;112;;0,047458441;;47,45844142;HFD;8;GAS;4;d;z001;
0;113;;0,032537995;;32,53799514;HFD;8;GAS;4;d;z001;
0;114;;0,044223394;;44,22339425;HFD;8;GAS;4;d;z001;
0;115;;0,045139124;;45,13912362;HFD;8;GAS;4;d;z001;
0;116;;0,04036281;;40,36281008;HFD;8;GAS;4;d;z001;
0;117;;0,041870765;;41,87076511;HFD;8;GAS;4;d;z001;
0;118;;0,048246002;;48,24600182;HFD;8;GAS;4;d;z001;
0;119;;0,045777083;;45,77708317;HFD;8;GAS;4;d;z001;
0;120;;0,034716108;;34,71610839;HFD;8;GAS;4;d;z001;
0;121;;0,050099612;;50,09961184;HFD;8;GAS;4;d;z001;
0;122;;0,040963529;;40,963529;HFD;8;GAS;4;d;z001;
0;123;;0,038708997;;38,70899673;HFD;8;GAS;4;d;z001;
0;124;;0,050576043;;50,57604252;HFD;8;GAS;4;d;z001;
0;125;;0,038197138;;38,19713789;HFD;8;GAS;4;d;z001;
0;126;;0,040280979;;40,28097912;HFD;8;GAS;4;d;z001;
0;127;;0,049387159;;49,38715885;HFD;8;GAS;4;d;z001;
0;128;;0,049368013;;49,3680127;HFD;8;GAS;4;d;z001;
0;129;;0,043842224;;43,84222391;HFD;8;GAS;4;d;z001;
0;130;;0,052734016;;52,73401621;HFD;8;GAS;4;d;z001;
0;131;;0,042883043;;42,88304268;HFD;8;GAS;4;d;z001;
0;132;;0,054301479;;54,3014791;HFD;8;GAS;4;d;z001;
0;133;;0,051165437;;51,16543744;HFD;8;GAS;4;d;z001;
0;134;;0,045259896;;45,2598958;HFD;8;GAS;4;d;z001;
0;135;;0,058367332;;58,36733225;HFD;8;GAS;4;d;z001;
0;136;;0,04999156;;49,99155967;HFD;8;GAS;4;d;z001;
0;137;;0,046221824;;46,22182357;HFD;8;GAS;4;d;z001;
0;1;;0,02281303;;22,81303024;HFD;8;GAS;4;d;z002;
0;2;;0,02696683;;26,96683015;HFD;8;GAS;4;d;z002;
0;3;;0,028028587;;28,0285869;HFD;8;GAS;4;d;z002;
0;4;;0,024585376;;24,585376;HFD;8;GAS;4;d;z002;
0;5;;0,029671611;;29,67161077;HFD;8;GAS;4;d;z002;
0;6;;0,032932497;;32,93249677;HFD;8;GAS;4;d;z002;
0;7;;0,033053247;;33,05324682;HFD;8;GAS;4;d;z002;
0;8;;0,028314296;;28,31429608;HFD;8;GAS;4;d;z002;
0;9;;0,028181977;;28,18197677;HFD;8;GAS;4;d;z002;
0;10;;0,029732997;;29,73299706;HFD;8;GAS;4;d;z002;
0;11;;0,035810807;;35,81080724;HFD;8;GAS;4;d;z002;
0;12;;0,033747196;;33,74719575;HFD;8;GAS;4;d;z002;
0;13;;0,037274091;;37,27409115;HFD;8;GAS;4;d;z002;
0;14;;0,034456167;;34,45616683;HFD;8;GAS;4;d;z002;
0;15;;0,030521792;;30,52179205;HFD;8;GAS;4;d;z002;
0;16;;0,028420519;;28,42051894;HFD;8;GAS;4;d;z002;
0;17;;0,028704347;;28,70434739;HFD;8;GAS;4;d;z002;
0;18;;0,032622507;;32,62250719;HFD;8;GAS;4;d;z002;
0;19;;0,027371415;;27,37141466;HFD;8;GAS;4;d;z002;
0;20;;0,033099001;;33,09900058;HFD;8;GAS;4;d;z002;
0;21;;0,041663238;;41,6632378;HFD;8;GAS;4;d;z002;
0;22;;0,034633377;;34,63337726;HFD;8;GAS;4;d;z002;
0;23;;0,039223178;;39,2231776;HFD;8;GAS;4;d;z002;
0;24;;0,038147991;;38,14799129;HFD;8;GAS;4;d;z002;
0;25;;0,040379009;;40,37900893;HFD;8;GAS;4;d;z002;
0;26;;0,032291259;;32,2912589;HFD;8;GAS;4;d;z002;
0;27;;0,038020167;;38,02016717;HFD;8;GAS;4;d;z002;
0;28;;0,041652148;;41,65214782;HFD;8;GAS;4;d;z002;
0;29;;0,035686744;;35,68674423;HFD;8;GAS;4;d;z002;
0;30;;0,03653157;;36,53156973;HFD;8;GAS;4;d;z002;
0;31;;0,039964234;;39,96423385;HFD;8;GAS;4;d;z002;
0;32;;0,037573653;;37,57365304;HFD;8;GAS;4;d;z002;
0;33;;0,045441004;;45,44100375;HFD;8;GAS;4;d;z002;
0;34;;0,04218707;;42,18707004;HFD;8;GAS;4;d;z002;
0;35;;0,03702601;;37,02600952;HFD;8;GAS;4;d;z002;
0;36;;0,033660006;;33,66000601;HFD;8;GAS;4;d;z002;
0;37;;0,036691577;;36,69157741;HFD;8;GAS;4;d;z002;
0;38;;0,033165025;;33,16502476;HFD;8;GAS;4;d;z002;
0;39;;0,045119779;;45,11977856;HFD;8;GAS;4;d;z002;
0;40;;0,034885035;;34,88503454;HFD;8;GAS;4;d;z002;
0;41;;0,036072962;;36,07296206;HFD;8;GAS;4;d;z002;
0;42;;0,04020016;;40,20015974;HFD;8;GAS;4;d;z002;
0;43;;0,041398901;;41,3989009;HFD;8;GAS;4;d;z002;
0;44;;0,032783827;;32,78382749;HFD;8;GAS;4;d;z002;
0;45;;0,038655907;;38,65590724;HFD;8;GAS;4;d;z002;
0;46;;0,042022489;;42,02248873;HFD;8;GAS;4;d;z002;
0;47;;0,040597692;;40,59769152;HFD;8;GAS;4;d;z002;
0;48;;0,040166669;;40,16666888;HFD;8;GAS;4;d;z002;
0;49;;0,042635977;;42,63597657;HFD;8;GAS;4;d;z002;
0;50;;0,040946603;;40,94660279;HFD;8;GAS;4;d;z002;
0;51;;0,041419783;;41,41978273;HFD;8;GAS;4;d;z002;
0;52;;0,04061063;;40,61063019;HFD;8;GAS;4;d;z002;
0;53;;0,045751946;;45,75194596;HFD;8;GAS;4;d;z002;
0;54;;0,038379386;;38,37938568;HFD;8;GAS;4;d;z002;
0;55;;0,036465004;;36,46500409;HFD;8;GAS;4;d;z002;
0;56;;0,043025123;;43,02512279;HFD;8;GAS;4;d;z002;
0;57;;0,039923329;;39,92332856;HFD;8;GAS;4;d;z002;
0;58;;0,046999924;;46,99992384;HFD;8;GAS;4;d;z002;
0;59;;0,03778645;;37,78645046;HFD;8;GAS;4;d;z002;
0;60;;0,040703078;;40,70307769;HFD;8;GAS;4;d;z002;
0;61;;0,045975734;;45,97573351;HFD;8;GAS;4;d;z002;
0;62;;0,042589316;;42,58931647;HFD;8;GAS;4;d;z002;
0;63;;0,040672579;;40,67257884;HFD;8;GAS;4;d;z002;
0;64;;0,040460627;;40,46062691;HFD;8;GAS;4;d;z002;
0;65;;0,032809746;;32,80974649;HFD;8;GAS;4;d;z002;
0;66;;0,04391645;;43,91644959;HFD;8;GAS;4;d;z002;
0;67;;0,043795319;;43,79531938;HFD;8;GAS;4;d;z002;
0;68;;0,043197011;;43,19701111;HFD;8;GAS;4;d;z002;
0;69;;0,042636006;;42,63600567;HFD;8;GAS;4;d;z002;
0;70;;0,042531311;;42,53131097;HFD;8;GAS;4;d;z002;
0;71;;0,042412619;;42,41261861;HFD;8;GAS;4;d;z002;
0;72;;0,049203765;;49,20376493;HFD;8;GAS;4;d;z002;
0;73;;0,049623395;;49,62339454;HFD;8;GAS;4;d;z002;
0;74;;0,037597062;;37,59706193;HFD;8;GAS;4;d;z002;
0;75;;0,042649308;;42,64930774;HFD;8;GAS;4;d;z002;
0;76;;0,034889648;;34,88964836;HFD;8;GAS;4;d;z002;
0;77;;0,052282582;;52,28258161;HFD;8;GAS;4;d;z002;
0;78;;0,039668715;;39,66871466;HFD;8;GAS;4;d;z002;
0;79;;0,044879998;;44,87999831;HFD;8;GAS;4;d;z002;
0;80;;0,038084406;;38,08440562;HFD;8;GAS;4;d;z002;
0;81;;0,036554056;;36,55405561;HFD;8;GAS;4;d;z002;
0;82;;0,04289434;;42,89434037;HFD;8;GAS;4;d;z002;
0;83;;0,038147991;;38,14799129;HFD;8;GAS;4;d;z002;
0;84;;0,048282316;;48,28231628;HFD;8;GAS;4;d;z002;
0;85;;0,045269099;;45,26909886;HFD;8;GAS;4;d;z002;
0;86;;0,035116692;;35,11669243;HFD;8;GAS;4;d;z002;
0;87;;0,03689189;;36,89188971;HFD;8;GAS;4;d;z002;
0;88;;0,042996535;;42,99653511;HFD;8;GAS;4;d;z002;
0;89;;0,044115818;;44,1158183;HFD;8;GAS;4;d;z002;
0;90;;0,039830978;;39,83097849;HFD;8;GAS;4;d;z002;
0;91;;0,050231624;;50,23162396;HFD;8;GAS;4;d;z002;
0;92;;0,04600198;;46,00198008;HFD;8;GAS;4;d;z002;
0;93;;0,04318876;;43,18875966;HFD;8;GAS;4;d;z002;
0;94;;0,048467195;;48,46719503;HFD;8;GAS;4;d;z002;
0;95;;0,041164681;;41,16468114;HFD;8;GAS;4;d;z002;
0;96;;0,04006538;;40,06537968;HFD;8;GAS;4;d;z002;
0;97;;0,052435862;;52,43586186;HFD;8;GAS;4;d;z002;
0;98;;0,036848664;;36,84866411;HFD;8;GAS;4;d;z002;
0;99;;0,041989316;;41,98931552;HFD;8;GAS;4;d;z002;
0;100;;0,03826581;;38,26581001;HFD;8;GAS;4;d;z002;
0;101;;0,044880013;;44,88001287;HFD;8;GAS;4;d;z002;
0;102;;0,040455896;;40,45589575;HFD;8;GAS;4;d;z002;
0;103;;0,040839776;;40,83977564;HFD;8;GAS;4;d;z002;
0;104;;0,04669757;;46,69757007;HFD;8;GAS;4;d;z002;
0;1;;0,019743612;;19,74361208;HFD;8;GAS;4;i;z;
0;2;;0,019907715;;19,90771467;HFD;8;GAS;4;i;z;
0;3;;0,020195999;;20,19599924;HFD;8;GAS;4;i;z;
0;4;;0,029066711;;29,06671138;HFD;8;GAS;4;i;z;
0;5;;0,026986684;;26,986684;HFD;8;GAS;4;i;z;
0;6;;0,026048022;;26,04802219;HFD;8;GAS;4;i;z;
0;7;;0,027452143;;27,4521431;HFD;8;GAS;4;i;z;
0;8;;0,025048865;;25,04886544;HFD;8;GAS;4;i;z;
0;9;;0,02342471;;23,42471031;HFD;8;GAS;4;i;z;
0;10;;0,027908261;;27,90826057;HFD;8;GAS;4;i;z;
0;11;;0,027685202;;27,68520181;HFD;8;GAS;4;i;z;
0;12;;0,023561995;;23,56199548;HFD;8;GAS;4;i;z;
0;13;;0,028050003;;28,05000258;HFD;8;GAS;4;i;z;
0;14;;0,021879001;;21,879001;HFD;8;GAS;4;i;z;
0;15;;0,028610986;;28,61098619;HFD;8;GAS;4;i;z;
0;16;;0,03070696;;30,70695984;HFD;8;GAS;4;i;z;
0;17;;0,02823914;;28,23914015;HFD;8;GAS;4;i;z;
0;18;;0,026903766;;26,90376634;HFD;8;GAS;4;i;z;
0;19;;0,029383767;;29,38376686;HFD;8;GAS;4;i;z;
0;20;;0,033507566;;33,50756584;HFD;8;GAS;4;i;z;
0;21;;0,02339983;;23,39983048;HFD;8;GAS;4;i;z;
0;22;;0,034768857;;34,76885737;HFD;8;GAS;4;i;z;
0;23;;0,032685085;;32,68508474;HFD;8;GAS;4;i;z;
0;24;;0,029704842;;29,70484196;HFD;8;GAS;4;i;z;
0;25;;0,027249139;;27,24913899;HFD;8;GAS;4;i;z;
0;26;;0,029849812;;29,84981233;HFD;8;GAS;4;i;z;
0;27;;0,025801349;;25,80134932;HFD;8;GAS;4;i;z;
0;28;;0,031791293;;31,79129282;HFD;8;GAS;4;i;z;
0;29;;0,026910912;;26,910912;HFD;8;GAS;4;i;z;
0;30;;0,031072872;;31,07287174;HFD;8;GAS;4;i;z;
0;31;;0,02863192;;28,63192004;HFD;8;GAS;4;i;z;
0;32;;0,037576194;;37,57619436;HFD;8;GAS;4;i;z;
0;33;;0,031415999;;31,41599882;HFD;8;GAS;4;i;z;
0;34;;0,030739436;;30,73943624;HFD;8;GAS;4;i;z;
0;35;;0,033442853;;33,44285285;HFD;8;GAS;4;i;z;
0;36;;0,03438432;;34,38432012;HFD;8;GAS;4;i;z;
0;37;;0,032201035;;32,20103461;HFD;8;GAS;4;i;z;
0;38;;0,036432584;;36,43258436;HFD;8;GAS;4;i;z;
0;39;;0,03233631;;32,33630987;HFD;8;GAS;4;i;z;
0;40;;0,035903999;;35,90399865;HFD;8;GAS;4;i;z;
0;41;;0,029814439;;29,81443859;HFD;8;GAS;4;i;z;
0;42;;0,034392366;;34,39236638;HFD;8;GAS;4;i;z;
0;43;;0,037290598;;37,29059756;HFD;8;GAS;4;i;z;
0;44;;0,031231536;;31,2315363;HFD;8;GAS;4;i;z;
0;45;;0,035825933;;35,82593328;HFD;8;GAS;4;i;z;
0;46;;0,032031726;;32,03172628;HFD;8;GAS;4;i;z;
0;47;;0,030854979;;30,85497883;HFD;8;GAS;4;i;z;
0;48;;0,030310986;;30,31098595;HFD;8;GAS;4;i;z;
0;49;;0,036746404;;36,74640425;HFD;8;GAS;4;i;z;
0;50;;0,0374365;;37,43649987;HFD;8;GAS;4;i;z;
0;51;;0,033117057;;33,11705668;HFD;8;GAS;4;i;z;
0;52;;0,036798603;;36,79860304;HFD;8;GAS;4;i;z;
0;53;;0,037114176;;37,11417636;HFD;8;GAS;4;i;z;
0;54;;0,029836129;;29,83612865;HFD;8;GAS;4;i;z;
0;55;;0,039198042;;39,19804211;HFD;8;GAS;4;i;z;
0;56;;0,0331484;;33,14839959;HFD;8;GAS;4;i;z;
0;57;;0,044069268;;44,06926798;HFD;8;GAS;4;i;z;
0;58;;0,035339648;;35,33964785;HFD;8;GAS;4;i;z;
0;59;;0,037354016;;37,35401573;HFD;8;GAS;4;i;z;
0;60;;0,044018383;;44,01838304;HFD;8;GAS;4;i;z;
0;61;;0,037832965;;37,83296494;HFD;8;GAS;4;i;z;
0;62;;0,038636594;;38,63659432;HFD;8;GAS;4;i;z;
0;63;;0,02808523;;28,08523013;HFD;8;GAS;4;i;z;
0;64;;0,039270002;;39,27000216;HFD;8;GAS;4;i;z;
0;65;;0,034936823;;34,93682288;HFD;8;GAS;4;i;z;
0;66;;0,029733002;;29,73300161;HFD;8;GAS;4;i;z;
0;67;;0,042636035;;42,63603478;HFD;8;GAS;4;i;z;
0;68;;0,039830993;;39,83099305;HFD;8;GAS;4;i;z;
0;69;;0,040681034;;40,68103447;HFD;8;GAS;4;i;z;
0;70;;0,043197011;;43,19701111;HFD;8;GAS;4;i;z;
0;71;;0,033752804;;33,75280449;HFD;8;GAS;4;i;z;
0;72;;0,037131259;;37,13125877;HFD;8;GAS;4;i;z;
0;73;;0,036470478;;36,47047822;HFD;8;GAS;4;i;z;
0;74;;0,042003827;;42,00382652;HFD;8;GAS;4;i;z;
0;75;;0,043197011;;43,19701111;HFD;8;GAS;4;i;z;
0;76;;0,041513995;;41,5139948;HFD;8;GAS;4;i;z;
0;77;;0,042735306;;42,73530634;HFD;8;GAS;4;i;z;
0;78;;0,043097068;;43,09706755;HFD;8;GAS;4;i;z;
0;79;;0,045620434;;45,62043423;HFD;8;GAS;4;i;z;
0;80;;0,039822997;;39,82299746;HFD;8;GAS;4;i;z;
0;81;;0,048245995;;48,24599455;HFD;8;GAS;4;i;z;
0;82;;0,040066683;;40,06668343;HFD;8;GAS;4;i;z;
0;83;;0,039464209;;39,46420923;HFD;8;GAS;4;i;z;
0;84;;0,046001995;;46,00199463;HFD;8;GAS;4;i;z;
0;85;;0,046662938;;46,66293755;HFD;8;GAS;4;i;z;
0;86;;0,038863205;;38,86320492;HFD;8;GAS;4;i;z;
0;87;;0,039272034;;39,2720342;HFD;8;GAS;4;i;z;
0;88;;0,047120838;;47,12083787;HFD;8;GAS;4;i;z;
0;89;;0,039961769;;39,96176856;HFD;8;GAS;4;i;z;
0;90;;0,044903589;;44,90358898;HFD;8;GAS;4;i;z;
0;91;;0,047267477;;47,26747673;HFD;8;GAS;4;i;z;
0;92;;0,055313793;;55,31379331;HFD;8;GAS;4;i;z;
0;93;;0,05576547;;55,76546983;HFD;8;GAS;4;i;z;
0;94;;0,044952865;;44,95286478;HFD;8;GAS;4;i;z;
0;95;;0,05291383;;52,91383023;HFD;8;GAS;4;i;z;
0;96;;0,036331929;;36,33192933;HFD;8;GAS;4;i;z;
0;97;;0,048621559;;48,62155856;HFD;8;GAS;4;i;z;
0;98;;0,052173011;;52,17301077;HFD;8;GAS;4;i;z;
0;99;;0,049297323;;49,29732293;HFD;8;GAS;4;i;z;
0;100;;0,046545624;;46,54562393;HFD;8;GAS;4;i;z;
0;101;;0,048665703;;48,66570331;HFD;8;GAS;4;i;z;
0;102;;0,052241048;;52,24104803;HFD;8;GAS;4;i;z;
0;103;;0,057212261;;57,21226054;HFD;8;GAS;4;i;z;
0;104;;0,054231703;;54,2317025;HFD;8;GAS;4;i;z;
0;105;;0,046202816;;46,20281623;HFD;8;GAS;4;i;z;
0;106;;0,055388606;;55,38860601;HFD;8;GAS;4;i;z;
0;1;;0,027888891;;27,88889064;HFD;8;GAS;4;i;z001;
0;2;;0,026080925;;26,08092534;HFD;8;GAS;4;i;z001;
0;3;;0,028793203;;28,79320317;HFD;8;GAS;4;i;z001;
0;4;;0,036678962;;36,67896242;HFD;8;GAS;4;i;z001;
0;5;;0,038999087;;38,9990869;HFD;8;GAS;4;i;z001;
0;6;;0,02599802;;25,99802023;HFD;8;GAS;4;i;z001;
0;7;;0,032537966;;32,53796604;HFD;8;GAS;4;i;z001;
0;8;;0,029389492;;29,38949209;HFD;8;GAS;4;i;z001;
0;9;;0,0292681;;29,26810007;HFD;8;GAS;4;i;z001;
0;10;;0,024684006;;24,68400635;HFD;8;GAS;4;i;z001;
0;11;;0,030434548;;30,4345476;HFD;8;GAS;4;i;z001;
0;12;;0,036464975;;36,46497498;HFD;8;GAS;4;i;z001;
0;13;;0,03229416;;32,29415966;HFD;8;GAS;4;i;z001;
0;14;;0,039136211;;39,13621112;HFD;8;GAS;4;i;z001;
0;15;;0,036378591;;36,378591;HFD;8;GAS;4;i;z001;
0;16;;0,037354037;;37,35403681;HFD;8;GAS;4;i;z001;
0;17;;0,036638137;;36,63813692;HFD;8;GAS;4;i;z001;
0;18;;0,037416899;;37,4168985;HFD;8;GAS;4;i;z001;
0;19;;0,037033356;;37,03335588;HFD;8;GAS;4;i;z001;
0;20;;0,036465004;;36,46500409;HFD;8;GAS;4;i;z001;
0;21;;0,039008478;;39,0084784;HFD;8;GAS;4;i;z001;
0;22;;0,039904477;;39,90447699;HFD;8;GAS;4;i;z001;
0;23;;0,031338519;;31,33851914;HFD;8;GAS;4;i;z001;
0;24;;0,041396245;;41,39624451;HFD;8;GAS;4;i;z001;
0;25;;0,034226176;;34,22617553;HFD;8;GAS;4;i;z001;
0;26;;0,039005916;;39,00591601;HFD;8;GAS;4;i;z001;
0;27;;0,033014505;;33,01450463;HFD;8;GAS;4;i;z001;
0;28;;0,028526989;;28,52698931;HFD;8;GAS;4;i;z001;
0;29;;0,037413356;;37,41335632;HFD;8;GAS;4;i;z001;
0;30;;0,037246292;;37,24629198;HFD;8;GAS;4;i;z001;
0;31;;0,033660006;;33,66000601;HFD;8;GAS;4;i;z001;
0;32;;0,037685281;;37,6852815;HFD;8;GAS;4;i;z001;
0;33;;0,034222201;;34,22220112;HFD;8;GAS;4;i;z001;
0;34;;0,036127715;;36,12771476;HFD;8;GAS;4;i;z001;
0;35;;0,03918142;;39,18142037;HFD;8;GAS;4;i;z001;
0;36;;0,036978013;;36,9780125;HFD;8;GAS;4;i;z001;
0;37;;0,041276079;;41,27607927;HFD;8;GAS;4;i;z001;
0;38;;0,040401954;;40,40195359;HFD;8;GAS;4;i;z001;
0;39;;0,041101483;;41,10148345;HFD;8;GAS;4;i;z001;
0;40;;0,032713245;;32,71324538;HFD;8;GAS;4;i;z001;
0;41;;0,043392354;;43,39235429;HFD;8;GAS;4;i;z001;
0;42;;0,03537506;;35,37506;HFD;8;GAS;4;i;z001;
0;43;;0,033778933;;33,77893347;HFD;8;GAS;4;i;z001;
0;44;;0,037989239;;37,98923869;HFD;8;GAS;4;i;z001;
0;45;;0,031415984;;31,41598427;HFD;8;GAS;4;i;z001;
0;46;;0,039527073;;39,52707316;HFD;8;GAS;4;i;z001;
0;47;;0,038134816;;38,13481581;HFD;8;GAS;4;i;z001;
0;48;;0,035833213;;35,83321348;HFD;8;GAS;4;i;z001;
0;49;;0,032787928;;32,78792818;HFD;8;GAS;4;i;z001;
0;50;;0,040894559;;40,8945586;HFD;8;GAS;4;i;z001;
0;51;;0,040514605;;40,51460541;HFD;8;GAS;4;i;z001;
0;52;;0,038329121;;38,32912063;HFD;8;GAS;4;i;z001;
0;53;;0,04243556;;42,43555991;HFD;8;GAS;4;i;z001;
0;54;;0,046601606;;46,60160617;HFD;8;GAS;4;i;z001;
0;55;;0,040269716;;40,26971566;HFD;8;GAS;4;i;z001;
0;56;;0,041695536;;41,69553562;HFD;8;GAS;4;i;z001;
0;57;;0,040055107;;40,05510745;HFD;8;GAS;4;i;z001;
0;58;;0,041190539;;41,19053941;HFD;8;GAS;4;i;z001;
0;59;;0,040918051;;40,91805053;HFD;8;GAS;4;i;z001;
0;60;;0,044657871;;44,65787144;HFD;8;GAS;4;i;z001;
0;61;;0,03702601;;37,02600952;HFD;8;GAS;4;i;z001;
0;62;;0,042354266;;42,35426571;HFD;8;GAS;4;i;z001;
0;63;;0,033600377;;33,60037723;HFD;8;GAS;4;i;z001;
0;64;;0,039865481;;39,86548069;HFD;8;GAS;4;i;z001;
0;65;;0,036465004;;36,46500409;HFD;8;GAS;4;i;z001;
0;66;;0,035130939;;35,13093894;HFD;8;GAS;4;i;z001;
0;67;;0,040065416;;40,0654157;HFD;8;GAS;4;i;z001;
0;68;;0,044622915;;44,62291523;HFD;8;GAS;4;i;z001;
0;69;;0,036044593;;36,04459333;HFD;8;GAS;4;i;z001;
0;70;;0,042088119;;42,08811914;HFD;8;GAS;4;i;z001;
0;71;;0,045265854;;45,26585404;HFD;8;GAS;4;i;z001;
0;72;;0,040580514;;40,58051416;HFD;8;GAS;4;i;z001;
0;73;;0,04493576;;44,93575987;HFD;8;GAS;4;i;z001;
0;74;;0,048246002;;48,24600182;HFD;8;GAS;4;i;z001;
0;75;;0,046163174;;46,16317445;HFD;8;GAS;4;i;z001;
0;76;;0,037827098;;37,82709794;HFD;8;GAS;4;i;z001;
0;77;;0,043196997;;43,19699656;HFD;8;GAS;4;i;z001;
0;78;;0,036310423;;36,31042312;HFD;8;GAS;4;i;z001;
0;79;;0,045441004;;45,44100375;HFD;8;GAS;4;i;z001;
0;80;;0,035880905;;35,88090488;HFD;8;GAS;4;i;z001;
0;81;;0,036851836;;36,85183624;HFD;8;GAS;4;i;z001;
0;82;;0,044249407;;44,24940739;HFD;8;GAS;4;i;z001;
0;83;;0,048193497;;48,19349668;HFD;8;GAS;4;i;z001;
0;84;;0,051423536;;51,42353587;HFD;8;GAS;4;i;z001;
0;85;;0,04299405;;42,99405041;HFD;8;GAS;4;i;z001;
0;86;;0,040870794;;40,87079374;HFD;8;GAS;4;i;z001;
0;87;;0,047410109;;47,41010898;HFD;8;GAS;4;i;z001;
0;88;;0,044772693;;44,77269288;HFD;8;GAS;4;i;z001;
0;89;;0,04942162;;49,42162018;HFD;8;GAS;4;i;z001;
0;90;;0,048730378;;48,7303779;HFD;8;GAS;4;i;z001;
0;91;;0,053537587;;53,53758741;HFD;8;GAS;4;i;z001;
0;92;;0,050851664;;50,85166413;HFD;8;GAS;4;i;z001;
0;93;;0,054955016;;54,95501626;HFD;8;GAS;4;i;z001;
0;94;;0,047684996;;47,68499639;HFD;8;GAS;4;i;z001;
0;95;;0,049178119;;49,17811894;HFD;8;GAS;4;i;z001;
0;96;;0,0561152;;56,1152002;HFD;8;GAS;4;i;z001;
0;97;;0,05091375;;50,91375029;HFD;8;GAS;4;i;z001;
0;98;;0,056660996;;56,66099605;HFD;8;GAS;4;i;z001;
0;99;;0,056494076;;56,49407619;HFD;8;GAS;4;i;z001;
0;100;;0,053294993;;53,29499254;HFD;8;GAS;4;i;z001;
0;101;;0,056189523;;56,18952277;HFD;8;GAS;4;i;z001;
0;102;;0,051345522;;51,34552216;HFD;8;GAS;4;i;z001;
0;103;;0,060027;;60,02699956;HFD;8;GAS;4;i;z001;
0;104;;0,057172685;;57,17268536;HFD;8;GAS;4;i;z001;
0;105;;0,052629709;;52,62970851;HFD;8;GAS;4;i;z001;
0;106;;0,059689984;;59,68998408;HFD;8;GAS;4;i;z001;
0;107;;0,054933574;;54,933574;HFD;8;GAS;4;i;z001;
0;1;;0,029265855;;29,26585464;HFD;8;GAS;4;i;z003;
0;2;;0,037587015;;37,58701496;HFD;8;GAS;4;i;z003;
0;3;;0,034033319;;34,03331901;HFD;8;GAS;4;i;z003;
0;4;;0,03727484;;37,2748403;HFD;8;GAS;4;i;z003;
0;5;;0,030572669;;30,57266876;HFD;8;GAS;4;i;z003;
0;6;;0,035903999;;35,90399865;HFD;8;GAS;4;i;z003;
0;7;;0,039504881;;39,50488101;HFD;8;GAS;4;i;z003;
0;8;;0,039636722;;39,63672167;HFD;8;GAS;4;i;z003;
0;9;;0,034724104;;34,72410387;HFD;8;GAS;4;i;z003;
0;10;;0,034165631;;34,16563086;HFD;8;GAS;4;i;z003;
0;11;;0,041804755;;41,80475542;HFD;8;GAS;4;i;z003;
0;12;;0,046997465;;46,99746462;HFD;8;GAS;4;i;z003;
0;13;;0,039166481;;39,16648107;HFD;8;GAS;4;i;z003;
0;14;;0,038083342;;38,08334198;HFD;8;GAS;4;i;z003;
0;15;;0,042646235;;42,64623509;HFD;8;GAS;4;i;z003;
0;16;;0,042086181;;42,08618074;HFD;8;GAS;4;i;z003;
0;17;;0,040441782;;40,44178207;HFD;8;GAS;4;i;z003;
0;18;;0,040341599;;40,34159938;HFD;8;GAS;4;i;z003;
0;19;;0,04315253;;43,15253019;HFD;8;GAS;4;i;z003;
0;20;;0,038284431;;38,28443078;HFD;8;GAS;4;i;z003;
0;21;;0,043506097;;43,50609676;HFD;8;GAS;4;i;z003;
0;22;;0,043083312;;43,08331241;HFD;8;GAS;4;i;z003;
0;23;;0,043155763;;43,15576274;HFD;8;GAS;4;i;z003;
0;24;;0,049367998;;49,36799814;HFD;8;GAS;4;i;z003;
0;25;;0,041801941;;41,80194088;HFD;8;GAS;4;i;z003;
0;26;;0,039937843;;39,93784339;HFD;8;GAS;4;i;z003;
0;27;;0,044880006;;44,88000559;HFD;8;GAS;4;i;z003;
0;28;;0,037046649;;37,04664947;HFD;8;GAS;4;i;z003;
0;29;;0,049928989;;49,92898903;HFD;8;GAS;4;i;z003;
0;30;;0,044319022;;44,31902198;HFD;8;GAS;4;i;z003;
0;31;;0,05377852;;53,7785195;HFD;8;GAS;4;i;z003;
0;32;;0,046295799;;46,29579942;HFD;8;GAS;4;i;z003;
0;33;;0,043908413;;43,90841315;HFD;8;GAS;4;i;z003;
0;34;;0,037971531;;37,97153081;HFD;8;GAS;4;i;z003;
0;35;;0,045097729;;45,09772887;HFD;8;GAS;4;i;z003;
0;36;;0,03795327;;37,95327025;HFD;8;GAS;4;i;z003;
0;37;;0,049368013;;49,3680127;HFD;8;GAS;4;i;z003;
0;38;;0,048326715;;48,32671508;HFD;8;GAS;4;i;z003;
0;39;;0,042190585;;42,19058533;HFD;8;GAS;4;i;z003;
0;40;;0,033660006;;33,66000601;HFD;8;GAS;4;i;z003;
0;41;;0,044714273;;44,71427341;HFD;8;GAS;4;i;z003;
0;42;;0,036186557;;36,18655679;HFD;8;GAS;4;i;z003;
0;43;;0,051152099;;51,1520993;HFD;8;GAS;4;i;z003;
0;44;;0,049054294;;49,05429435;HFD;8;GAS;4;i;z003;
0;45;;0,049929018;;49,92901813;HFD;8;GAS;4;i;z003;
0;46;;0,048256291;;48,25629147;HFD;8;GAS;4;i;z003;
0;47;;0,049388295;;49,38829459;HFD;8;GAS;4;i;z003;
0;48;;0,040220783;;40,22078272;HFD;8;GAS;4;i;z003;
0;49;;0,048940904;;48,94090387;HFD;8;GAS;4;i;z003;
0;50;;0,04663629;;46,63629027;HFD;8;GAS;4;i;z003;
0;51;;0,035255956;;35,2559558;HFD;8;GAS;4;i;z003;
0;52;;0,04188711;;41,88710953;HFD;8;GAS;4;i;z003;
0;53;;0,049003224;;49,00322435;HFD;8;GAS;4;i;z003;
0;54;;0,04874247;;48,74246969;HFD;8;GAS;4;i;z003;
0;55;;0,045722446;;45,72244586;HFD;8;GAS;4;i;z003;
0;56;;0,040674096;;40,67409552;HFD;8;GAS;4;i;z003;
0;57;;0,045300445;;45,30044492;HFD;8;GAS;4;i;z003;
0;58;;0,037942937;;37,94293696;HFD;8;GAS;4;i;z003;
0;59;;0,044089067;;44,08906741;HFD;8;GAS;4;i;z003;
0;60;;0,048659895;;48,65989531;HFD;8;GAS;4;i;z003;
0;61;;0,051780265;;51,78026501;HFD;8;GAS;4;i;z003;
0;62;;0,047207065;;47,20706514;HFD;8;GAS;4;i;z003;
0;63;;0,049886248;;49,88624831;HFD;8;GAS;4;i;z003;
0;64;;0,05174351;;51,74350983;HFD;8;GAS;4;i;z003;
0;65;;0,043558341;;43,55834119;HFD;8;GAS;4;i;z003;
0;66;;0,043796801;;43,79680067;HFD;8;GAS;4;i;z003;
0;67;;0,052337366;;52,33736638;HFD;8;GAS;4;i;z003;
0;68;;0,0559446;;55,9446002;HFD;8;GAS;4;i;z003;
0;69;;0,048259309;;48,25930922;HFD;8;GAS;4;i;z003;
0;70;;0,044238065;;44,23806508;HFD;8;GAS;4;i;z003;
0;71;;0,053156066;;53,15606632;HFD;8;GAS;4;i;z003;
0;72;;0,051420158;;51,4201581;HFD;8;GAS;4;i;z003;
0;73;;0,050490024;;50,49002357;HFD;8;GAS;4;i;z003;
0;74;;0,058128165;;58,12816541;HFD;8;GAS;4;i;z003;
0;75;;0,052319866;;52,31986623;HFD;8;GAS;4;i;z003;
0;76;;0,05454349;;54,54348987;HFD;8;GAS;4;i;z003;
0;77;;0,03915963;;39,1596301;HFD;8;GAS;4;i;z003;
0;78;;0,047764018;;47,76401832;HFD;8;GAS;4;i;z003;
0;79;;0,051852362;;51,85236237;HFD;8;GAS;4;i;z003;
0;80;;0,047131333;;47,13133335;HFD;8;GAS;4;i;z003;
0;81;;0,047266498;;47,26649829;HFD;8;GAS;4;i;z003;
0;82;;0,051774168;;51,77416756;HFD;8;GAS;4;i;z003;
0;83;;0,043745469;;43,74546908;HFD;8;GAS;4;i;z003;
0;84;;0,049585891;;49,58589075;HFD;8;GAS;4;i;z003;
0;85;;0,05396615;;53,96615005;HFD;8;GAS;4;i;z003;
0;86;;0,04059048;;40,59048034;HFD;8;GAS;4;i;z003;
0;87;;0,0566909;;56,6908996;HFD;8;GAS;4;i;z003;
0;88;;0,058701109;;58,70110885;HFD;8;GAS;4;i;z003;
0;89;;0,049570418;;49,57041789;HFD;8;GAS;4;i;z003;
0;90;;0,048353124;;48,35312391;HFD;8;GAS;4;i;z003;
0;91;;0,056773183;;56,77318263;HFD;8;GAS;4;i;z003;
0;1;;0,012539899;;12,53989922;NCD;8;GAS;1;d;z;
0;2;;0,021449838;;21,44983843;NCD;8;GAS;1;d;z;
0;3;;0,021102397;;21,10239687;NCD;8;GAS;1;d;z;
0;4;;0,021263235;;21,26323495;NCD;8;GAS;1;d;z;
0;5;;0,023584251;;23,58425105;NCD;8;GAS;1;d;z;
0;6;;0,025805716;;25,80571625;NCD;8;GAS;1;d;z;
0;7;;0,022830701;;22,83070122;NCD;8;GAS;1;d;z;
0;8;;0,028164796;;28,16479615;NCD;8;GAS;1;d;z;
0;9;;0,025444611;;25,44461087;NCD;8;GAS;1;d;z;
0;10;;0,021660365;;21,66036492;NCD;8;GAS;1;d;z;
0;11;;0,032410275;;32,41027517;NCD;8;GAS;1;d;z;
0;12;;0,02795411;;27,95410998;NCD;8;GAS;1;d;z;
0;13;;0,024900401;;24,9004014;NCD;8;GAS;1;d;z;
0;14;;0,019906501;;19,90650146;NCD;8;GAS;1;d;z;
0;15;;0,026191707;;26,19170749;NCD;8;GAS;1;d;z;
0;16;;0,029211157;;29,21115675;NCD;8;GAS;1;d;z;
0;17;;0,026908138;;26,90813835;NCD;8;GAS;1;d;z;
0;18;;0,030628073;;30,62807254;NCD;8;GAS;1;d;z;
0;19;;0,023421177;;23,42117693;NCD;8;GAS;1;d;z;
0;20;;0,027091303;;27,0913031;NCD;8;GAS;1;d;z;
0;21;;0,027550736;;27,55073558;NCD;8;GAS;1;d;z;
0;22;;0,036700945;;36,70094464;NCD;8;GAS;1;d;z;
0;23;;0,02149905;;21,49905009;NCD;8;GAS;1;d;z;
0;24;;0,032560827;;32,56082697;NCD;8;GAS;1;d;z;
0;25;;0,034320966;;34,3209662;NCD;8;GAS;1;d;z;
0;26;;0,029702352;;29,70235187;NCD;8;GAS;1;d;z;
0;27;;0,029602223;;29,60222321;NCD;8;GAS;1;d;z;
0;28;;0,035882402;;35,88240212;NCD;8;GAS;1;d;z;
0;29;;0,033687208;;33,6872075;NCD;8;GAS;1;d;z;
0;30;;0,02768251;;27,68250994;NCD;8;GAS;1;d;z;
0;31;;0,034006282;;34,00628175;NCD;8;GAS;1;d;z;
0;32;;0,025009106;;25,00910611;NCD;8;GAS;1;d;z;
0;33;;0,024614754;;24,61475386;NCD;8;GAS;1;d;z;
0;34;;0,031722943;;31,72294331;NCD;8;GAS;1;d;z;
0;35;;0,037908951;;37,90895065;NCD;8;GAS;1;d;z;
0;36;;0,033473211;;33,47321128;NCD;8;GAS;1;d;z;
0;37;;0,029055302;;29,05530215;NCD;8;GAS;1;d;z;
0;38;;0,027597584;;27,59758411;NCD;8;GAS;1;d;z;
0;39;;0,027276783;;27,27678279;NCD;8;GAS;1;d;z;
0;40;;0,029767875;;29,76787538;NCD;8;GAS;1;d;z;
0;41;;0,030671319;;30,6713193;NCD;8;GAS;1;d;z;
0;42;;0,036642153;;36,64215305;NCD;8;GAS;1;d;z;
0;43;;0,02830279;;28,30279011;NCD;8;GAS;1;d;z;
0;44;;0,035135529;;35,13552915;NCD;8;GAS;1;d;z;
0;45;;0,027151828;;27,15182813;NCD;8;GAS;1;d;z;
0;46;;0,037284614;;37,28461378;NCD;8;GAS;1;d;z;
0;47;;0,029818239;;29,8182394;NCD;8;GAS;1;d;z;
0;48;;0,030730039;;30,73003939;NCD;8;GAS;1;d;z;
0;49;;0,031800629;;31,80062935;NCD;8;GAS;1;d;z;
0;50;;0,035524719;;35,52471876;NCD;8;GAS;1;d;z;
0;51;;0,032932482;;32,93248222;NCD;8;GAS;1;d;z;
0;52;;0,027806177;;27,80617712;NCD;8;GAS;1;d;z;
0;53;;0,028419204;;28,41920412;NCD;8;GAS;1;d;z;
0;54;;0,040729702;;40,72970204;NCD;8;GAS;1;d;z;
0;55;;0,037341598;;37,34159839;NCD;8;GAS;1;d;z;
0;56;;0,032538024;;32,53802424;NCD;8;GAS;1;d;z;
0;57;;0,037144119;;37,14411931;NCD;8;GAS;1;d;z;
0;58;;0,030626064;;30,62606398;NCD;8;GAS;1;d;z;
0;59;;0,032584417;;32,58441712;NCD;8;GAS;1;d;z;
0;60;;0,033606092;;33,60609245;NCD;8;GAS;1;d;z;
0;61;;0,036393336;;36,39333614;NCD;8;GAS;1;d;z;
0;62;;0,035124171;;35,12417074;NCD;8;GAS;1;d;z;
0;63;;0,025712492;;25,71249242;NCD;8;GAS;1;d;z;
0;64;;0,039270002;;39,27000216;NCD;8;GAS;1;d;z;
0;65;;0,032125875;;32,12587462;NCD;8;GAS;1;d;z;
0;66;;0,033360792;;33,36079228;NCD;8;GAS;1;d;z;
0;67;;0,031636004;;31,63600434;NCD;8;GAS;1;d;z;
0;68;;0,033063599;;33,06359897;NCD;8;GAS;1;d;z;
0;69;;0,031259836;;31,25983565;NCD;8;GAS;1;d;z;
0;70;;0,029353757;;29,35375685;NCD;8;GAS;1;d;z;
0;71;;0,028130536;;28,13053623;NCD;8;GAS;1;d;z;
0;72;;0,035798422;;35,79842152;NCD;8;GAS;1;d;z;
0;73;;0,034634341;;34,63434112;NCD;8;GAS;1;d;z;
0;74;;0,034117442;;34,11744226;NCD;8;GAS;1;d;z;
0;75;;0,039586878;;39,58687843;NCD;8;GAS;1;d;z;
0;76;;0,040392013;;40,39201303;NCD;8;GAS;1;d;z;
0;77;;0,032534823;;32,53482262;NCD;8;GAS;1;d;z;
0;78;;0,031797526;;31,79752586;NCD;8;GAS;1;d;z;
0;79;;0,029087566;;29,08756633;NCD;8;GAS;1;d;z;
0;80;;0,030824859;;30,82485911;NCD;8;GAS;1;d;z;
0;81;;0,035323635;;35,32363523;NCD;8;GAS;1;d;z;
0;82;;0,028382327;;28,38232736;NCD;8;GAS;1;d;z;
0;83;;0,035761274;;35,7612739;NCD;8;GAS;1;d;z;
0;84;;0,03372611;;33,72610959;NCD;8;GAS;1;d;z;
0;85;;0,035342993;;35,34299321;NCD;8;GAS;1;d;z;
0;86;;0,030148219;;30,14821902;NCD;8;GAS;1;d;z;
0;87;;0,036737543;;36,73754281;NCD;8;GAS;1;d;z;
0;88;;0,037687401;;37,68740149;NCD;8;GAS;1;d;z;
0;89;;0,039389243;;39,38924257;NCD;8;GAS;1;d;z;
0;90;;0,032802293;;32,80229318;NCD;8;GAS;1;d;z;
0;91;;0,041581075;;41,58107535;NCD;8;GAS;1;d;z;
0;92;;0,030983736;;30,98373573;NCD;8;GAS;1;d;z;
0;93;;0,035476715;;35,47671495;NCD;8;GAS;1;d;z;
0;94;;0,042326529;;42,32652875;NCD;8;GAS;1;d;z;
0;95;;0,036015634;;36,01563358;NCD;8;GAS;1;d;z;
0;96;;0,038740616;;38,74061624;NCD;8;GAS;1;d;z;
0;97;;0,038974924;;38,97492374;NCD;8;GAS;1;d;z;
0;98;;0,039002098;;39,00209776;NCD;8;GAS;1;d;z;
0;99;;0,033385318;;33,38531762;NCD;8;GAS;1;d;z;
0;100;;0,039272014;;39,27201362;NCD;8;GAS;1;d;z;
0;101;;0,039179276;;39,17927648;NCD;8;GAS;1;d;z;
0;102;;0,031465623;;31,46562292;NCD;8;GAS;1;d;z;
0;103;;0,030738119;;30,73811901;NCD;8;GAS;1;d;z;
0;104;;0,035679331;;35,67933133;NCD;8;GAS;1;d;z;
0;105;;0,037138448;;37,13844794;NCD;8;GAS;1;d;z;
0;106;;0,035768231;;35,76823068;NCD;8;GAS;1;d;z;
0;107;;0,037083572;;37,08357217;NCD;8;GAS;1;d;z;
0;108;;0,030313421;;30,31342087;NCD;8;GAS;1;d;z;
0;109;;0,041865665;;41,86566507;NCD;8;GAS;1;d;z;
0;110;;0,027019638;;27,01963823;NCD;8;GAS;1;d;z;
0;111;;0,049940941;;49,94094118;NCD;8;GAS;1;d;z;
0;112;;0,038708997;;38,70899673;NCD;8;GAS;1;d;z;
0;113;;0,03808189;;38,08189014;NCD;8;GAS;1;d;z;
0;114;;0,037102036;;37,10203559;NCD;8;GAS;1;d;z;
0;115;;0,03856813;;38,56812954;NCD;8;GAS;1;d;z;
0;116;;0,037862079;;37,86207871;NCD;8;GAS;1;d;z;
0;117;;0,045909771;;45,90977115;NCD;8;GAS;1;d;z;
0;118;;0,040856738;;40,85673807;NCD;8;GAS;1;d;z;
0;119;;0,037026002;;37,02600225;NCD;8;GAS;1;d;z;
0;120;;0,036780096;;36,78009631;NCD;8;GAS;1;d;z;
0;121;;0,036706436;;36,70643563;NCD;8;GAS;1;d;z;
0;122;;0,035305147;;35,3051473;NCD;8;GAS;1;d;z;
0;123;;0,049957921;;49,95792072;NCD;8;GAS;1;d;z;
0;124;;0,048559954;;48,5599545;NCD;8;GAS;1;d;z;
0;125;;0,044032267;;44,03226658;NCD;8;GAS;1;d;z;
0;126;;0,04740328;;47,40327989;NCD;8;GAS;1;d;z;
0;127;;0,036849109;;36,84910918;NCD;8;GAS;1;d;z;
0;128;;0,042642234;;42,64223367;NCD;8;GAS;1;d;z;
0;1;;0,031416013;;31,41601337;NCD;8;GAS;1;d;z001;
0;2;;0,031709652;;31,70965225;NCD;8;GAS;1;d;z001;
0;3;;0,040343628;;40,34362815;NCD;8;GAS;1;d;z001;
0;4;;0,031880245;;31,88024529;NCD;8;GAS;1;d;z001;
0;5;;0,037324916;;37,32491554;NCD;8;GAS;1;d;z001;
0;6;;0,043266345;;43,26634537;NCD;8;GAS;1;d;z001;
0;7;;0,034264169;;34,26416917;NCD;8;GAS;1;d;z001;
0;8;;0,036204625;;36,20462524;NCD;8;GAS;1;d;z001;
0;9;;0,04412285;;44,12285036;NCD;8;GAS;1;d;z001;
0;10;;0,041229558;;41,22955751;NCD;8;GAS;1;d;z001;
0;11;;0,038964556;;38,96455582;NCD;8;GAS;1;d;z001;
0;12;;0,044407581;;44,40758134;NCD;8;GAS;1;d;z001;
0;13;;0,050112765;;50,11276504;NCD;8;GAS;1;d;z001;
0;14;;0,048245973;;48,24597272;NCD;8;GAS;1;d;z001;
0;15;;0,044767639;;44,76763855;NCD;8;GAS;1;d;z001;
0;16;;0,042778403;;42,77840272;NCD;8;GAS;1;d;z001;
0;17;;0,045180262;;45,18026166;NCD;8;GAS;1;d;z001;
0;18;;0,047685055;;47,6850546;NCD;8;GAS;1;d;z001;
0;19;;0,043824914;;43,82491391;NCD;8;GAS;1;d;z001;
0;20;;0,040452388;;40,45238828;NCD;8;GAS;1;d;z001;
0;21;;0,049108046;;49,10804628;NCD;8;GAS;1;d;z001;
0;22;;0,042717431;;42,71743072;NCD;8;GAS;1;d;z001;
0;23;;0,052516178;;52,51617846;NCD;8;GAS;1;d;z001;
0;24;;0,049902013;;49,90201323;NCD;8;GAS;1;d;z001;
0;25;;0,042635991;;42,63599112;NCD;8;GAS;1;d;z001;
0;26;;0,038032208;;38,0322076;NCD;8;GAS;1;d;z001;
0;27;;0,04712402;;47,12402006;NCD;8;GAS;1;d;z001;
0;28;;0,042264684;;42,26468354;NCD;8;GAS;1;d;z001;
0;29;;0,053174866;;53,17486583;NCD;8;GAS;1;d;z001;
0;30;;0,051278908;;51,27890796;NCD;8;GAS;1;d;z001;
0;31;;0,050113546;;50,1135456;NCD;8;GAS;1;d;z001;
0;32;;0,049646218;;49,64621767;NCD;8;GAS;1;d;z001;
0;33;;0,054617746;;54,61774588;NCD;8;GAS;1;d;z001;
0;34;;0,051767351;;51,7673515;NCD;8;GAS;1;d;z001;
0;35;;0,054442448;;54,44244838;NCD;8;GAS;1;d;z001;
0;36;;0,050595538;;50,59553776;NCD;8;GAS;1;d;z001;
0;37;;0,062783534;;62,78353374;NCD;8;GAS;1;d;z001;
0;38;;0,045198118;;45,1981185;NCD;8;GAS;1;d;z001;
0;39;;0,061710009;;61,71000859;NCD;8;GAS;1;d;z001;
0;40;;0,047198243;;47,19824264;NCD;8;GAS;1;d;z001;
0;41;;0,054247631;;54,2476309;NCD;8;GAS;1;d;z001;
0;42;;0,050490024;;50,49002357;NCD;8;GAS;1;d;z001;
0;43;;0,052520417;;52,52041697;NCD;8;GAS;1;d;z001;
0;44;;0,049313622;;49,31362157;NCD;8;GAS;1;d;z001;
0;45;;0,050495873;;50,49587268;NCD;8;GAS;1;d;z001;
0;46;;0,055538985;;55,53898518;NCD;8;GAS;1;d;z001;
0;47;;0,047984656;;47,98465644;NCD;8;GAS;1;d;z001;
0;48;;0,050489965;;50,48996536;NCD;8;GAS;1;d;z001;
0;49;;0,056229852;;56,22985209;NCD;8;GAS;1;d;z001;
0;50;;0,059328828;;59,32882763;NCD;8;GAS;1;d;z001;
0;51;;0,052582211;;52,58221051;NCD;8;GAS;1;d;z001;
0;52;;0,053358929;;53,3589294;NCD;8;GAS;1;d;z001;
0;53;;0,062630941;;62,63094061;NCD;8;GAS;1;d;z001;
0;54;;0,050332717;;50,33271742;NCD;8;GAS;1;d;z001;
0;55;;0,055277019;;55,27701928;NCD;8;GAS;1;d;z001;
0;56;;0,054918374;;54,91837447;NCD;8;GAS;1;d;z001;
0;57;;0,053172712;;53,17271176;NCD;8;GAS;1;d;z001;
0;58;;0,054885015;;54,88501502;NCD;8;GAS;1;d;z001;
0;59;;0,055539014;;55,53901428;NCD;8;GAS;1;d;z001;
0;60;;0,052025938;;52,0259383;NCD;8;GAS;1;d;z001;
0;61;;0,058709406;;58,70940557;NCD;8;GAS;1;d;z001;
0;62;;0,060068314;;60,06831404;NCD;8;GAS;1;d;z001;
0;63;;0,047382253;;47,38225285;NCD;8;GAS;1;d;z001;
0;64;;0,04366809;;43,66809;NCD;8;GAS;1;d;z001;
0;65;;0,046789467;;46,78946694;NCD;8;GAS;1;d;z001;
0;66;;0,050498684;;50,49868421;NCD;8;GAS;1;d;z001;
0;67;;0,057222001;;57,22200149;NCD;8;GAS;1;d;z001;
0;68;;0,046743599;;46,74359852;NCD;8;GAS;1;d;z001;
0;69;;0,056095017;;56,09501692;NCD;8;GAS;1;d;z001;
0;70;;0,058785747;;58,78574665;NCD;8;GAS;1;d;z001;
0;71;;0,047599997;;47,59999736;NCD;8;GAS;1;d;z001;
0;72;;0,053578311;;53,57831138;NCD;8;GAS;1;d;z001;
0;73;;0,054032931;;54,03293066;NCD;8;GAS;1;d;z001;
0;74;;0,059899727;;59,89972672;NCD;8;GAS;1;d;z001;
0;75;;0,059465994;;59,46599413;NCD;8;GAS;1;d;z001;
0;76;;0,06507599;;65,07599028;NCD;8;GAS;1;d;z001;
0;1;;0,031605138;;31,60513802;NCD;8;GAS;1;d;z003;
0;2;;0,032204913;;32,20491272;NCD;8;GAS;1;d;z003;
0;3;;0,027782122;;27,78212152;NCD;8;GAS;1;d;z003;
0;4;;0,031570436;;31,57043567;NCD;8;GAS;1;d;z003;
0;5;;0,027386128;;27,38612795;NCD;8;GAS;1;d;z003;
0;6;;0,032816025;;32,81602474;NCD;8;GAS;1;d;z003;
0;7;;0,03215643;;32,15642967;NCD;8;GAS;1;d;z003;
0;8;;0,026608492;;26,60849228;NCD;8;GAS;1;d;z003;
0;9;;0,038332483;;38,33248315;NCD;8;GAS;1;d;z003;
0;10;;0,039535742;;39,53574207;NCD;8;GAS;1;d;z003;
0;11;;0,039640649;;39,64064893;NCD;8;GAS;1;d;z003;
0;12;;0,035020777;;35,0207766;NCD;8;GAS;1;d;z003;
0;13;;0,032967972;;32,96797162;NCD;8;GAS;1;d;z003;
0;14;;0,038099948;;38,09994777;NCD;8;GAS;1;d;z003;
0;15;;0,030106444;;30,10644415;NCD;8;GAS;1;d;z003;
0;16;;0,036976579;;36,97657852;NCD;8;GAS;1;d;z003;
0;17;;0,034937661;;34,93766054;NCD;8;GAS;1;d;z003;
0;18;;0,042819744;;42,81974413;NCD;8;GAS;1;d;z003;
0;19;;0,033132451;;33,13245053;NCD;8;GAS;1;d;z003;
0;20;;0,042003844;;42,00384363;NCD;8;GAS;1;d;z003;
0;21;;0,034163535;;34,16353473;NCD;8;GAS;1;d;z003;
0;22;;0,039418412;;39,4184118;NCD;8;GAS;1;d;z003;
0;23;;0,039572275;;39,57227507;NCD;8;GAS;1;d;z003;
0;24;;0,037401113;;37,40111325;NCD;8;GAS;1;d;z003;
0;25;;0,036057262;;36,05726173;NCD;8;GAS;1;d;z003;
0;26;;0,034461398;;34,46139834;NCD;8;GAS;1;d;z003;
0;27;;0,031974565;;31,97456501;NCD;8;GAS;1;d;z003;
0;28;;0,038217422;;38,21742166;NCD;8;GAS;1;d;z003;
0;29;;0,039831;;39,83100032;NCD;8;GAS;1;d;z003;
0;30;;0,042234615;;42,23461545;NCD;8;GAS;1;d;z003;
0;31;;0,043452199;;43,45219897;NCD;8;GAS;1;d;z003;
0;32;;0,042613371;;42,6133705;NCD;8;GAS;1;d;z003;
0;33;;0,040918069;;40,91806904;NCD;8;GAS;1;d;z003;
0;34;;0,04335096;;43,35096023;NCD;8;GAS;1;d;z003;
0;35;;0,04600198;;46,00198008;NCD;8;GAS;1;d;z003;
0;36;;0,05189812;;51,8981197;NCD;8;GAS;1;d;z003;
0;37;;0,051856022;;51,85602246;NCD;8;GAS;1;d;z003;
0;38;;0,050365023;;50,36502289;NCD;8;GAS;1;d;z003;
0;39;;0,047497838;;47,49783838;NCD;8;GAS;1;d;z003;
0;40;;0,048802621;;48,80262086;NCD;8;GAS;1;d;z003;
0;41;;0,061148971;;61,14897104;NCD;8;GAS;1;d;z003;
0;42;;0,054336372;;54,3363717;NCD;8;GAS;1;d;z003;
0;43;;0,046529541;;46,52954142;NCD;8;GAS;1;d;z003;
0;44;;0,06114901;;61,14901043;NCD;8;GAS;1;d;z003;
0;45;;0,05017737;;50,17737004;NCD;8;GAS;1;d;z003;
0;46;;0,063746558;;63,74655778;NCD;8;GAS;1;d;z003;
0;47;;0,047684996;;47,68499639;NCD;8;GAS;1;d;z003;
0;48;;0,057929227;;57,92922681;NCD;8;GAS;1;d;z003;
0;49;;0,045801221;;45,80122147;NCD;8;GAS;1;d;z003;
0;50;;0,057702404;;57,70240431;NCD;8;GAS;1;d;z003;
0;51;;0,055390459;;55,39045905;NCD;8;GAS;1;d;z003;
0;52;;0,058334301;;58,33430061;NCD;8;GAS;1;d;z003;
0;53;;0,048190961;;48,19096111;NCD;8;GAS;1;d;z003;
0;54;;0,062142568;;62,1425684;NCD;8;GAS;1;d;z003;
0;55;;0,04752221;;47,52220965;NCD;8;GAS;1;d;z003;
0;56;;0,047378201;;47,37820145;NCD;8;GAS;1;d;z003;
0;57;;0,056100005;;56,10000517;NCD;8;GAS;1;d;z003;
0;58;;0,069266291;;69,266291;NCD;8;GAS;1;d;z003;
0;59;;0,063538847;;63,53884667;NCD;8;GAS;1;d;z003;
0;60;;0,066419179;;66,41917862;NCD;8;GAS;1;d;z003;
0;61;;0,053648918;;53,6489178;NCD;8;GAS;1;d;z003;
0;62;;0,055432022;;55,43202224;NCD;8;GAS;1;d;z003;
0;63;;0,068915525;;68,91552472;NCD;8;GAS;1;d;z003;
0;64;;0,062271021;;62,27102131;NCD;8;GAS;1;d;z003;
0;65;;0,058600528;;58,60052801;NCD;8;GAS;1;d;z003;
0;66;;0,061709994;;61,70999404;NCD;8;GAS;1;d;z003;
0;67;;0,065943893;;65,94389334;NCD;8;GAS;1;d;z003;
0;68;;0,070685986;;70,68598643;NCD;8;GAS;1;d;z003;
0;69;;0,055594941;;55,59494138;NCD;8;GAS;1;d;z003;
0;1;;0,013463985;;13,46398494;NCD;8;GAS;1;i;z;
0;2;;0,025304772;;25,30477185;NCD;8;GAS;1;i;z;
0;3;;0,025952457;;25,95245741;NCD;8;GAS;1;i;z;
0;4;;0,03814854;;38,14853964;NCD;8;GAS;1;i;z;
0;5;;0,036344202;;36,34420169;NCD;8;GAS;1;i;z;
0;6;;0,039168114;;39,16811432;NCD;8;GAS;1;i;z;
0;7;;0,04127758;;41,2775801;NCD;8;GAS;1;i;z;
0;8;;0,044872709;;44,87270888;NCD;8;GAS;1;i;z;
0;9;;0,046809061;;46,80906066;NCD;8;GAS;1;i;z;
0;10;;0,038182847;;38,18284709;NCD;8;GAS;1;i;z;
0;11;;0,043068578;;43,06857804;NCD;8;GAS;1;i;z;
0;12;;0,052172996;;52,17299622;NCD;8;GAS;1;i;z;
0;13;;0,046980741;;46,98074058;NCD;8;GAS;1;i;z;
0;14;;0,047693152;;47,69315194;NCD;8;GAS;1;i;z;
0;15;;0,045994502;;45,99450236;NCD;8;GAS;1;i;z;
0;16;;0,048671085;;48,67108488;NCD;8;GAS;1;i;z;
0;17;;0,050932463;;50,93246279;NCD;8;GAS;1;i;z;
0;18;;0,048807;;48,80699998;NCD;8;GAS;1;i;z;
0;19;;0,053658557;;53,65855672;NCD;8;GAS;1;i;z;
0;20;;0,053791946;;53,79194555;NCD;8;GAS;1;i;z;
0;21;;0,051303411;;51,30341096;NCD;8;GAS;1;i;z;
0;22;;0,051319315;;51,31931538;NCD;8;GAS;1;i;z;
0;23;;0,052306838;;52,3068381;NCD;8;GAS;1;i;z;
0;24;;0,044765161;;44,76516056;NCD;8;GAS;1;i;z;
0;25;;0,046235377;;46,23537704;NCD;8;GAS;1;i;z;
0;26;;0,051096546;;51,096546;NCD;8;GAS;1;i;z;
0;27;;0,05076797;;50,76797018;NCD;8;GAS;1;i;z;
0;28;;0,052263409;;52,26340888;NCD;8;GAS;1;i;z;
0;29;;0,058305372;;58,30537167;NCD;8;GAS;1;i;z;
0;30;;0,050930836;;50,93083634;NCD;8;GAS;1;i;z;
0;31;;0,055992618;;55,99261812;NCD;8;GAS;1;i;z;
0;32;;0,051085434;;51,08543355;NCD;8;GAS;1;i;z;
0;33;;0,047446302;;47,44630166;NCD;8;GAS;1;i;z;
0;34;;0,047184121;;47,18412072;NCD;8;GAS;1;i;z;
0;35;;0,051467702;;51,46770194;NCD;8;GAS;1;i;z;
0;36;;0,048572245;;48,57224465;NCD;8;GAS;1;i;z;
0;37;;0,055462004;;55,46200368;NCD;8;GAS;1;i;z;
0;38;;0,04386237;;43,86237024;NCD;8;GAS;1;i;z;
0;39;;0,043891326;;43,89132612;NCD;8;GAS;1;i;z;
0;40;;0,047452201;;47,45220089;NCD;8;GAS;1;i;z;
0;41;;0,048388433;;48,38843254;NCD;8;GAS;1;i;z;
0;42;;0,051157641;;51,15764072;NCD;8;GAS;1;i;z;
0;43;;0,058904989;;58,90498869;NCD;8;GAS;1;i;z;
0;44;;0,049768233;;49,76823334;NCD;8;GAS;1;i;z;
0;45;;0,062831998;;62,83199764;NCD;8;GAS;1;i;z;
0;46;;0,051176177;;51,17617657;NCD;8;GAS;1;i;z;
0;47;;0,056902447;;56,9024468;NCD;8;GAS;1;i;z;
0;48;;0,049229415;;49,2294154;NCD;8;GAS;1;i;z;
0;49;;0,056099991;;56,09999062;NCD;8;GAS;1;i;z;
0;50;;0,061467717;;61,46771706;NCD;8;GAS;1;i;z;
0;51;;0,062434613;;62,43461348;NCD;8;GAS;1;i;z;
0;52;;0,053189387;;53,18938698;NCD;8;GAS;1;i;z;
0;53;;0,060284997;;60,28499661;NCD;8;GAS;1;i;z;
0;54;;0,05750295;;57,50294963;NCD;8;GAS;1;i;z;
0;55;;0,057320765;;57,32076507;NCD;8;GAS;1;i;z;
0;56;;0,068434389;;68,43438888;NCD;8;GAS;1;i;z;
0;1;;0,031267278;;31,26727796;NCD;8;GAS;1;i;z001;
0;2;;0,036503828;;36,50382797;NCD;8;GAS;1;i;z001;
0;3;;0,032592742;;32,5927415;NCD;8;GAS;1;i;z001;
0;4;;0,036459023;;36,45902298;NCD;8;GAS;1;i;z001;
0;5;;0,040056037;;40,05603696;NCD;8;GAS;1;i;z001;
0;6;;0,035676278;;35,67627797;NCD;8;GAS;1;i;z001;
0;7;;0,038385686;;38,38568554;NCD;8;GAS;1;i;z001;
0;8;;0,040592345;;40,59234513;NCD;8;GAS;1;i;z001;
0;9;;0,04014496;;40,14496027;NCD;8;GAS;1;i;z001;
0;10;;0,047061344;;47,06134355;NCD;8;GAS;1;i;z001;
0;11;;0,047257291;;47,25729138;NCD;8;GAS;1;i;z001;
0;12;;0,051254722;;51,25472194;NCD;8;GAS;1;i;z001;
0;13;;0,0515195;;51,51950026;NCD;8;GAS;1;i;z001;
0;14;;0,048120612;;48,12061245;NCD;8;GAS;1;i;z001;
0;15;;0,046075855;;46,0758552;NCD;8;GAS;1;i;z001;
0;16;;0,051654238;;51,65423805;NCD;8;GAS;1;i;z001;
0;17;;0,041965668;;41,96566812;NCD;8;GAS;1;i;z001;
0;18;;0,0504877;;50,48770033;NCD;8;GAS;1;i;z001;
0;19;;0,054233567;;54,23356705;NCD;8;GAS;1;i;z001;
0;20;;0,052733987;;52,7339871;NCD;8;GAS;1;i;z001;
0;21;;0,043016421;;43,0164207;NCD;8;GAS;1;i;z001;
0;22;;0,053142341;;53,14234108;NCD;8;GAS;1;i;z001;
0;23;;0,050526976;;50,526976;NCD;8;GAS;1;i;z001;
0;24;;0,056100005;;56,10000517;NCD;8;GAS;1;i;z001;
0;25;;0,056017997;;56,01799691;NCD;8;GAS;1;i;z001;
0;26;;0,057351912;;57,35191169;NCD;8;GAS;1;i;z001;
0;27;;0,05350825;;53,50825031;NCD;8;GAS;1;i;z001;
0;28;;0,055749385;;55,74938463;NCD;8;GAS;1;i;z001;
0;29;;0,051733965;;51,73396462;NCD;8;GAS;1;i;z001;
0;30;;0,049929004;;49,92900358;NCD;8;GAS;1;i;z001;
0;31;;0,052238754;;52,23875425;NCD;8;GAS;1;i;z001;
0;32;;0,057367463;;57,3674634;NCD;8;GAS;1;i;z001;
0;33;;0,050593193;;50,59319316;NCD;8;GAS;1;i;z001;
0;34;;0,052184465;;52,18446458;NCD;8;GAS;1;i;z001;
0;35;;0,049537356;;49,53735633;NCD;8;GAS;1;i;z001;
0;36;;0,051892838;;51,89283827;NCD;8;GAS;1;i;z001;
0;37;;0,051673652;;51,67365172;NCD;8;GAS;1;i;z001;
0;38;;0,057221972;;57,22197238;NCD;8;GAS;1;i;z001;
0;39;;0,054340305;;54,34030545;NCD;8;GAS;1;i;z001;
0;40;;0,050542048;;50,54204819;NCD;8;GAS;1;i;z001;
0;41;;0,059133112;;59,13311154;NCD;8;GAS;1;i;z001;
0;42;;0,050382437;;50,38243662;NCD;8;GAS;1;i;z001;
0;43;;0,053107444;;53,10744376;NCD;8;GAS;1;i;z001;
0;44;;0,056289522;;56,28952227;NCD;8;GAS;1;i;z001;
0;45;;0,058261389;;58,26138901;NCD;8;GAS;1;i;z001;
0;46;;0,058187664;;58,18766359;NCD;8;GAS;1;i;z001;
0;47;;0,055538985;;55,53898518;NCD;8;GAS;1;i;z001;
0;48;;0,05448467;;54,4846703;NCD;8;GAS;1;i;z001;
0;49;;0,056594007;;56,59400668;NCD;8;GAS;1;i;z001;
0;50;;0,062693223;;62,69322338;NCD;8;GAS;1;i;z001;
0;51;;0,05124818;;51,24818034;NCD;8;GAS;1;i;z001;
0;52;;0,057360242;;57,36024222;NCD;8;GAS;1;i;z001;
0;53;;0,05775826;;57,75825989;NCD;8;GAS;1;i;z001;
0;54;;0,064514985;;64,51498484;NCD;8;GAS;1;i;z001;
0;55;;0,046330673;;46,33067281;NCD;8;GAS;1;i;z001;
0;56;;0,057728836;;57,72883579;NCD;8;GAS;1;i;z001;
0;57;;0,059177767;;59,17776723;NCD;8;GAS;1;i;z001;
0;58;;0,055696888;;55,69688816;NCD;8;GAS;1;i;z001;
0;59;;0,060409493;;60,40949333;NCD;8;GAS;1;i;z001;
0;60;;0,053115254;;53,11525406;NCD;8;GAS;1;i;z001;
0;61;;0,054458227;;54,45822746;NCD;8;GAS;1;i;z001;
0;62;;0,055688013;;55,68801348;NCD;8;GAS;1;i;z001;
0;63;;0,058382171;;58,38217123;NCD;8;GAS;1;i;z001;
0;64;;0,061473912;;61,4739121;NCD;8;GAS;1;i;z001;
0;65;;0,062716367;;62,71636693;NCD;8;GAS;1;i;z001;
0;66;;0,061352182;;61,35218231;NCD;8;GAS;1;i;z001;
0;67;;0,062769588;;62,76958814;NCD;8;GAS;1;i;z001;
0;68;;0,051380381;;51,38038136;NCD;8;GAS;1;i;z001;
0;69;;0,069564005;;69,56400466;NCD;8;GAS;1;i;z001;
0;1;;0,020521704;;20,52170357;NCD;8;GAS;1;i;z002;
0;2;;0,021014198;;21,01419751;NCD;8;GAS;1;i;z002;
0;3;;0,023720608;;23,72060838;NCD;8;GAS;1;i;z002;
0;4;;0,021972702;;21,9727019;NCD;8;GAS;1;i;z002;
0;5;;0,025245012;;25,24501178;NCD;8;GAS;1;i;z002;
0;6;;0,024683992;;24,6839918;NCD;8;GAS;1;i;z002;
0;7;;0,020909821;;20,90982109;NCD;8;GAS;1;i;z002;
0;8;;0,022062796;;22,06279599;NCD;8;GAS;1;i;z002;
0;9;;0,026257802;;26,25780227;NCD;8;GAS;1;i;z002;
0;10;;0,025841372;;25,84137232;NCD;8;GAS;1;i;z002;
0;11;;0,026648366;;26,64836628;NCD;8;GAS;1;i;z002;
0;12;;0,021516111;;21,5161108;NCD;8;GAS;1;i;z002;
0;13;;0,021436431;;21,43643074;NCD;8;GAS;1;i;z002;
0;14;;0,027503328;;27,50332786;NCD;8;GAS;1;i;z002;
0;15;;0,029924922;;29,92492224;NCD;8;GAS;1;i;z002;
0;16;;0,030197256;;30,19725564;NCD;8;GAS;1;i;z002;
0;17;;0,028842735;;28,8427346;NCD;8;GAS;1;i;z002;
0;18;;0,031970483;;31,97048297;NCD;8;GAS;1;i;z002;
0;19;;0,026741358;;26,74135795;NCD;8;GAS;1;i;z002;
0;20;;0,02929136;;29,29136007;NCD;8;GAS;1;i;z002;
0;21;;0,021791372;;21,79137191;NCD;8;GAS;1;i;z002;
0;22;;0,034220997;;34,22099689;NCD;8;GAS;1;i;z002;
0;23;;0,02300099;;23,00099004;NCD;8;GAS;1;i;z002;
0;24;;0,029069444;;29,06944397;NCD;8;GAS;1;i;z002;
0;25;;0,028816006;;28,81600635;NCD;8;GAS;1;i;z002;
0;26;;0,034371529;;34,371529;NCD;8;GAS;1;i;z002;
0;27;;0,034762134;;34,7621337;NCD;8;GAS;1;i;z002;
0;28;;0,034481713;;34,48171318;NCD;8;GAS;1;i;z002;
0;29;;0,031874673;;31,87467254;NCD;8;GAS;1;i;z002;
0;30;;0,026408109;;26,40810874;NCD;8;GAS;1;i;z002;
0;31;;0,035502534;;35,5025336;NCD;8;GAS;1;i;z002;
0;32;;0,030661478;;30,66147778;NCD;8;GAS;1;i;z002;
0;33;;0,034607183;;34,60718342;NCD;8;GAS;1;i;z002;
0;34;;0,038493175;;38,49317472;NCD;8;GAS;1;i;z002;
0;35;;0,029465113;;29,46511343;NCD;8;GAS;1;i;z002;
0;36;;0,02601362;;26,01361978;NCD;8;GAS;1;i;z002;
0;37;;0,034761995;;34,76199523;NCD;8;GAS;1;i;z002;
0;38;;0,03744482;;37,44482026;NCD;8;GAS;1;i;z002;
0;39;;0,038743581;;38,74358074;NCD;8;GAS;1;i;z002;
0;40;;0,030266152;;30,26615242;NCD;8;GAS;1;i;z002;
0;41;;0,038875328;;38,87532802;NCD;8;GAS;1;i;z002;
0;42;;0,042075;;42,07500024;NCD;8;GAS;1;i;z002;
0;43;;0,035860225;;35,86022519;NCD;8;GAS;1;i;z002;
0;44;;0,032113532;;32,11353218;NCD;8;GAS;1;i;z002;
0;45;;0,036534021;;36,53402086;NCD;8;GAS;1;i;z002;
0;46;;0,038607024;;38,60702354;NCD;8;GAS;1;i;z002;
0;47;;0,041957083;;41,95708315;NCD;8;GAS;1;i;z002;
0;48;;0,039144389;;39,14438931;NCD;8;GAS;1;i;z002;
0;49;;0,036524764;;36,52476353;NCD;8;GAS;1;i;z002;
0;50;;0,048569588;;48,56958825;NCD;8;GAS;1;i;z002;
0;51;;0,038081941;;38,08194138;NCD;8;GAS;1;i;z002;
0;52;;0,035903999;;35,90399865;NCD;8;GAS;1;i;z002;
0;53;;0,040065385;;40,06538483;NCD;8;GAS;1;i;z002;
0;54;;0,032942264;;32,94226379;NCD;8;GAS;1;i;z002;
0;55;;0,037382137;;37,38213664;NCD;8;GAS;1;i;z002;
0;56;;0,045726777;;45,72677681;NCD;8;GAS;1;i;z002;
0;57;;0,035375047;;35,37504698;NCD;8;GAS;1;i;z002;
0;58;;0,046002009;;46,00200919;NCD;8;GAS;1;i;z002;
0;59;;0,034936045;;34,93604548;NCD;8;GAS;1;i;z002;
0;60;;0,046455467;;46,45546719;NCD;8;GAS;1;i;z002;
0;61;;0,041808418;;41,80841813;NCD;8;GAS;1;i;z002;
0;62;;0,034307563;;34,30756259;NCD;8;GAS;1;i;z002;
0;63;;0,040559902;;40,55990241;NCD;8;GAS;1;i;z002;
0;64;;0,039150633;;39,15063306;NCD;8;GAS;1;i;z002;
0;65;;0,049033343;;49,03334252;NCD;8;GAS;1;i;z002;
0;66;;0,040160472;;40,16047202;NCD;8;GAS;1;i;z002;
0;67;;0,040354236;;40,35423629;NCD;8;GAS;1;i;z002;
0;68;;0,052172982;;52,17298167;NCD;8;GAS;1;i;z002;
0;69;;0,043560416;;43,5604161;NCD;8;GAS;1;i;z002;
0;70;;0,043808383;;43,80838314;NCD;8;GAS;1;i;z002;
0;71;;0,046523198;;46,52319752;NCD;8;GAS;1;i;z002;
0;72;;0,04638793;;46,38792982;NCD;8;GAS;1;i;z002;
0;73;;0,042271604;;42,27160402;NCD;8;GAS;1;i;z002;
0;74;;0,034908457;;34,90845655;NCD;8;GAS;1;i;z002;
0;75;;0,040786911;;40,78691075;NCD;8;GAS;1;i;z002;
0;76;;0,043758017;;43,75801655;NCD;8;GAS;1;i;z002;
0;77;;0,048491065;;48,49106456;NCD;8;GAS;1;i;z002;
0;78;;0,046599116;;46,59911598;NCD;8;GAS;1;i;z002;
0;79;;0,049571668;;49,57166789;NCD;8;GAS;1;i;z002;
0;80;;0,052351851;;52,35185061;NCD;8;GAS;1;i;z002;
0;81;;0,055538985;;55,53898518;NCD;8;GAS;1;i;z002;
0;82;;0,047384854;;47,38485379;NCD;8;GAS;1;i;z002;
0;83;;0,046889167;;46,88916661;NCD;8;GAS;1;i;z002;
0;84;;0,035066665;;35,06666461;NCD;8;GAS;1;i;z002;
0;85;;0,055937981;;55,93798141;NCD;8;GAS;1;i;z002;
0;86;;0,04806643;;48,06642985;NCD;8;GAS;1;i;z002;
0;87;;0,053149392;;53,14939236;NCD;8;GAS;1;i;z002;
0;88;;0,04869972;;48,69971998;NCD;8;GAS;1;i;z002;
0;89;;0,037883901;;37,88390052;NCD;8;GAS;1;i;z002;
0;90;;0,047812485;;47,81248548;NCD;8;GAS;1;i;z002;
0;91;;0,052051018;;52,05101787;NCD;8;GAS;1;i;z002;
0;92;;0,04462911;;44,62910967;NCD;8;GAS;1;i;z002;
0;93;;0,047425549;;47,42554857;NCD;8;GAS;1;i;z002;
0;94;;0,041581989;;41,58198907;NCD;8;GAS;1;i;z002;
0;95;;0,048299599;;48,29959885;NCD;8;GAS;1;i;z002;
0;96;;0,050517388;;50,51738843;NCD;8;GAS;1;i;z002;
0;97;;0,042374647;;42,37464697;NCD;8;GAS;1;i;z002;
0;98;;0,057076519;;57,07651926;NCD;8;GAS;1;i;z002;
0;1;;0,025245012;;25,24501178;NCD;8;GAS;2;d;z;
0;2;;0,03546724;;35,46723979;NCD;8;GAS;2;d;z;
0;3;;0,035342993;;35,34299321;NCD;8;GAS;2;d;z;
0;4;;0,028173186;;28,17318599;NCD;8;GAS;2;d;z;
0;5;;0,031909224;;31,90922375;NCD;8;GAS;2;d;z;
0;6;;0,032555986;;32,55598649;NCD;8;GAS;2;d;z;
0;7;;0,037910984;;37,91098401;NCD;8;GAS;2;d;z;
0;8;;0,034782002;;34,78200233;NCD;8;GAS;2;d;z;
0;9;;0,043197011;;43,19701111;NCD;8;GAS;2;d;z;
0;10;;0,032857333;;32,85733266;NCD;8;GAS;2;d;z;
0;11;;0,034081341;;34,08134111;NCD;8;GAS;2;d;z;
0;12;;0,0394921;;39,49210047;NCD;8;GAS;2;d;z;
0;13;;0,039284114;;39,28411425;NCD;8;GAS;2;d;z;
0;14;;0,037729286;;37,72928561;NCD;8;GAS;2;d;z;
0;15;;0,037362895;;37,36289457;NCD;8;GAS;2;d;z;
0;16;;0,032110714;;32,11071395;NCD;8;GAS;2;d;z;
0;17;;0,03675444;;36,75443976;NCD;8;GAS;2;d;z;
0;18;;0,039306658;;39,30665803;NCD;8;GAS;2;d;z;
0;19;;0,04258679;;42,58679039;NCD;8;GAS;2;d;z;
0;20;;0,038624714;;38,6247138;NCD;8;GAS;2;d;z;
0;21;;0,040480036;;40,48003633;NCD;8;GAS;2;d;z;
0;22;;0,044936404;;44,93640448;NCD;8;GAS;2;d;z;
0;23;;0,038637954;;38,63795376;NCD;8;GAS;2;d;z;
0;24;;0,04402295;;44,02295032;NCD;8;GAS;2;d;z;
0;25;;0,036927719;;36,92771949;NCD;8;GAS;2;d;z;
0;26;;0,04147551;;41,47550961;NCD;8;GAS;2;d;z;
0;27;;0,045924579;;45,92457925;NCD;8;GAS;2;d;z;
0;28;;0,039343829;;39,34382909;NCD;8;GAS;2;d;z;
0;29;;0,045254345;;45,254345;NCD;8;GAS;2;d;z;
0;30;;0,044545763;;44,54576268;NCD;8;GAS;2;d;z;
0;31;;0,047184965;;47,1849654;NCD;8;GAS;2;d;z;
0;32;;0,042075;;42,07500024;NCD;8;GAS;2;d;z;
0;33;;0,040744026;;40,74402593;NCD;8;GAS;2;d;z;
0;34;;0,029694943;;29,69494301;NCD;8;GAS;2;d;z;
0;35;;0,043285887;;43,28588667;NCD;8;GAS;2;d;z;
0;36;;0,042281704;;42,28170399;NCD;8;GAS;2;d;z;
0;37;;0,039519375;;39,51937478;NCD;8;GAS;2;d;z;
0;38;;0,034047275;;34,04727548;NCD;8;GAS;2;d;z;
0;39;;0,050471855;;50,47185472;NCD;8;GAS;2;d;z;
0;40;;0,040112885;;40,11288496;NCD;8;GAS;2;d;z;
0;41;;0,032432379;;32,43237858;NCD;8;GAS;2;d;z;
0;42;;0,046002009;;46,00200919;NCD;8;GAS;2;d;z;
0;43;;0,047684996;;47,68499639;NCD;8;GAS;2;d;z;
0;44;;0,039549459;;39,54945878;NCD;8;GAS;2;d;z;
0;45;;0,04822125;;48,22125027;NCD;8;GAS;2;d;z;
0;46;;0,041300962;;41,30096173;NCD;8;GAS;2;d;z;
0;47;;0,04417396;;44,17396006;NCD;8;GAS;2;d;z;
0;48;;0,035828016;;35,82801616;NCD;8;GAS;2;d;z;
0;49;;0,043152542;;43,1525424;NCD;8;GAS;2;d;z;
0;50;;0,045889705;;45,88970509;NCD;8;GAS;2;d;z;
0;51;;0,043681975;;43,68197527;NCD;8;GAS;2;d;z;
0;52;;0,044140386;;44,14038564;NCD;8;GAS;2;d;z;
0;53;;0,050466605;;50,46660506;NCD;8;GAS;2;d;z;
0;54;;0,03869222;;38,69221956;NCD;8;GAS;2;d;z;
0;55;;0,04005448;;40,05448;NCD;8;GAS;2;d;z;
0;56;;0,041470409;;41,47040895;NCD;8;GAS;2;d;z;
0;57;;0,043500438;;43,50043819;NCD;8;GAS;2;d;z;
0;58;;0,045374359;;45,3743594;NCD;8;GAS;2;d;z;
0;59;;0,037039284;;37,03928447;NCD;8;GAS;2;d;z;
0;60;;0,042017431;;42,01743102;NCD;8;GAS;2;d;z;
0;61;;0,039567876;;39,56787629;NCD;8;GAS;2;d;z;
0;62;;0,046668217;;46,66821674;NCD;8;GAS;2;d;z;
0;63;;0,043546339;;43,54633899;NCD;8;GAS;2;d;z;
0;64;;0,045668972;;45,66897248;NCD;8;GAS;2;d;z;
0;65;;0,04310054;;43,10054046;NCD;8;GAS;2;d;z;
0;66;;0,041347392;;41,3473917;NCD;8;GAS;2;d;z;
0;67;;0,047521888;;47,52188782;NCD;8;GAS;2;d;z;
0;68;;0,050091118;;50,09111819;NCD;8;GAS;2;d;z;
0;69;;0,049646215;;49,64621533;NCD;8;GAS;2;d;z;
0;70;;0,042018541;;42,01854061;NCD;8;GAS;2;d;z;
0;71;;0,043637198;;43,63719835;NCD;8;GAS;2;d;z;
0;72;;0,045222323;;45,22232339;NCD;8;GAS;2;d;z;
0;73;;0,043330442;;43,33044248;NCD;8;GAS;2;d;z;
0;74;;0,040354867;;40,35486737;NCD;8;GAS;2;d;z;
0;75;;0,046414409;;46,41440943;NCD;8;GAS;2;d;z;
0;76;;0,045950931;;45,95093146;NCD;8;GAS;2;d;z;
0;77;;0,044669473;;44,66947263;NCD;8;GAS;2;d;z;
0;78;;0,054417003;;54,41700341;NCD;8;GAS;2;d;z;
0;79;;0,053855998;;53,85599798;NCD;8;GAS;2;d;z;
0;80;;0,049368013;;49,3680127;NCD;8;GAS;2;d;z;
0;81;;0,051594365;;51,59436462;NCD;8;GAS;2;d;z;
0;82;;0,051950021;;51,95002054;NCD;8;GAS;2;d;z;
0;83;;0,054164035;;54,16403506;NCD;8;GAS;2;d;z;
0;84;;0,051373067;;51,37306656;NCD;8;GAS;2;d;z;
0;85;;0,038383069;;38,3830686;NCD;8;GAS;2;d;z;
0;86;;0,053497893;;53,497893;NCD;8;GAS;2;d;z;
0;87;;0,058159698;;58,15969759;NCD;8;GAS;2;d;z;
0;88;;0,056685261;;56,68526144;NCD;8;GAS;2;d;z;
0;89;;0,059780549;;59,78054902;NCD;8;GAS;2;d;z;
0;90;;0,045914609;;45,91460894;NCD;8;GAS;2;d;z;
0;91;;0,048829349;;48,82934928;NCD;8;GAS;2;d;z;
0;1;;0,032337268;;32,33726787;NCD;8;GAS;2;d;z001;
0;2;;0,02511391;;25,11391041;NCD;8;GAS;2;d;z001;
0;3;;0,027278837;;27,27883707;NCD;8;GAS;2;d;z001;
0;4;;0,028991832;;28,9918318;NCD;8;GAS;2;d;z001;
0;5;;0,030802228;;30,80222842;NCD;8;GAS;2;d;z001;
0;6;;0,031415999;;31,41599882;NCD;8;GAS;2;d;z001;
0;7;;0,027950425;;27,95042499;NCD;8;GAS;2;d;z001;
0;8;;0,028833764;;28,83376434;NCD;8;GAS;2;d;z001;
0;9;;0,030548489;;30,5484893;NCD;8;GAS;2;d;z001;
0;10;;0,031147635;;31,14763535;NCD;8;GAS;2;d;z001;
0;11;;0,033557477;;33,55747674;NCD;8;GAS;2;d;z001;
0;12;;0,03155723;;31,55723018;NCD;8;GAS;2;d;z001;
0;13;;0,037289348;;37,2893481;NCD;8;GAS;2;d;z001;
0;14;;0,027730002;;27,7300025;NCD;8;GAS;2;d;z001;
0;15;;0,03253801;;32,53800969;NCD;8;GAS;2;d;z001;
0;16;;0,02643179;;26,43178963;NCD;8;GAS;2;d;z001;
0;17;;0,032333224;;32,33322441;NCD;8;GAS;2;d;z001;
0;18;;0,032140937;;32,14093737;NCD;8;GAS;2;d;z001;
0;19;;0,03315799;;33,15799019;NCD;8;GAS;2;d;z001;
0;20;;0,034641107;;34,64110721;NCD;8;GAS;2;d;z001;
0;21;;0,039994629;;39,99462867;NCD;8;GAS;2;d;z001;
0;22;;0,037508405;;37,50840478;NCD;8;GAS;2;d;z001;
0;23;;0,040761555;;40,76155481;NCD;8;GAS;2;d;z001;
0;24;;0,035375053;;35,37505349;NCD;8;GAS;2;d;z001;
0;25;;0,039164176;;39,16417565;NCD;8;GAS;2;d;z001;
0;26;;0,036417172;;36,4171724;NCD;8;GAS;2;d;z001;
0;27;;0,039491281;;39,49128054;NCD;8;GAS;2;d;z001;
0;28;;0,038677038;;38,6770381;NCD;8;GAS;2;d;z001;
0;29;;0,038147999;;38,14799857;NCD;8;GAS;2;d;z001;
0;30;;0,037313795;;37,31379523;NCD;8;GAS;2;d;z001;
0;31;;0,042075;;42,07500024;NCD;8;GAS;2;d;z001;
0;32;;0,036066625;;36,06662543;NCD;8;GAS;2;d;z001;
0;33;;0,042782592;;42,7825919;NCD;8;GAS;2;d;z001;
0;34;;0,039884579;;39,88457904;NCD;8;GAS;2;d;z001;
0;35;;0,037685276;;37,68527635;NCD;8;GAS;2;d;z001;
0;36;;0,036370565;;36,37056536;NCD;8;GAS;2;d;z001;
0;37;;0,040961507;;40,96150721;NCD;8;GAS;2;d;z001;
0;38;;0,035466359;;35,46635859;NCD;8;GAS;2;d;z001;
0;39;;0,042689735;;42,68973478;NCD;8;GAS;2;d;z001;
0;40;;0,039836042;;39,83604174;NCD;8;GAS;2;d;z001;
0;41;;0,044115825;;44,11582544;NCD;8;GAS;2;d;z001;
0;42;;0,037378257;;37,37825702;NCD;8;GAS;2;d;z001;
0;43;;0,045244179;;45,24417875;NCD;8;GAS;2;d;z001;
0;44;;0,046989901;;46,98990144;NCD;8;GAS;2;d;z001;
0;45;;0,035103367;;35,10336721;NCD;8;GAS;2;d;z001;
0;46;;0,047177913;;47,17791274;NCD;8;GAS;2;d;z001;
0;47;;0,04219698;;42,19697971;NCD;8;GAS;2;d;z001;
0;48;;0,042029981;;42,02998089;NCD;8;GAS;2;d;z001;
0;49;;0,045618999;;45,6189987;NCD;8;GAS;2;d;z001;
0;50;;0,044523479;;44,52347942;NCD;8;GAS;2;d;z001;
0;51;;0,047403587;;47,40358682;NCD;8;GAS;2;d;z001;
0;52;;0,041583161;;41,58316082;NCD;8;GAS;2;d;z001;
0;53;;0,042453913;;42,45391321;NCD;8;GAS;2;d;z001;
0;54;;0,051085411;;51,08541089;NCD;8;GAS;2;d;z001;
0;55;;0,044641749;;44,64174889;NCD;8;GAS;2;d;z001;
0;56;;0,041101874;;41,10187428;NCD;8;GAS;2;d;z001;
0;57;;0,047541522;;47,54152213;NCD;8;GAS;2;d;z001;
0;58;;0,052131288;;52,13128765;NCD;8;GAS;2;d;z001;
0;59;;0,036862159;;36,8621588;NCD;8;GAS;2;d;z001;
0;60;;0,048606399;;48,60639929;NCD;8;GAS;2;d;z001;
0;61;;0,046515953;;46,51595297;NCD;8;GAS;2;d;z001;
0;62;;0,056490687;;56,49068658;NCD;8;GAS;2;d;z001;
0;63;;0,051203134;;51,20313448;NCD;8;GAS;2;d;z001;
0;64;;0,049060917;;49,06091742;NCD;8;GAS;2;d;z001;
0;65;;0,050169024;;50,16902436;NCD;8;GAS;2;d;z001;
0;66;;0,043533853;;43,53385307;NCD;8;GAS;2;d;z001;
0;67;;0,044763047;;44,76304719;NCD;8;GAS;2;d;z001;
0;68;;0,052388154;;52,38815368;NCD;8;GAS;2;d;z001;
0;69;;0,053700888;;53,70088822;NCD;8;GAS;2;d;z001;
0;70;;0,0459426;;45,94260002;NCD;8;GAS;2;d;z001;
0;71;;0,062661579;;62,66157904;NCD;8;GAS;2;d;z001;
0;72;;0,052168242;;52,16824152;NCD;8;GAS;2;d;z001;
0;73;;0,042814481;;42,81448064;NCD;8;GAS;2;d;z001;
0;74;;0,059615221;;59,61522103;NCD;8;GAS;2;d;z001;
0;75;;0,054417003;;54,41700341;NCD;8;GAS;2;d;z001;
0;76;;0,050379245;;50,37924524;NCD;8;GAS;2;d;z001;
0;77;;0,043304081;;43,30408107;NCD;8;GAS;2;d;z001;
0;78;;0,064920575;;64,92057542;NCD;8;GAS;2;d;z001;
0;79;;0,057084206;;57,08420643;NCD;8;GAS;2;d;z001;
0;80;;0,055415861;;55,41586138;NCD;8;GAS;2;d;z001;
0;81;;0,052140684;;52,14068395;NCD;8;GAS;2;d;z001;
0;82;;0,05751953;;57,51953031;NCD;8;GAS;2;d;z001;
0;83;;0,053789136;;53,78913552;NCD;8;GAS;2;d;z001;
0;84;;0,037098893;;37,09889273;NCD;8;GAS;2;d;z001;
0;85;;0,055156329;;55,15632948;NCD;8;GAS;2;d;z001;
0;86;;0,05643169;;56,43169003;NCD;8;GAS;2;d;z001;
0;87;;0,058425893;;58,42589277;NCD;8;GAS;2;d;z001;
0;88;;0,052004565;;52,00456501;NCD;8;GAS;2;d;z001;
0;89;;0,059021084;;59,02108359;NCD;8;GAS;2;d;z001;
0;90;;0,038189716;;38,18971575;NCD;8;GAS;2;d;z001;
0;91;;0,05018882;;50,18881992;NCD;8;GAS;2;d;z001;
0;92;;0,055021039;;55,02103933;NCD;8;GAS;2;d;z001;
0;1;;0,020823626;;20,8236262;NCD;8;GAS;2;d;z002;
0;2;;0,02805001;;28,05000986;NCD;8;GAS;2;d;z002;
0;3;;0,020904317;;20,90431704;NCD;8;GAS;2;d;z002;
0;4;;0,027732269;;27,73226864;NCD;8;GAS;2;d;z002;
0;5;;0,025211004;;25,21100377;NCD;8;GAS;2;d;z002;
0;6;;0,025356377;;25,35637682;NCD;8;GAS;2;d;z002;
0;7;;0,032337268;;32,33726787;NCD;8;GAS;2;d;z002;
0;8;;0,022869846;;22,86984615;NCD;8;GAS;2;d;z002;
0;9;;0,030214784;;30,21478355;NCD;8;GAS;2;d;z002;
0;10;;0,028395279;;28,39527938;NCD;8;GAS;2;d;z002;
0;11;;0,034590818;;34,59081845;NCD;8;GAS;2;d;z002;
0;12;;0,029166927;;29,16692702;NCD;8;GAS;2;d;z002;
0;13;;0,031257315;;31,25731488;NCD;8;GAS;2;d;z002;
0;14;;0,033543453;;33,54345344;NCD;8;GAS;2;d;z002;
0;15;;0,025709238;;25,70923838;NCD;8;GAS;2;d;z002;
0;16;;0,032603958;;32,60395795;NCD;8;GAS;2;d;z002;
0;17;;0,029337537;;29,33753694;NCD;8;GAS;2;d;z002;
0;18;;0,035333908;;35,33390797;NCD;8;GAS;2;d;z002;
0;19;;0,03012738;;30,12738014;NCD;8;GAS;2;d;z002;
0;20;;0,03421488;;34,21487969;NCD;8;GAS;2;d;z002;
0;21;;0,035695655;;35,69565478;NCD;8;GAS;2;d;z002;
0;22;;0,034120633;;34,12063323;NCD;8;GAS;2;d;z002;
0;23;;0,039260143;;39,26014254;NCD;8;GAS;2;d;z002;
0;24;;0,036507766;;36,50776586;NCD;8;GAS;2;d;z002;
0;25;;0,043482975;;43,48297469;NCD;8;GAS;2;d;z002;
0;26;;0,040510429;;40,5104294;NCD;8;GAS;2;d;z002;
0;27;;0,031393064;;31,39306389;NCD;8;GAS;2;d;z002;
0;28;;0,041652014;;41,65201375;NCD;8;GAS;2;d;z002;
0;29;;0,036708946;;36,70894561;NCD;8;GAS;2;d;z002;
0;30;;0,033367948;;33,36794756;NCD;8;GAS;2;d;z002;
0;31;;0,041460164;;41,4601636;NCD;8;GAS;2;d;z002;
0;32;;0,037726135;;37,72613464;NCD;8;GAS;2;d;z002;
0;33;;0,044204687;;44,20468711;NCD;8;GAS;2;d;z002;
0;34;;0,047123998;;47,12399823;NCD;8;GAS;2;d;z002;
0;35;;0,044133285;;44,13328532;NCD;8;GAS;2;d;z002;
0;36;;0,036127715;;36,12771476;NCD;8;GAS;2;d;z002;
0;37;;0,03570183;;35,70183033;NCD;8;GAS;2;d;z002;
0;38;;0,038921091;;38,9210911;NCD;8;GAS;2;d;z002;
0;39;;0,042342523;;42,34252345;NCD;8;GAS;2;d;z002;
0;40;;0,04616563;;46,16563025;NCD;8;GAS;2;d;z002;
0;41;;0,045222318;;45,22231825;NCD;8;GAS;2;d;z002;
0;42;;0,042250726;;42,25072626;NCD;8;GAS;2;d;z002;
0;43;;0,044911321;;44,91132081;NCD;8;GAS;2;d;z002;
0;44;;0,041596989;;41,59698943;NCD;8;GAS;2;d;z002;
0;45;;0,045094847;;45,09484668;NCD;8;GAS;2;d;z002;
0;46;;0,044618655;;44,61865522;NCD;8;GAS;2;d;z002;
0;47;;0,041156891;;41,15689121;NCD;8;GAS;2;d;z002;
0;48;;0,046487991;;46,487991;NCD;8;GAS;2;d;z002;
0;49;;0,046015705;;46,01570489;NCD;8;GAS;2;d;z002;
0;50;;0,052387483;;52,38748256;NCD;8;GAS;2;d;z002;
0;51;;0,051360815;;51,36081497;NCD;8;GAS;2;d;z002;
0;52;;0,054417003;;54,41700341;NCD;8;GAS;2;d;z002;
0;53;;0,050151716;;50,15171615;NCD;8;GAS;2;d;z002;
0;54;;0,055708308;;55,70830824;NCD;8;GAS;2;d;z002;
0;55;;0,048828429;;48,82842855;NCD;8;GAS;2;d;z002;
0;56;;0,052782735;;52,78273519;NCD;8;GAS;2;d;z002;
0;57;;0,042493122;;42,4931218;NCD;8;GAS;2;d;z002;
0;58;;0,044085224;;44,08522449;NCD;8;GAS;2;d;z002;
0;59;;0,049113275;;49,11327515;NCD;8;GAS;2;d;z002;
0;60;;0,055987637;;55,98763691;NCD;8;GAS;2;d;z002;
0;61;;0,045915887;;45,91588712;NCD;8;GAS;2;d;z002;
0;62;;0,045965848;;45,96584773;NCD;8;GAS;2;d;z002;
0;63;;0,052594238;;52,59423846;NCD;8;GAS;2;d;z002;
0;64;;0,05387726;;53,87726022;NCD;8;GAS;2;d;z002;
0;65;;0,053924336;;53,92433588;NCD;8;GAS;2;d;z002;
0;66;;0,048956456;;48,95645633;NCD;8;GAS;2;d;z002;
0;67;;0,047384911;;47,38491055;NCD;8;GAS;2;d;z002;
0;68;;0,041993288;;41,99328784;NCD;8;GAS;2;d;z002;
0;69;;0,053147321;;53,14732076;NCD;8;GAS;2;d;z002;
0;70;;0,052761854;;52,76185424;NCD;8;GAS;2;d;z002;
0;71;;0,054002692;;54,00269246;NCD;8;GAS;2;d;z002;
0;72;;0,048274495;;48,27449501;NCD;8;GAS;2;d;z002;
0;73;;0,062830152;;62,83015188;NCD;8;GAS;2;d;z002;
0;74;;0,050321188;;50,32118843;NCD;8;GAS;2;d;z002;
0;75;;0,056534549;;56,53454892;NCD;8;GAS;2;d;z002;
0;76;;0,04839437;;48,39436992;NCD;8;GAS;2;d;z002;
0;77;;0,057841727;;57,84172692;NCD;8;GAS;2;d;z002;
0;78;;0,051976255;;51,97625537;NCD;8;GAS;2;d;z002;
0;79;;0,059782915;;59,78291463;NCD;8;GAS;2;d;z002;
0;80;;0,058992922;;58,99292152;NCD;8;GAS;2;d;z002;
0;81;;0,053984625;;53,98462512;NCD;8;GAS;2;d;z002;
0;82;;0,053935037;;53,93503714;NCD;8;GAS;2;d;z002;
0;83;;0,055167338;;55,16733848;NCD;8;GAS;2;d;z002;
0;1;;0,024461504;;24,46150388;NCD;8;GAS;2;i;z;
0;2;;0,028350214;;28,35021446;NCD;8;GAS;2;i;z;
0;3;;0,029732997;;29,73299706;NCD;8;GAS;2;i;z;
0;4;;0,03415479;;34,15478971;NCD;8;GAS;2;i;z;
0;5;;0,032753283;;32,75328341;NCD;8;GAS;2;i;z;
0;6;;0,036465004;;36,46500409;NCD;8;GAS;2;i;z;
0;7;;0,034781988;;34,78198778;NCD;8;GAS;2;i;z;
0;8;;0,036036873;;36,03687296;NCD;8;GAS;2;i;z;
0;9;;0,040601958;;40,60195843;NCD;8;GAS;2;i;z;
0;10;;0,035616661;;35,61666076;NCD;8;GAS;2;i;z;
0;11;;0,038337169;;38,33716861;NCD;8;GAS;2;i;z;
0;12;;0,037226763;;37,22676321;NCD;8;GAS;2;i;z;
0;13;;0,037587015;;37,58701496;NCD;8;GAS;2;i;z;
0;14;;0,042417827;;42,41782675;NCD;8;GAS;2;i;z;
0;15;;0,037428402;;37,42840223;NCD;8;GAS;2;i;z;
0;16;;0,037288601;;37,28860104;NCD;8;GAS;2;i;z;
0;17;;0,03915962;;39,15962014;NCD;8;GAS;2;i;z;
0;18;;0,043764344;;43,7643443;NCD;8;GAS;2;i;z;
0;19;;0,037676197;;37,67619714;NCD;8;GAS;2;i;z;
0;20;;0,038300355;;38,30035459;NCD;8;GAS;2;i;z;
0;21;;0,036084948;;36,08494755;NCD;8;GAS;2;i;z;
0;22;;0,040391984;;40,39198393;NCD;8;GAS;2;i;z;
0;23;;0,041479012;;41,47901209;NCD;8;GAS;2;i;z;
0;24;;0,039548818;;39,54881786;NCD;8;GAS;2;i;z;
0;25;;0,039644869;;39,64486896;NCD;8;GAS;2;i;z;
0;26;;0,032474432;;32,47443225;NCD;8;GAS;2;i;z;
0;27;;0,038170438;;38,17043819;NCD;8;GAS;2;i;z;
0;28;;0,034191908;;34,19190812;NCD;8;GAS;2;i;z;
0;29;;0,044157713;;44,15771257;NCD;8;GAS;2;i;z;
0;30;;0,037847623;;37,84762329;NCD;8;GAS;2;i;z;
0;31;;0,035735393;;35,73539339;NCD;8;GAS;2;i;z;
0;32;;0,037164078;;37,1640782;NCD;8;GAS;2;i;z;
0;33;;0,039263443;;39,2634426;NCD;8;GAS;2;i;z;
0;34;;0,038969317;;38,96931737;NCD;8;GAS;2;i;z;
0;35;;0,038875343;;38,87534345;NCD;8;GAS;2;i;z;
0;36;;0,035303325;;35,3033248;NCD;8;GAS;2;i;z;
0;37;;0,039256055;;39,25605547;NCD;8;GAS;2;i;z;
0;38;;0,047797032;;47,79703239;NCD;8;GAS;2;i;z;
0;39;;0,03867042;;38,67042032;NCD;8;GAS;2;i;z;
0;40;;0,042318554;;42,31855439;NCD;8;GAS;2;i;z;
0;41;;0,040367655;;40,36765464;NCD;8;GAS;2;i;z;
0;42;;0,033651268;;33,6512681;NCD;8;GAS;2;i;z;
0;43;;0,037087218;;37,087218;NCD;8;GAS;2;i;z;
0;44;;0,03927201;;39,27200976;NCD;8;GAS;2;i;z;
0;45;;0,036573411;;36,57341134;NCD;8;GAS;2;i;z;
0;46;;0,036663326;;36,66332568;NCD;8;GAS;2;i;z;
0;47;;0,048848063;;48,84806308;NCD;8;GAS;2;i;z;
0;48;;0,040474576;;40,47457635;NCD;8;GAS;2;i;z;
0;49;;0,048637586;;48,63758592;NCD;8;GAS;2;i;z;
0;50;;0,046105206;;46,10520593;NCD;8;GAS;2;i;z;
0;51;;0,043123618;;43,12361764;NCD;8;GAS;2;i;z;
0;52;;0,040835152;;40,83515192;NCD;8;GAS;2;i;z;
0;53;;0,03814802;;38,14802039;NCD;8;GAS;2;i;z;
0;54;;0,048822834;;48,82283382;NCD;8;GAS;2;i;z;
0;55;;0,043775953;;43,77595311;NCD;8;GAS;2;i;z;
0;56;;0,04673801;;46,73801043;NCD;8;GAS;2;i;z;
0;57;;0,0372735;;37,27349996;NCD;8;GAS;2;i;z;
0;58;;0,046131607;;46,13160667;NCD;8;GAS;2;i;z;
0;59;;0,051004659;;51,00465893;NCD;8;GAS;2;i;z;
0;60;;0,04035074;;40,35073952;NCD;8;GAS;2;i;z;
0;61;;0,049066925;;49,06692469;NCD;8;GAS;2;i;z;
0;62;;0,044787492;;44,78749209;NCD;8;GAS;2;i;z;
0;63;;0,042017614;;42,01761371;NCD;8;GAS;2;i;z;
0;64;;0,040226555;;40,22655466;NCD;8;GAS;2;i;z;
0;65;;0,049617042;;49,61704212;NCD;8;GAS;2;i;z;
0;66;;0,042065521;;42,06552109;NCD;8;GAS;2;i;z;
0;67;;0,037525589;;37,52558938;NCD;8;GAS;2;i;z;
0;68;;0,040672579;;40,67257884;NCD;8;GAS;2;i;z;
0;69;;0,045429866;;45,42986645;NCD;8;GAS;2;i;z;
0;70;;0,048171753;;48,17175272;NCD;8;GAS;2;i;z;
0;71;;0,041072549;;41,07254861;NCD;8;GAS;2;i;z;
0;72;;0,049919112;;49,91911241;NCD;8;GAS;2;i;z;
0;73;;0,042247071;;42,24707106;NCD;8;GAS;2;i;z;
0;74;;0,042364758;;42,36475754;NCD;8;GAS;2;i;z;
0;75;;0,052172982;;52,17298167;NCD;8;GAS;2;i;z;
0;76;;0,046828419;;46,82841946;NCD;8;GAS;2;i;z;
0;77;;0,041335698;;41,33569829;NCD;8;GAS;2;i;z;
0;78;;0,047977978;;47,97797765;NCD;8;GAS;2;i;z;
0;79;;0,043665782;;43,66578227;NCD;8;GAS;2;i;z;
0;80;;0,051999589;;51,99958867;NCD;8;GAS;2;i;z;
0;81;;0,050490024;;50,49002357;NCD;8;GAS;2;i;z;
0;82;;0,036465004;;36,46500409;NCD;8;GAS;2;i;z;
0;83;;0,043799017;;43,79901663;NCD;8;GAS;2;i;z;
0;84;;0,039079282;;39,0792816;NCD;8;GAS;2;i;z;
0;85;;0,045496147;;45,4961472;NCD;8;GAS;2;i;z;
0;86;;0,053855998;;53,85599798;NCD;8;GAS;2;i;z;
0;87;;0,043027806;;43,02780559;NCD;8;GAS;2;i;z;
0;88;;0,051449479;;51,44947892;NCD;8;GAS;2;i;z;
0;89;;0,054392178;;54,39217816;NCD;8;GAS;2;i;z;
0;90;;0,038514255;;38,51425488;NCD;8;GAS;2;i;z;
0;91;;0,047818343;;47,81834272;NCD;8;GAS;2;i;z;
0;92;;0,043751167;;43,75116682;NCD;8;GAS;2;i;z;
0;93;;0,04479499;;44,79499044;NCD;8;GAS;2;i;z;
0;94;;0,046641281;;46,64128122;NCD;8;GAS;2;i;z;
0;95;;0,043325102;;43,32510205;NCD;8;GAS;2;i;z;
0;96;;0,044318998;;44,31899833;NCD;8;GAS;2;i;z;
0;97;;0,042635991;;42,63599112;NCD;8;GAS;2;i;z;
0;98;;0,056442633;;56,44263254;NCD;8;GAS;2;i;z;
0;99;;0,052146922;;52,14692231;NCD;8;GAS;2;i;z;
0;100;;0,045619354;;45,61935361;NCD;8;GAS;2;i;z;
0;101;;0,051533357;;51,53335727;NCD;8;GAS;2;i;z;
0;102;;0,048708472;;48,70847192;NCD;8;GAS;2;i;z;
0;103;;0,041953134;;41,9531343;NCD;8;GAS;2;i;z;
0;104;;0,048227294;;48,22729357;NCD;8;GAS;2;i;z;
0;105;;0,046019404;;46,01940378;NCD;8;GAS;2;i;z;
0;106;;0,051003148;;51,00314763;NCD;8;GAS;2;i;z;
0;1;;0,014380506;;14,3805064;NCD;8;GAS;2;i;z001;
0;2;;0,024634291;;24,6342914;NCD;8;GAS;2;i;z001;
0;3;;0,01794525;;17,94524996;NCD;8;GAS;2;i;z001;
0;4;;0,018106132;;18,10613218;NCD;8;GAS;2;i;z001;
0;5;;0,029171999;;29,1719989;NCD;8;GAS;2;i;z001;
0;6;;0,032218426;;32,21842596;NCD;8;GAS;2;i;z001;
0;7;;0,024227634;;24,22763417;NCD;8;GAS;2;i;z001;
0;8;;0,029719188;;29,71918788;NCD;8;GAS;2;i;z001;
0;9;;0,024305032;;24,30503178;NCD;8;GAS;2;i;z001;
0;10;;0,02919237;;29,19237;NCD;8;GAS;2;i;z001;
0;11;;0,035701838;;35,70183805;NCD;8;GAS;2;i;z001;
0;12;;0,03702601;;37,02600952;NCD;8;GAS;2;i;z001;
0;13;;0,03560087;;35,60087021;NCD;8;GAS;2;i;z001;
0;14;;0,036787606;;36,78760554;NCD;8;GAS;2;i;z001;
0;15;;0,037685261;;37,68526092;NCD;8;GAS;2;i;z001;
0;16;;0,032091219;;32,09121888;NCD;8;GAS;2;i;z001;
0;17;;0,033256321;;33,25632123;NCD;8;GAS;2;i;z001;
0;18;;0,031892199;;31,89219878;NCD;8;GAS;2;i;z001;
0;19;;0,036464999;;36,46499863;NCD;8;GAS;2;i;z001;
0;20;;0,036465004;;36,46500409;NCD;8;GAS;2;i;z001;
0;21;;0,024197914;;24,1979144;NCD;8;GAS;2;i;z001;
0;22;;0,039330758;;39,33075801;NCD;8;GAS;2;i;z001;
0;23;;0,035757564;;35,75756385;NCD;8;GAS;2;i;z001;
0;24;;0,030787928;;30,78792811;NCD;8;GAS;2;i;z001;
0;25;;0,035124181;;35,1241805;NCD;8;GAS;2;i;z001;
0;26;;0,035305719;;35,30571937;NCD;8;GAS;2;i;z001;
0;27;;0,038747996;;38,7479957;NCD;8;GAS;2;i;z001;
0;28;;0,035625949;;35,62594926;NCD;8;GAS;2;i;z001;
0;29;;0,033321735;;33,32173472;NCD;8;GAS;2;i;z001;
0;30;;0,031090834;;31,09083394;NCD;8;GAS;2;i;z001;
0;31;;0,032337243;;32,3372434;NCD;8;GAS;2;i;z001;
0;32;;0,032870449;;32,87044919;NCD;8;GAS;2;i;z001;
0;33;;0,041397665;;41,39766464;NCD;8;GAS;2;i;z001;
0;34;;0,037050229;;37,05022885;NCD;8;GAS;2;i;z001;
0;35;;0,032835546;;32,83554634;NCD;8;GAS;2;i;z001;
0;36;;0,039640145;;39,64014485;NCD;8;GAS;2;i;z001;
0;37;;0,046593016;;46,59301565;NCD;8;GAS;2;i;z001;
0;38;;0,038441762;;38,4417619;NCD;8;GAS;2;i;z001;
0;39;;0,043789701;;43,78970056;NCD;8;GAS;2;i;z001;
0;40;;0,038286192;;38,2861918;NCD;8;GAS;2;i;z001;
0;41;;0,032263089;;32,26308914;NCD;8;GAS;2;i;z001;
0;42;;0,038089053;;38,08905271;NCD;8;GAS;2;i;z001;
0;43;;0,036147095;;36,14709467;NCD;8;GAS;2;i;z001;
0;44;;0,027983604;;27,98360409;NCD;8;GAS;2;i;z001;
0;45;;0,034750418;;34,75041833;NCD;8;GAS;2;i;z001;
0;46;;0,035124158;;35,12415772;NCD;8;GAS;2;i;z001;
0;47;;0,053862317;;53,86231703;NCD;8;GAS;2;i;z001;
0;48;;0,044668474;;44,66847421;NCD;8;GAS;2;i;z001;
0;49;;0,041045952;;41,04595183;NCD;8;GAS;2;i;z001;
0;50;;0,049929004;;49,92900358;NCD;8;GAS;2;i;z001;
0;51;;0,044385317;;44,38531659;NCD;8;GAS;2;i;z001;
0;52;;0,045825519;;45,82551924;NCD;8;GAS;2;i;z001;
0;53;;0,048011166;;48,01116591;NCD;8;GAS;2;i;z001;
0;54;;0,031822145;;31,82214464;NCD;8;GAS;2;i;z001;
0;55;;0,054978009;;54,97800885;NCD;8;GAS;2;i;z001;
0;56;;0,03894468;;38,94467953;NCD;8;GAS;2;i;z001;
0;57;;0,043884396;;43,88439596;NCD;8;GAS;2;i;z001;
0;58;;0,03711123;;37,11123016;NCD;8;GAS;2;i;z001;
0;59;;0,043866598;;43,86659801;NCD;8;GAS;2;i;z001;
0;60;;0,034809301;;34,80930114;NCD;8;GAS;2;i;z001;
0;61;;0,03944169;;39,44168956;NCD;8;GAS;2;i;z001;
0;62;;0,041840502;;41,84050197;NCD;8;GAS;2;i;z001;
0;63;;0,042075;;42,07500024;NCD;8;GAS;2;i;z001;
0;64;;0,045494858;;45,4948576;NCD;8;GAS;2;i;z001;
0;65;;0,04688869;;46,88869041;NCD;8;GAS;2;i;z001;
0;66;;0,041207575;;41,20757513;NCD;8;GAS;2;i;z001;
0;67;;0,034540331;;34,54033077;NCD;8;GAS;2;i;z001;
0;68;;0,044489046;;44,48904598;NCD;8;GAS;2;i;z001;
0;69;;0,037876855;;37,8768547;NCD;8;GAS;2;i;z001;
0;70;;0,033893374;;33,89337387;NCD;8;GAS;2;i;z001;
0;71;;0,051061395;;51,06139544;NCD;8;GAS;2;i;z001;
0;72;;0,051343077;;51,3430767;NCD;8;GAS;2;i;z001;
0;73;;0,039487375;;39,48737454;NCD;8;GAS;2;i;z001;
0;74;;0,045231872;;45,23187173;NCD;8;GAS;2;i;z001;
0;75;;0,043704213;;43,7042132;NCD;8;GAS;2;i;z001;
0;76;;0,037677676;;37,6776762;NCD;8;GAS;2;i;z001;
0;77;;0,050489994;;50,48999446;NCD;8;GAS;2;i;z001;
0;78;;0,046784165;;46,78416549;NCD;8;GAS;2;i;z001;
0;79;;0,049018349;;49,01834947;NCD;8;GAS;2;i;z001;
0;80;;0,05301973;;53,01973049;NCD;8;GAS;2;i;z001;
0;81;;0,055539002;;55,53900155;NCD;8;GAS;2;i;z001;
0;82;;0,04358812;;43,58812041;NCD;8;GAS;2;i;z001;
0;83;;0,048770765;;48,77076526;NCD;8;GAS;2;i;z001;
0;84;;0,057519621;;57,51962082;NCD;8;GAS;2;i;z001;
0;85;;0,045166425;;45,16642547;NCD;8;GAS;2;i;z001;
0;86;;0,052894303;;52,89430279;NCD;8;GAS;2;i;z001;
0;87;;0,053294998;;53,294998;NCD;8;GAS;2;i;z001;
0;88;;0,046919772;;46,91977167;NCD;8;GAS;2;i;z001;
0;89;;0,056273159;;56,27315939;NCD;8;GAS;2;i;z001;
0;90;;0,043479314;;43,47931443;NCD;8;GAS;2;i;z001;
0;91;;0,057783007;;57,78300692;NCD;8;GAS;2;i;z001;
0;92;;0,046248946;;46,24894618;NCD;8;GAS;2;i;z001;
0;1;;0,011176457;;11,17645697;NCD;8;GAS;2;i;z002;
0;2;;0,017084671;;17,08467099;NCD;8;GAS;2;i;z002;
0;3;;0,02300099;;23,00099004;NCD;8;GAS;2;i;z002;
0;4;;0,020770808;;20,7708076;NCD;8;GAS;2;i;z002;
0;5;;0,028893985;;28,89398494;NCD;8;GAS;2;i;z002;
0;6;;0,026437547;;26,43754733;NCD;8;GAS;2;i;z002;
0;7;;0,029716774;;29,71677446;NCD;8;GAS;2;i;z002;
0;8;;0,03197699;;31,9769897;NCD;8;GAS;2;i;z002;
0;9;;0,031415984;;31,41598427;NCD;8;GAS;2;i;z002;
0;10;;0,026070855;;26,07085542;NCD;8;GAS;2;i;z002;
0;11;;0,02717732;;27,17731986;NCD;8;GAS;2;i;z002;
0;12;;0,030208019;;30,20801855;NCD;8;GAS;2;i;z002;
0;13;;0,026771301;;26,77130075;NCD;8;GAS;2;i;z002;
0;14;;0,029337543;;29,33754316;NCD;8;GAS;2;i;z002;
0;15;;0,031095087;;31,09508686;NCD;8;GAS;2;i;z002;
0;16;;0,029855552;;29,85555245;NCD;8;GAS;2;i;z002;
0;17;;0,030941595;;30,94159538;NCD;8;GAS;2;i;z002;
0;18;;0,030943158;;30,94315838;NCD;8;GAS;2;i;z002;
0;19;;0,029171992;;29,17199163;NCD;8;GAS;2;i;z002;
0;20;;0,035335383;;35,33538293;NCD;8;GAS;2;i;z002;
0;21;;0,03231085;;32,3108504;NCD;8;GAS;2;i;z002;
0;22;;0,027561936;;27,56193581;NCD;8;GAS;2;i;z002;
0;23;;0,031338281;;31,33828098;NCD;8;GAS;2;i;z002;
0;24;;0,027286211;;27,28621051;NCD;8;GAS;2;i;z002;
0;25;;0,033660006;;33,66000601;NCD;8;GAS;2;i;z002;
0;26;;0,032537995;;32,53799514;NCD;8;GAS;2;i;z002;
0;27;;0,033191889;;33,19188888;NCD;8;GAS;2;i;z002;
0;28;;0,033752889;;33,75288858;NCD;8;GAS;2;i;z002;
0;29;;0,035122334;;35,12233397;NCD;8;GAS;2;i;z002;
0;30;;0,033309799;;33,30979913;NCD;8;GAS;2;i;z002;
0;31;;0,034067384;;34,06738425;NCD;8;GAS;2;i;z002;
0;32;;0,040223323;;40,2233226;NCD;8;GAS;2;i;z002;
0;33;;0,032668529;;32,66852913;NCD;8;GAS;2;i;z002;
0;34;;0,03968741;;39,68741002;NCD;8;GAS;2;i;z002;
0;35;;0,030152194;;30,15219411;NCD;8;GAS;2;i;z002;
0;36;;0,033618848;;33,61884821;NCD;8;GAS;2;i;z002;
0;37;;0,042789224;;42,78922395;NCD;8;GAS;2;i;z002;
0;38;;0,03247724;;32,47724006;NCD;8;GAS;2;i;z002;
0;39;;0,033659991;;33,65999146;NCD;8;GAS;2;i;z002;
0;40;;0,042133113;;42,13311327;NCD;8;GAS;2;i;z002;
0;41;;0,040081021;;40,08102063;NCD;8;GAS;2;i;z002;
0;42;;0,038401329;;38,40132937;NCD;8;GAS;2;i;z002;
0;43;;0,040670595;;40,67059502;NCD;8;GAS;2;i;z002;
0;44;;0,036465004;;36,46500409;NCD;8;GAS;2;i;z002;
0;45;;0,032113516;;32,11351591;NCD;8;GAS;2;i;z002;
0;46;;0,042115047;;42,11504746;NCD;8;GAS;2;i;z002;
0;47;;0,043395001;;43,39500082;NCD;8;GAS;2;i;z002;
0;48;;0,044032272;;44,03227173;NCD;8;GAS;2;i;z002;
0;49;;0,035305168;;35,30516788;NCD;8;GAS;2;i;z002;
0;50;;0,040391998;;40,39199848;NCD;8;GAS;2;i;z002;
0;51;;0,041289199;;41,28919896;NCD;8;GAS;2;i;z002;
0;52;;0,048246002;;48,24600182;NCD;8;GAS;2;i;z002;
0;53;;0,040275131;;40,27513138;NCD;8;GAS;2;i;z002;
0;54;;0,044066501;;44,06650149;NCD;8;GAS;2;i;z002;
0;55;;0,036814873;;36,81487343;NCD;8;GAS;2;i;z002;
0;56;;0,038385692;;38,38569205;NCD;8;GAS;2;i;z002;
0;57;;0,052172996;;52,17299622;NCD;8;GAS;2;i;z002;
0;58;;0,047999123;;47,99912261;NCD;8;GAS;2;i;z002;
0;59;;0,04791938;;47,91937973;NCD;8;GAS;2;i;z002;
0;60;;0,046664946;;46,66494646;NCD;8;GAS;2;i;z002;
0;61;;0,048792489;;48,79248867;NCD;8;GAS;2;i;z002;
0;62;;0,052578702;;52,57870236;NCD;8;GAS;2;i;z002;
0;63;;0,03966147;;39,66146979;NCD;8;GAS;2;i;z002;
0;64;;0,043205482;;43,20548204;NCD;8;GAS;2;i;z002;
0;65;;0,053298406;;53,29840589;NCD;8;GAS;2;i;z002;
0;66;;0,043802272;;43,80227232;NCD;8;GAS;2;i;z002;
0;67;;0,047343205;;47,34320476;NCD;8;GAS;2;i;z002;
0;68;;0,044495083;;44,49508279;NCD;8;GAS;2;i;z002;
0;69;;0,045441004;;45,44100375;NCD;8;GAS;2;i;z002;
0;70;;0,045505852;;45,50585187;NCD;8;GAS;2;i;z002;
0;71;;0,046163207;;46,16320699;NCD;8;GAS;2;i;z002;
0;72;;0,046562986;;46,56298552;NCD;8;GAS;2;i;z002;
0;73;;0,051052934;;51,05293446;NCD;8;GAS;2;i;z002;
0;74;;0,058248327;;58,24832699;NCD;8;GAS;2;i;z002;
0;75;;0,040851079;;40,85107928;NCD;8;GAS;2;i;z002;
0;76;;0,042994448;;42,99444779;NCD;8;GAS;2;i;z002;
0;77;;0,055803941;;55,80394094;NCD;8;GAS;2;i;z002;
0;78;;0,047124;;47,12400005;NCD;8;GAS;2;i;z002;
0;79;;0,045674196;;45,67419634;NCD;8;GAS;2;i;z002;
0;80;;0,053293627;;53,29362694;NCD;8;GAS;2;i;z002;
0;81;;0,046746764;;46,7467637;NCD;8;GAS;2;i;z002;
0;82;;0,050218699;;50,21869887;NCD;8;GAS;2;i;z002;
0;83;;0,04552841;;45,52840972;NCD;8;GAS;2;i;z002;
0;84;;0,052381762;;52,38176233;NCD;8;GAS;2;i;z002;
0;85;;0,049493788;;49,49378771;NCD;8;GAS;2;i;z002;
0;86;;0,041241887;;41,24188689;NCD;8;GAS;2;i;z002;
0;87;;0,057181792;;57,18179239;NCD;8;GAS;2;i;z002;
0;88;;0,052172996;;52,17299622;NCD;8;GAS;2;i;z002;
0;89;;0,041946254;;41,94625395;NCD;8;GAS;2;i;z002;
0;90;;0,050627348;;50,62734776;NCD;8;GAS;2;i;z002;
0;91;;0,041396324;;41,3963241;NCD;8;GAS;2;i;z002;
0;92;;0,044188973;;44,18897257;NCD;8;GAS;2;i;z002;
0;93;;0,051028875;;51,02887454;NCD;8;GAS;2;i;z002;
0;94;;0,05333139;;53,33138957;NCD;8;GAS;2;i;z002;
0;95;;0,057756834;;57,75683387;NCD;8;GAS;2;i;z002;
0;96;;0,047253237;;47,25323683;NCD;8;GAS;2;i;z002;
0;97;;0,050056567;;50,05656664;NCD;8;GAS;2;i;z002;
0;98;;0,055558737;;55,55873726;NCD;8;GAS;2;i;z002;
0;99;;0,064587239;;64,58723866;NCD;8;GAS;2;i;z002;
0;100;;0,060228444;;60,2284436;NCD;8;GAS;2;i;z002;
0;1;;0,033547559;;33,54755943;NCD;8;GAS;3;d;z;
0;2;;0,027157184;;27,15718354;NCD;8;GAS;3;d;z;
0;3;;0,035627454;;35,6274537;NCD;8;GAS;3;d;z;
0;4;;0,041835192;;41,83519214;NCD;8;GAS;3;d;z;
0;5;;0,034781988;;34,78198778;NCD;8;GAS;3;d;z;
0;6;;0,034220997;;34,22099689;NCD;8;GAS;3;d;z;
0;7;;0,032196256;;32,19625638;NCD;8;GAS;3;d;z;
0;8;;0,028675762;;28,67576231;NCD;8;GAS;3;d;z;
0;9;;0,037941139;;37,94113864;NCD;8;GAS;3;d;z;
0;10;;0,038708997;;38,70899673;NCD;8;GAS;3;d;z;
0;11;;0,037393722;;37,39372192;NCD;8;GAS;3;d;z;
0;12;;0,030502434;;30,50243379;NCD;8;GAS;3;d;z;
0;13;;0,033187334;;33,18733353;NCD;8;GAS;3;d;z;
0;14;;0,039912216;;39,91221606;NCD;8;GAS;3;d;z;
0;15;;0,034208479;;34,20847915;NCD;8;GAS;3;d;z;
0;16;;0,035371264;;35,37126354;NCD;8;GAS;3;d;z;
0;17;;0,035625934;;35,62593375;NCD;8;GAS;3;d;z;
0;18;;0,039738616;;39,7386158;NCD;8;GAS;3;d;z;
0;19;;0,040921688;;40,92168819;NCD;8;GAS;3;d;z;
0;20;;0,044825626;;44,82562621;NCD;8;GAS;3;d;z;
0;21;;0,037411388;;37,41138795;NCD;8;GAS;3;d;z;
0;22;;0,036897234;;36,89723405;NCD;8;GAS;3;d;z;
0;23;;0,041673799;;41,67379871;NCD;8;GAS;3;d;z;
0;24;;0,045800264;;45,80026388;NCD;8;GAS;3;d;z;
0;25;;0,033222274;;33,22227365;NCD;8;GAS;3;d;z;
0;26;;0,040343653;;40,34365255;NCD;8;GAS;3;d;z;
0;27;;0,041988354;;41,98835381;NCD;8;GAS;3;d;z;
0;28;;0,038709026;;38,70902583;NCD;8;GAS;3;d;z;
0;29;;0,038147991;;38,14799129;NCD;8;GAS;3;d;z;
0;30;;0,038054915;;38,05491453;NCD;8;GAS;3;d;z;
0;31;;0,033261836;;33,26183571;NCD;8;GAS;3;d;z;
0;32;;0,037924867;;37,9248669;NCD;8;GAS;3;d;z;
0;33;;0,041332139;;41,33213861;NCD;8;GAS;3;d;z;
0;34;;0,033644283;;33,6442827;NCD;8;GAS;3;d;z;
0;35;;0,048845346;;48,84534648;NCD;8;GAS;3;d;z;
0;36;;0,043543055;;43,54305544;NCD;8;GAS;3;d;z;
0;37;;0,037048663;;37,04866298;NCD;8;GAS;3;d;z;
0;38;;0,04098984;;40,98984045;NCD;8;GAS;3;d;z;
0;39;;0,04603762;;46,0376202;NCD;8;GAS;3;d;z;
0;40;;0,052097273;;52,09727267;NCD;8;GAS;3;d;z;
0;41;;0,035876819;;35,87681899;NCD;8;GAS;3;d;z;
0;42;;0,042288595;;42,28859507;NCD;8;GAS;3;d;z;
0;43;;0,047684996;;47,68499639;NCD;8;GAS;3;d;z;
0;44;;0,047123998;;47,12399823;NCD;8;GAS;3;d;z;
0;45;;0,044614851;;44,61485106;NCD;8;GAS;3;d;z;
0;46;;0,039947486;;39,94748577;NCD;8;GAS;3;d;z;
0;47;;0,043330447;;43,33044746;NCD;8;GAS;3;d;z;
0;48;;0,045041677;;45,04167668;NCD;8;GAS;3;d;z;
0;49;;0,053685322;;53,68532218;NCD;8;GAS;3;d;z;
0;50;;0,05282884;;52,82883981;NCD;8;GAS;3;d;z;
0;51;;0,039037675;;39,0376749;NCD;8;GAS;3;d;z;
0;52;;0,052090748;;52,09074809;NCD;8;GAS;3;d;z;
0;53;;0,038600799;;38,60079927;NCD;8;GAS;3;d;z;
0;54;;0,036736127;;36,73612709;NCD;8;GAS;3;d;z;
0;55;;0,048047508;;48,04750809;NCD;8;GAS;3;d;z;
0;56;;0,042540423;;42,54042326;NCD;8;GAS;3;d;z;
0;57;;0,046496745;;46,49674524;NCD;8;GAS;3;d;z;
0;58;;0,046468775;;46,46877495;NCD;8;GAS;3;d;z;
0;59;;0,042226892;;42,22689187;NCD;8;GAS;3;d;z;
0;60;;0,039831008;;39,8310076;NCD;8;GAS;3;d;z;
0;61;;0,059945294;;59,94529378;NCD;8;GAS;3;d;z;
0;62;;0,049093484;;49,09348383;NCD;8;GAS;3;d;z;
0;63;;0,047394408;;47,39440771;NCD;8;GAS;3;d;z;
0;64;;0,050310936;;50,31093551;NCD;8;GAS;3;d;z;
0;65;;0,052528732;;52,52873174;NCD;8;GAS;3;d;z;
0;66;;0,042366611;;42,36661141;NCD;8;GAS;3;d;z;
0;1;;0,031549401;;31,5494009;NCD;8;GAS;3;d;z001;
0;2;;0,028610999;;28,61099892;NCD;8;GAS;3;d;z001;
0;3;;0,032854062;;32,85406237;NCD;8;GAS;3;d;z001;
0;4;;0,032167367;;32,16736672;NCD;8;GAS;3;d;z001;
0;5;;0,037049543;;37,04954292;NCD;8;GAS;3;d;z001;
0;6;;0,035970292;;35,97029195;NCD;8;GAS;3;d;z001;
0;7;;0,032537995;;32,53799514;NCD;8;GAS;3;d;z001;
0;8;;0,035996799;;35,99679892;NCD;8;GAS;3;d;z001;
0;9;;0,033528352;;33,52835209;NCD;8;GAS;3;d;z001;
0;10;;0,035115189;;35,11518934;NCD;8;GAS;3;d;z001;
0;11;;0,036093494;;36,09349369;NCD;8;GAS;3;d;z001;
0;12;;0,032898044;;32,89804436;NCD;8;GAS;3;d;z001;
0;13;;0,035037269;;35,03726927;NCD;8;GAS;3;d;z001;
0;14;;0,033660231;;33,66023101;NCD;8;GAS;3;d;z001;
0;15;;0,033659977;;33,65997691;NCD;8;GAS;3;d;z001;
0;16;;0,035903999;;35,90399865;NCD;8;GAS;3;d;z001;
0;17;;0,031977004;;31,97700426;NCD;8;GAS;3;d;z001;
0;18;;0,037956387;;37,95638663;NCD;8;GAS;3;d;z001;
0;19;;0,031999167;;31,99916662;NCD;8;GAS;3;d;z001;
0;20;;0,039779492;;39,77949165;NCD;8;GAS;3;d;z001;
0;21;;0,040462086;;40,46208586;NCD;8;GAS;3;d;z001;
0;22;;0,035207509;;35,20750929;NCD;8;GAS;3;d;z001;
0;23;;0,03855557;;38,55557045;NCD;8;GAS;3;d;z001;
0;24;;0,039651337;;39,65133715;NCD;8;GAS;3;d;z001;
0;25;;0,038948061;;38,9480608;NCD;8;GAS;3;d;z001;
0;26;;0,04304925;;43,04924956;NCD;8;GAS;3;d;z001;
0;27;;0,041665025;;41,66502478;NCD;8;GAS;3;d;z001;
0;28;;0,032382145;;32,38214506;NCD;8;GAS;3;d;z001;
0;29;;0,040953018;;40,95301847;NCD;8;GAS;3;d;z001;
0;30;;0,039270002;;39,27000216;NCD;8;GAS;3;d;z001;
0;31;;0,045681144;;45,68114379;NCD;8;GAS;3;d;z001;
0;32;;0,03685757;;36,85756991;NCD;8;GAS;3;d;z001;
0;33;;0,040952989;;40,95298937;NCD;8;GAS;3;d;z001;
0;34;;0,038712518;;38,71251837;NCD;8;GAS;3;d;z001;
0;35;;0,043968784;;43,96878438;NCD;8;GAS;3;d;z001;
0;36;;0,037095563;;37,09556252;NCD;8;GAS;3;d;z001;
0;37;;0,039063826;;39,06382564;NCD;8;GAS;3;d;z001;
0;38;;0,04441875;;44,41874977;NCD;8;GAS;3;d;z001;
0;39;;0,042119751;;42,11975123;NCD;8;GAS;3;d;z001;
0;40;;0,039270002;;39,27000216;NCD;8;GAS;3;d;z001;
0;41;;0,040391984;;40,39198393;NCD;8;GAS;3;d;z001;
0;42;;0,039793236;;39,7932359;NCD;8;GAS;3;d;z001;
0;43;;0,04618411;;46,18410982;NCD;8;GAS;3;d;z001;
0;44;;0,043082939;;43,0829394;NCD;8;GAS;3;d;z001;
0;45;;0,044908761;;44,9087607;NCD;8;GAS;3;d;z001;
0;46;;0,044319007;;44,31900743;NCD;8;GAS;3;d;z001;
0;47;;0,045441004;;45,44100375;NCD;8;GAS;3;d;z001;
0;48;;0,03973867;;39,73867016;NCD;8;GAS;3;d;z001;
0;49;;0,047339331;;47,33933099;NCD;8;GAS;3;d;z001;
0;50;;0,050598616;;50,59861607;NCD;8;GAS;3;d;z001;
0;51;;0,047417614;;47,41761423;NCD;8;GAS;3;d;z001;
0;52;;0,046563015;;46,56301462;NCD;8;GAS;3;d;z001;
0;53;;0,044936446;;44,9364457;NCD;8;GAS;3;d;z001;
0;54;;0,042796947;;42,7969467;NCD;8;GAS;3;d;z001;
0;55;;0,048926516;;48,92651631;NCD;8;GAS;3;d;z001;
0;56;;0,046128931;;46,12893082;NCD;8;GAS;3;d;z001;
0;57;;0,047631236;;47,63123647;NCD;8;GAS;3;d;z001;
0;58;;0,043758017;;43,75801655;NCD;8;GAS;3;d;z001;
0;59;;0,047911391;;47,91139137;NCD;8;GAS;3;d;z001;
0;60;;0,04380904;;43,8090398;NCD;8;GAS;3;d;z001;
0;61;;0,04053547;;40,53546971;NCD;8;GAS;3;d;z001;
0;62;;0,048792499;;48,79249896;NCD;8;GAS;3;d;z001;
0;63;;0,039737185;;39,73718541;NCD;8;GAS;3;d;z001;
0;64;;0,049585266;;49,58526649;NCD;8;GAS;3;d;z001;
0;65;;0,040552698;;40,55269779;NCD;8;GAS;3;d;z001;
0;66;;0,033659991;;33,65999146;NCD;8;GAS;3;d;z001;
0;67;;0,044931611;;44,93161128;NCD;8;GAS;3;d;z001;
0;68;;0,045410539;;45,41053921;NCD;8;GAS;3;d;z001;
0;69;;0,046907421;;46,90742051;NCD;8;GAS;3;d;z001;
0;70;;0,045720297;;45,72029685;NCD;8;GAS;3;d;z001;
0;71;;0,05569887;;55,69887045;NCD;8;GAS;3;d;z001;
0;72;;0,041041665;;41,04166464;NCD;8;GAS;3;d;z001;
0;73;;0,046374589;;46,37458888;NCD;8;GAS;3;d;z001;
0;74;;0,051909391;;51,90939108;NCD;8;GAS;3;d;z001;
0;75;;0,042583625;;42,58362499;NCD;8;GAS;3;d;z001;
0;76;;0,04981695;;49,81694969;NCD;8;GAS;3;d;z001;
0;77;;0,042658647;;42,65864728;NCD;8;GAS;3;d;z001;
0;78;;0,050430231;;50,43023089;NCD;8;GAS;3;d;z001;
0;79;;0,047684996;;47,68499639;NCD;8;GAS;3;d;z001;
0;80;;0,047153254;;47,15325411;NCD;8;GAS;3;d;z001;
0;81;;0,052320257;;52,32025708;NCD;8;GAS;3;d;z001;
0;82;;0,049072799;;49,07279897;NCD;8;GAS;3;d;z001;
0;83;;0,053459771;;53,45977078;NCD;8;GAS;3;d;z001;
0;84;;0,045661315;;45,66131483;NCD;8;GAS;3;d;z001;
0;85;;0,050338118;;50,33811843;NCD;8;GAS;3;d;z001;
0;86;;0,046582578;;46,58257758;NCD;8;GAS;3;d;z001;
0;87;;0,050596986;;50,59698553;NCD;8;GAS;3;d;z001;
0;88;;0,041150895;;41,15089475;NCD;8;GAS;3;d;z001;
0;89;;0,058998188;;58,99818821;NCD;8;GAS;3;d;z001;
0;90;;0,054918373;;54,91837285;NCD;8;GAS;3;d;z001;
0;91;;0,044155679;;44,15567913;NCD;8;GAS;3;d;z001;
0;92;;0,048737548;;48,7375484;NCD;8;GAS;3;d;z001;
0;1;;0,020208922;;20,20892223;NCD;8;GAS;3;d;z003;
0;2;;0,025789816;;25,78981592;NCD;8;GAS;3;d;z003;
0;3;;0,02302202;;23,02202011;NCD;8;GAS;3;d;z003;
0;4;;0,021845983;;21,84598301;NCD;8;GAS;3;d;z003;
0;5;;0,023007878;;23,00787817;NCD;8;GAS;3;d;z003;
0;6;;0,022960806;;22,960806;NCD;8;GAS;3;d;z003;
0;7;;0,021318032;;21,31803194;NCD;8;GAS;3;d;z003;
0;8;;0,028274015;;28,27401549;NCD;8;GAS;3;d;z003;
0;9;;0,026181363;;26,18136299;NCD;8;GAS;3;d;z003;
0;10;;0,025746972;;25,74697211;NCD;8;GAS;3;d;z003;
0;11;;0,025592489;;25,59248946;NCD;8;GAS;3;d;z003;
0;12;;0,025245012;;25,24501178;NCD;8;GAS;3;d;z003;
0;13;;0,02767816;;27,67815992;NCD;8;GAS;3;d;z003;
0;14;;0,027921014;;27,92101443;NCD;8;GAS;3;d;z003;
0;15;;0,025245012;;25,24501178;NCD;8;GAS;3;d;z003;
0;16;;0,023767066;;23,76706604;NCD;8;GAS;3;d;z003;
0;17;;0,026927999;;26,92799899;NCD;8;GAS;3;d;z003;
0;18;;0,029401436;;29,40143615;NCD;8;GAS;3;d;z003;
0;19;;0,026092774;;26,09277372;NCD;8;GAS;3;d;z003;
0;20;;0,026159099;;26,15909858;NCD;8;GAS;3;d;z003;
0;21;;0,028947967;;28,94796677;NCD;8;GAS;3;d;z003;
0;22;;0,031061791;;31,06179094;NCD;8;GAS;3;d;z003;
0;23;;0,031079024;;31,07902422;NCD;8;GAS;3;d;z003;
0;24;;0,021791999;;21,79199919;NCD;8;GAS;3;d;z003;
0;25;;0,030367727;;30,36772694;NCD;8;GAS;3;d;z003;
0;26;;0,02882441;;28,8244104;NCD;8;GAS;3;d;z003;
0;27;;0,022440014;;22,44001371;NCD;8;GAS;3;d;z003;
0;28;;0,02498856;;24,98855995;NCD;8;GAS;3;d;z003;
0;29;;0,025590509;;25,59050909;NCD;8;GAS;3;d;z003;
0;30;;0,028958157;;28,95815707;NCD;8;GAS;3;d;z003;
0;31;;0,029719067;;29,71906692;NCD;8;GAS;3;d;z003;
0;32;;0,03050756;;30,50756034;NCD;8;GAS;3;d;z003;
0;33;;0,028499495;;28,49949486;NCD;8;GAS;3;d;z003;
0;34;;0,028958161;;28,95816093;NCD;8;GAS;3;d;z003;
0;35;;0,027975149;;27,97514906;NCD;8;GAS;3;d;z003;
0;36;;0,027489004;;27,48900442;NCD;8;GAS;3;d;z003;
0;37;;0,024942268;;24,94226788;NCD;8;GAS;3;d;z003;
0;38;;0,02768192;;27,68191976;NCD;8;GAS;3;d;z003;
0;39;;0,030148209;;30,14820873;NCD;8;GAS;3;d;z003;
0;40;;0,02367943;;23,67943026;NCD;8;GAS;3;d;z003;
0;41;;0,03014825;;30,14824989;NCD;8;GAS;3;d;z003;
0;42;;0,033994372;;33,9943715;NCD;8;GAS;3;d;z003;
0;43;;0,034622399;;34,62239873;NCD;8;GAS;3;d;z003;
0;44;;0,031000066;;31,00006625;NCD;8;GAS;3;d;z003;
0;45;;0,024146708;;24,14670844;NCD;8;GAS;3;d;z003;
0;46;;0,030855008;;30,85500794;NCD;8;GAS;3;d;z003;
0;47;;0,03010643;;30,10642951;NCD;8;GAS;3;d;z003;
0;48;;0,031284374;;31,28437374;NCD;8;GAS;3;d;z003;
0;49;;0,031791884;;31,79188396;NCD;8;GAS;3;d;z003;
0;50;;0,033790937;;33,79093655;NCD;8;GAS;3;d;z003;
0;51;;0,025478002;;25,47800158;NCD;8;GAS;3;d;z003;
0;52;;0,030293944;;30,29394429;NCD;8;GAS;3;d;z003;
0;53;;0,032751763;;32,75176288;NCD;8;GAS;3;d;z003;
0;54;;0,03659865;;36,59864988;NCD;8;GAS;3;d;z003;
0;55;;0,03583091;;35,83091011;NCD;8;GAS;3;d;z003;
0;56;;0,034115085;;34,11508535;NCD;8;GAS;3;d;z003;
0;57;;0,035425665;;35,42566493;NCD;8;GAS;3;d;z003;
0;58;;0,029354848;;29,35484782;NCD;8;GAS;3;d;z003;
0;59;;0,03168389;;31,6838901;NCD;8;GAS;3;d;z003;
0;60;;0,037153084;;37,15308368;NCD;8;GAS;3;d;z003;
0;61;;0,027370995;;27,37099545;NCD;8;GAS;3;d;z003;
0;62;;0,038708999;;38,70899855;NCD;8;GAS;3;d;z003;
0;63;;0,034794984;;34,7949841;NCD;8;GAS;3;d;z003;
0;64;;0,035430424;;35,43042379;NCD;8;GAS;3;d;z003;
0;65;;0,03009423;;30,09422995;NCD;8;GAS;3;d;z003;
0;66;;0,033883849;;33,88384908;NCD;8;GAS;3;d;z003;
0;67;;0,028528119;;28,52811935;NCD;8;GAS;3;d;z003;
0;68;;0,038133646;;38,13364603;NCD;8;GAS;3;d;z003;
0;69;;0,033979493;;33,97949319;NCD;8;GAS;3;d;z003;
0;70;;0,037286768;;37,28676766;NCD;8;GAS;3;d;z003;
0;71;;0,033977881;;33,97788085;NCD;8;GAS;3;d;z003;
0;72;;0,039618671;;39,61867089;NCD;8;GAS;3;d;z003;
0;73;;0,03552996;;35,52996;NCD;8;GAS;3;d;z003;
0;74;;0,036205876;;36,20587556;NCD;8;GAS;3;d;z003;
0;75;;0,031458719;;31,45871921;NCD;8;GAS;3;d;z003;
0;76;;0,036857238;;36,85723849;NCD;8;GAS;3;d;z003;
0;77;;0,039343625;;39,34362454;NCD;8;GAS;3;d;z003;
0;78;;0,033643819;;33,64381926;NCD;8;GAS;3;d;z003;
0;79;;0,034782017;;34,78201688;NCD;8;GAS;3;d;z003;
0;80;;0,039265634;;39,26563365;NCD;8;GAS;3;d;z003;
0;81;;0,034381766;;34,38176629;NCD;8;GAS;3;d;z003;
0;82;;0,036284754;;36,28475445;NCD;8;GAS;3;d;z003;
0;83;;0,03748499;;37,48499028;NCD;8;GAS;3;d;z003;
0;84;;0,034368848;;34,36884794;NCD;8;GAS;3;d;z003;
0;85;;0,039836105;;39,83610463;NCD;8;GAS;3;d;z003;
0;86;;0,039640125;;39,64012532;NCD;8;GAS;3;d;z003;
0;87;;0,038568156;;38,56815574;NCD;8;GAS;3;d;z003;
0;88;;0,036465004;;36,46500409;NCD;8;GAS;3;d;z003;
0;89;;0,035101897;;35,10189689;NCD;8;GAS;3;d;z003;
0;90;;0,03415178;;34,15178042;NCD;8;GAS;3;d;z003;
0;91;;0,039092401;;39,09240078;NCD;8;GAS;3;d;z003;
0;92;;0,036516041;;36,51604083;NCD;8;GAS;3;d;z003;
0;93;;0,039115886;;39,11588592;NCD;8;GAS;3;d;z003;
0;94;;0,037633666;;37,63366644;NCD;8;GAS;3;d;z003;
0;95;;0,035625936;;35,62593624;NCD;8;GAS;3;d;z003;
0;96;;0,039158975;;39,15897514;NCD;8;GAS;3;d;z003;
0;97;;0,041261546;;41,26154645;NCD;8;GAS;3;d;z003;
0;98;;0,04082928;;40,82928038;NCD;8;GAS;3;d;z003;
0;99;;0,032537995;;32,53799514;NCD;8;GAS;3;d;z003;
0;100;;0,037178841;;37,17884063;NCD;8;GAS;3;d;z003;
0;101;;0,040391998;;40,39199848;NCD;8;GAS;3;d;z003;
0;102;;0,035174879;;35,17487883;NCD;8;GAS;3;d;z003;
0;103;;0,041187876;;41,18787636;NCD;8;GAS;3;d;z003;
0;104;;0,043434249;;43,43424852;NCD;8;GAS;3;d;z003;
0;105;;0,041962489;;41,96248886;NCD;8;GAS;3;d;z003;
0;106;;0,038411588;;38,41158809;NCD;8;GAS;3;d;z003;
0;107;;0,040703703;;40,7037031;NCD;8;GAS;3;d;z003;
0;108;;0,037900955;;37,9009549;NCD;8;GAS;3;d;z003;
0;109;;0,043712843;;43,71284262;NCD;8;GAS;3;d;z003;
0;110;;0,045326225;;45,32622492;NCD;8;GAS;3;d;z003;
0;111;;0,045263709;;45,26370869;NCD;8;GAS;3;d;z003;
0;112;;0,045918318;;45,91831826;NCD;8;GAS;3;d;z003;
0;113;;0,040621739;;40,62173886;NCD;8;GAS;3;d;z003;
0;114;;0,039640119;;39,64011882;NCD;8;GAS;3;d;z003;
0;115;;0,045750588;;45,75058812;NCD;8;GAS;3;d;z003;
0;116;;0,042231961;;42,23196126;NCD;8;GAS;3;d;z003;
0;117;;0,044517319;;44,51731916;NCD;8;GAS;3;d;z003;
0;118;;0,039200104;;39,20010391;NCD;8;GAS;3;d;z003;
0;119;;0,032524109;;32,52410855;NCD;8;GAS;3;d;z003;
0;120;;0,045811067;;45,81106665;NCD;8;GAS;3;d;z003;
0;121;;0,035433816;;35,43381556;NCD;8;GAS;3;d;z003;
0;122;;0,041276158;;41,2761583;NCD;8;GAS;3;d;z003;
0;123;;0,043162471;;43,16247079;NCD;8;GAS;3;d;z003;
0;124;;0,042075;;42,07500024;NCD;8;GAS;3;d;z003;
0;125;;0,041136741;;41,13674053;NCD;8;GAS;3;d;z003;
0;126;;0,043581511;;43,5815114;NCD;8;GAS;3;d;z003;
0;127;;0,047990746;;47,99074559;NCD;8;GAS;3;d;z003;
0;128;;0,049879518;;49,87951843;NCD;8;GAS;3;d;z003;
0;129;;0,038801758;;38,80175785;NCD;8;GAS;3;d;z003;
0;130;;0,044091922;;44,09192178;NCD;8;GAS;3;d;z003;
0;131;;0,045628711;;45,62871051;NCD;8;GAS;3;d;z003;
0;132;;0,047189865;;47,18986516;NCD;8;GAS;3;d;z003;
0;133;;0,05420043;;54,20042981;NCD;8;GAS;3;d;z003;
0;134;;0,053552742;;53,55274164;NCD;8;GAS;3;d;z003;
0;135;;0,055731531;;55,73153144;NCD;8;GAS;3;d;z003;
0;136;;0,057846979;;57,8469788;NCD;8;GAS;3;d;z003;
0;137;;0,057632008;;57,63200799;NCD;8;GAS;3;d;z003;
0;1;;0,009294248;;9,294248473;NCD;8;GAS;3;i;z;
0;2;;0,011157421;;11,15742113;NCD;8;GAS;3;i;z;
0;3;;0,022439985;;22,4399846;NCD;8;GAS;3;i;z;
0;4;;0,022440014;;22,44001371;NCD;8;GAS;3;i;z;
0;5;;0,026708181;;26,70818125;NCD;8;GAS;3;i;z;
0;6;;0,025360795;;25,36079492;NCD;8;GAS;3;i;z;
0;7;;0,020632585;;20,63258491;NCD;8;GAS;3;i;z;
0;8;;0,024683977;;24,68397724;NCD;8;GAS;3;i;z;
0;9;;0,020104613;;20,10461346;NCD;8;GAS;3;i;z;
0;10;;0,02596642;;25,96641967;NCD;8;GAS;3;i;z;
0;11;;0,026208243;;26,20824256;NCD;8;GAS;3;i;z;
0;12;;0,022014019;;22,01401919;NCD;8;GAS;3;i;z;
0;13;;0,020331279;;20,33127931;NCD;8;GAS;3;i;z;
0;14;;0,023244725;;23,24472531;NCD;8;GAS;3;i;z;
0;15;;0,026181363;;26,18136299;NCD;8;GAS;3;i;z;
0;16;;0,026928028;;26,92802809;NCD;8;GAS;3;i;z;
0;17;;0,027251231;;27,25123076;NCD;8;GAS;3;i;z;
0;18;;0,026366994;;26,36699355;NCD;8;GAS;3;i;z;
0;19;;0,024123001;;24,12300091;NCD;8;GAS;3;i;z;
0;20;;0,018200919;;18,20091867;NCD;8;GAS;3;i;z;
0;21;;0,025364541;;25,36454066;NCD;8;GAS;3;i;z;
0;22;;0,028486403;;28,48640313;NCD;8;GAS;3;i;z;
0;23;;0,024454259;;24,45425887;NCD;8;GAS;3;i;z;
0;24;;0,024760166;;24,76016617;NCD;8;GAS;3;i;z;
0;25;;0,024282432;;24,28243157;NCD;8;GAS;3;i;z;
0;26;;0,026596683;;26,5966827;NCD;8;GAS;3;i;z;
0;27;;0,023284066;;23,28406635;NCD;8;GAS;3;i;z;
0;28;;0,025747762;;25,74776189;NCD;8;GAS;3;i;z;
0;29;;0,030730345;;30,73034501;NCD;8;GAS;3;i;z;
0;30;;0,027967311;;27,96731148;NCD;8;GAS;3;i;z;
0;31;;0,027754233;;27,75423276;NCD;8;GAS;3;i;z;
0;32;;0,021969612;;21,96961184;NCD;8;GAS;3;i;z;
0;33;;0,021855117;;21,8551173;NCD;8;GAS;3;i;z;
0;34;;0,024849599;;24,84959909;NCD;8;GAS;3;i;z;
0;35;;0,02208601;;22,08600988;NCD;8;GAS;3;i;z;
0;36;;0,026366994;;26,36699355;NCD;8;GAS;3;i;z;
0;37;;0,02695677;;26,95676992;NCD;8;GAS;3;i;z;
0;38;;0,028366653;;28,36665319;NCD;8;GAS;3;i;z;
0;39;;0,026245072;;26,24507167;NCD;8;GAS;3;i;z;
0;40;;0,029552225;;29,55222533;NCD;8;GAS;3;i;z;
0;41;;0,020894419;;20,89441876;NCD;8;GAS;3;i;z;
0;42;;0,02460495;;24,60495008;NCD;8;GAS;3;i;z;
0;43;;0,028276019;;28,27601938;NCD;8;GAS;3;i;z;
0;44;;0,029666973;;29,66697311;NCD;8;GAS;3;i;z;
0;45;;0,024684006;;24,68400635;NCD;8;GAS;3;i;z;
0;46;;0,02805001;;28,05000986;NCD;8;GAS;3;i;z;
0;47;;0,031732864;;31,73286384;NCD;8;GAS;3;i;z;
0;48;;0,02772103;;27,72103004;NCD;8;GAS;3;i;z;
0;49;;0,02593476;;25,93476003;NCD;8;GAS;3;i;z;
0;50;;0,032527961;;32,52796127;NCD;8;GAS;3;i;z;
0;51;;0,0279915;;27,99149953;NCD;8;GAS;3;i;z;
0;52;;0,022440014;;22,44001371;NCD;8;GAS;3;i;z;
0;53;;0,028287135;;28,28713511;NCD;8;GAS;3;i;z;
0;54;;0,035723591;;35,72359117;NCD;8;GAS;3;i;z;
0;55;;0,03253801;;32,53800969;NCD;8;GAS;3;i;z;
0;56;;0,028329436;;28,3294359;NCD;8;GAS;3;i;z;
0;57;;0,033593304;;33,59330405;NCD;8;GAS;3;i;z;
0;58;;0,029236049;;29,23604945;NCD;8;GAS;3;i;z;
0;59;;0,023706926;;23,70692577;NCD;8;GAS;3;i;z;
0;60;;0,03060819;;30,60819013;NCD;8;GAS;3;i;z;
0;61;;0,025471817;;25,47181736;NCD;8;GAS;3;i;z;
0;62;;0,030469449;;30,46944856;NCD;8;GAS;3;i;z;
0;63;;0,036348434;;36,34843397;NCD;8;GAS;3;i;z;
0;64;;0,032488465;;32,48846457;NCD;8;GAS;3;i;z;
0;65;;0,032030918;;32,03091766;NCD;8;GAS;3;i;z;
0;66;;0,031511561;;31,51156093;NCD;8;GAS;3;i;z;
0;67;;0,035504335;;35,50433527;NCD;8;GAS;3;i;z;
0;68;;0,030855008;;30,85500794;NCD;8;GAS;3;i;z;
0;69;;0,028049981;;28,04998076;NCD;8;GAS;3;i;z;
0;70;;0,0292631;;29,26309957;NCD;8;GAS;3;i;z;
0;71;;0,036208352;;36,20835245;NCD;8;GAS;3;i;z;
0;72;;0,025395631;;25,39563089;NCD;8;GAS;3;i;z;
0;73;;0,030294002;;30,2940025;NCD;8;GAS;3;i;z;
0;74;;0,03174822;;31,74822034;NCD;8;GAS;3;i;z;
0;75;;0,035903999;;35,90399865;NCD;8;GAS;3;i;z;
0;76;;0,033660006;;33,66000601;NCD;8;GAS;3;i;z;
0;77;;0,028009862;;28,00986242;NCD;8;GAS;3;i;z;
0;78;;0,030472674;;30,4726735;NCD;8;GAS;3;i;z;
0;79;;0,036465004;;36,46500409;NCD;8;GAS;3;i;z;
0;80;;0,033391995;;33,39199512;NCD;8;GAS;3;i;z;
0;81;;0,032537995;;32,53799514;NCD;8;GAS;3;i;z;
0;82;;0,038147991;;38,14799129;NCD;8;GAS;3;i;z;
0;83;;0,026501128;;26,50112824;NCD;8;GAS;3;i;z;
0;84;;0,030855008;;30,85500794;NCD;8;GAS;3;i;z;
0;85;;0,028285895;;28,28589539;NCD;8;GAS;3;i;z;
0;86;;0,031791887;;31,79188722;NCD;8;GAS;3;i;z;
0;87;;0,036554922;;36,55492192;NCD;8;GAS;3;i;z;
0;88;;0,036096354;;36,09635408;NCD;8;GAS;3;i;z;
0;89;;0,031018865;;31,01886454;NCD;8;GAS;3;i;z;
0;90;;0,04116334;;41,16333979;NCD;8;GAS;3;i;z;
0;91;;0,034521771;;34,52177117;NCD;8;GAS;3;i;z;
0;92;;0,039892134;;39,89213372;NCD;8;GAS;3;i;z;
0;93;;0,039657375;;39,6573754;NCD;8;GAS;3;i;z;
0;94;;0,039239495;;39,23949543;NCD;8;GAS;3;i;z;
0;95;;0,031977004;;31,97700426;NCD;8;GAS;3;i;z;
0;96;;0,038712513;;38,7125128;NCD;8;GAS;3;i;z;
0;97;;0,038708997;;38,70899673;NCD;8;GAS;3;i;z;
0;98;;0,036233815;;36,23381527;NCD;8;GAS;3;i;z;
0;99;;0,036139077;;36,1390772;NCD;8;GAS;3;i;z;
0;100;;0,03804901;;38,04901021;NCD;8;GAS;3;i;z;
0;101;;0,041348017;;41,34801679;NCD;8;GAS;3;i;z;
0;102;;0,040778134;;40,77813396;NCD;8;GAS;3;i;z;
0;103;;0,040332232;;40,33223215;NCD;8;GAS;3;i;z;
0;104;;0,045980423;;45,9804233;NCD;8;GAS;3;i;z;
0;105;;0,033239606;;33,23960595;NCD;8;GAS;3;i;z;
0;106;;0,041514009;;41,51400935;NCD;8;GAS;3;i;z;
0;107;;0,040065405;;40,06540541;NCD;8;GAS;3;i;z;
0;108;;0,034221011;;34,22101145;NCD;8;GAS;3;i;z;
0;109;;0,036750515;;36,75051512;NCD;8;GAS;3;i;z;
0;110;;0,032866171;;32,86617067;NCD;8;GAS;3;i;z;
0;111;;0,037390208;;37,3902078;NCD;8;GAS;3;i;z;
0;112;;0,042109331;;42,10933076;NCD;8;GAS;3;i;z;
0;113;;0,034218348;;34,2183481;NCD;8;GAS;3;i;z;
0;114;;0,039270002;;39,27000216;NCD;8;GAS;3;i;z;
0;115;;0,039795333;;39,79533336;NCD;8;GAS;3;i;z;
0;116;;0,042334497;;42,33449688;NCD;8;GAS;3;i;z;
0;117;;0,03930663;;39,3066302;NCD;8;GAS;3;i;z;
0;118;;0,036880371;;36,88037114;NCD;8;GAS;3;i;z;
0;119;;0,032537995;;32,53799514;NCD;8;GAS;3;i;z;
0;120;;0,039165429;;39,16542859;NCD;8;GAS;3;i;z;
0;121;;0,038887471;;38,88747056;NCD;8;GAS;3;i;z;
0;122;;0,048573886;;48,57388573;NCD;8;GAS;3;i;z;
0;123;;0,044319;;44,31900015;NCD;8;GAS;3;i;z;
0;124;;0,044568662;;44,56866245;NCD;8;GAS;3;i;z;
0;125;;0,038673412;;38,67341184;NCD;8;GAS;3;i;z;
0;126;;0,038768139;;38,76813909;NCD;8;GAS;3;i;z;
0;127;;0,049214572;;49,21457228;NCD;8;GAS;3;i;z;
0;128;;0,039760874;;39,760874;NCD;8;GAS;3;i;z;
0;129;;0,048924671;;48,92467115;NCD;8;GAS;3;i;z;
0;130;;0,044318993;;44,31899288;NCD;8;GAS;3;i;z;
0;131;;0,044319007;;44,31900743;NCD;8;GAS;3;i;z;
0;132;;0,040085684;;40,08568434;NCD;8;GAS;3;i;z;
0;133;;0,040106378;;40,10637779;NCD;8;GAS;3;i;z;
0;134;;0,04755108;;47,55108009;NCD;8;GAS;3;i;z;
0;135;;0,048168785;;48,16878517;NCD;8;GAS;3;i;z;
0;1;;0,021687214;;21,68721427;NCD;8;GAS;3;i;z003;
0;2;;0,02805001;;28,05000986;NCD;8;GAS;3;i;z003;
0;3;;0,026366994;;26,36699355;NCD;8;GAS;3;i;z003;
0;4;;0,027464262;;27,46426181;NCD;8;GAS;3;i;z003;
0;5;;0,030032631;;30,0326314;NCD;8;GAS;3;i;z003;
0;6;;0,030982654;;30,98265389;NCD;8;GAS;3;i;z003;
0;7;;0,031455858;;31,45585825;NCD;8;GAS;3;i;z003;
0;8;;0,030876612;;30,87661245;NCD;8;GAS;3;i;z003;
0;9;;0,038073202;;38,07320233;NCD;8;GAS;3;i;z003;
0;10;;0,029404842;;29,40484157;NCD;8;GAS;3;i;z003;
0;11;;0,035903999;;35,90399865;NCD;8;GAS;3;i;z003;
0;12;;0,032355424;;32,35542405;NCD;8;GAS;3;i;z003;
0;13;;0,033072011;;33,07201088;NCD;8;GAS;3;i;z003;
0;14;;0,03197699;;31,9769897;NCD;8;GAS;3;i;z003;
0;15;;0,031886035;;31,88603485;NCD;8;GAS;3;i;z003;
0;16;;0,035709434;;35,7094339;NCD;8;GAS;3;i;z003;
0;17;;0,031579829;;31,57982917;NCD;8;GAS;3;i;z003;
0;18;;0,035053571;;35,05357074;NCD;8;GAS;3;i;z003;
0;19;;0,031212707;;31,21270676;NCD;8;GAS;3;i;z003;
0;20;;0,034285409;;34,28540877;NCD;8;GAS;3;i;z003;
0;21;;0,03702598;;37,02598042;NCD;8;GAS;3;i;z003;
0;22;;0,0304366;;30,43659994;NCD;8;GAS;3;i;z003;
0;23;;0,035528837;;35,52883721;NCD;8;GAS;3;i;z003;
0;24;;0,031829657;;31,82965708;NCD;8;GAS;3;i;z003;
0;25;;0,033945853;;33,94585347;NCD;8;GAS;3;i;z003;
0;26;;0,028455056;;28,45505558;NCD;8;GAS;3;i;z003;
0;27;;0,034776556;;34,77655558;NCD;8;GAS;3;i;z003;
0;28;;0,034650852;;34,65085176;NCD;8;GAS;3;i;z003;
0;29;;0,037087275;;37,08727463;NCD;8;GAS;3;i;z003;
0;30;;0,034029427;;34,02942698;NCD;8;GAS;3;i;z003;
0;31;;0,036333365;;36,33336543;NCD;8;GAS;3;i;z003;
0;32;;0,035612201;;35,61220127;NCD;8;GAS;3;i;z003;
0;33;;0,031988962;;31,98896236;NCD;8;GAS;3;i;z003;
0;34;;0,036465004;;36,46500409;NCD;8;GAS;3;i;z003;
0;35;;0,030855008;;30,85500794;NCD;8;GAS;3;i;z003;
0;36;;0,032190672;;32,19067205;NCD;8;GAS;3;i;z003;
0;37;;0,038574635;;38,5746354;NCD;8;GAS;3;i;z003;
0;38;;0,038284434;;38,28443364;NCD;8;GAS;3;i;z003;
0;39;;0,037006283;;37,0062829;NCD;8;GAS;3;i;z003;
0;40;;0,037594409;;37,59440897;NCD;8;GAS;3;i;z003;
0;41;;0,037339943;;37,33994329;NCD;8;GAS;3;i;z003;
0;42;;0,03462089;;34,62089039;NCD;8;GAS;3;i;z003;
0;43;;0,033367985;;33,36798498;NCD;8;GAS;3;i;z003;
0;44;;0,037601445;;37,60144539;NCD;8;GAS;3;i;z003;
0;45;;0,037685292;;37,68529179;NCD;8;GAS;3;i;z003;
0;46;;0,027793911;;27,79391115;NCD;8;GAS;3;i;z003;
0;47;;0,039766575;;39,76657496;NCD;8;GAS;3;i;z003;
0;48;;0,039270002;;39,27000216;NCD;8;GAS;3;i;z003;
0;49;;0,035343022;;35,34302232;NCD;8;GAS;3;i;z003;
0;50;;0,034278436;;34,27843595;NCD;8;GAS;3;i;z003;
0;51;;0,031696478;;31,69647799;NCD;8;GAS;3;i;z003;
0;52;;0,035118812;;35,11881159;NCD;8;GAS;3;i;z003;
0;53;;0,04058975;;40,58974965;NCD;8;GAS;3;i;z003;
0;54;;0,039536435;;39,53643452;NCD;8;GAS;3;i;z003;
0;55;;0,039385657;;39,38565721;NCD;8;GAS;3;i;z003;
0;56;;0,038761359;;38,76135916;NCD;8;GAS;3;i;z003;
0;57;;0,042531298;;42,53129818;NCD;8;GAS;3;i;z003;
0;58;;0,034431246;;34,43124635;NCD;8;GAS;3;i;z003;
0;59;;0,038875343;;38,87534345;NCD;8;GAS;3;i;z003;
0;60;;0,035220217;;35,22021674;NCD;8;GAS;3;i;z003;
0;61;;0,04055022;;40,55022042;NCD;8;GAS;3;i;z003;
0;62;;0,042533598;;42,53359765;NCD;8;GAS;3;i;z003;
0;63;;0,035701838;;35,70183805;NCD;8;GAS;3;i;z003;
0;64;;0,03980809;;39,80809008;NCD;8;GAS;3;i;z003;
0;65;;0,038246781;;38,24678098;NCD;8;GAS;3;i;z003;
0;66;;0,040563036;;40,56303552;NCD;8;GAS;3;i;z003;
0;67;;0,042784849;;42,78484888;NCD;8;GAS;3;i;z003;
0;68;;0,04000295;;40,00295008;NCD;8;GAS;3;i;z003;
0;69;;0,033577347;;33,57734688;NCD;8;GAS;3;i;z003;
0;70;;0,04014245;;40,1424497;NCD;8;GAS;3;i;z003;
0;71;;0,038875343;;38,87534345;NCD;8;GAS;3;i;z003;
0;72;;0,037112221;;37,11222054;NCD;8;GAS;3;i;z003;
0;73;;0,037535428;;37,53542764;NCD;8;GAS;3;i;z003;
0;74;;0,042211927;;42,21192708;NCD;8;GAS;3;i;z003;
0;75;;0,045527802;;45,52780152;NCD;8;GAS;3;i;z003;
0;76;;0,038708999;;38,70899855;NCD;8;GAS;3;i;z003;
0;77;;0,044469769;;44,46976894;NCD;8;GAS;3;i;z003;
0;78;;0,040226681;;40,22668105;NCD;8;GAS;3;i;z003;
0;79;;0,043758017;;43,75801655;NCD;8;GAS;3;i;z003;
0;80;;0,039668725;;39,66872495;NCD;8;GAS;3;i;z003;
0;81;;0,036718522;;36,71852179;NCD;8;GAS;3;i;z003;
0;82;;0,041852161;;41,85216142;NCD;8;GAS;3;i;z003;
0;83;;0,032622378;;32,62237783;NCD;8;GAS;3;i;z003;
0;84;;0,037222531;;37,22253099;NCD;8;GAS;3;i;z003;
0;85;;0,03944607;;39,44606992;NCD;8;GAS;3;i;z003;
0;86;;0,03830191;;38,30190951;NCD;8;GAS;3;i;z003;
0;87;;0,047123991;;47,12399095;NCD;8;GAS;3;i;z003;
0;88;;0,040952989;;40,95298937;NCD;8;GAS;3;i;z003;
0;89;;0,039109261;;39,10926111;NCD;8;GAS;3;i;z003;
0;90;;0,049014618;;49,01461817;NCD;8;GAS;3;i;z003;
0;91;;0,041965755;;41,96575464;NCD;8;GAS;3;i;z003;
0;92;;0,044098693;;44,09869346;NCD;8;GAS;3;i;z003;
0;93;;0,035815948;;35,8159482;NCD;8;GAS;3;i;z003;
0;94;;0,035903999;;35,90399865;NCD;8;GAS;3;i;z003;
0;95;;0,043224005;;43,22400469;NCD;8;GAS;3;i;z003;
0;96;;0,041831486;;41,83148571;NCD;8;GAS;3;i;z003;
0;97;;0,041255457;;41,25545707;NCD;8;GAS;3;i;z003;
0;98;;0,046402677;;46,40267722;NCD;8;GAS;3;i;z003;
0;99;;0,042547864;;42,54786432;NCD;8;GAS;3;i;z003;
0;100;;0,04076987;;40,76986999;NCD;8;GAS;3;i;z003;
0;101;;0,04531999;;45,31998968;NCD;8;GAS;3;i;z003;
0;102;;0,040793512;;40,79351154;NCD;8;GAS;3;i;z003;
0;103;;0,043196997;;43,19699656;NCD;8;GAS;3;i;z003;
0;104;;0,03721896;;37,21896023;NCD;8;GAS;3;i;z003;
0;105;;0,043440461;;43,44046102;NCD;8;GAS;3;i;z003;
0;106;;0,046809063;;46,80906323;NCD;8;GAS;3;i;z003;
0;107;;0,041311691;;41,31169127;NCD;8;GAS;3;i;z003;
0;108;;0,041827992;;41,8279919;NCD;8;GAS;3;i;z003;
0;109;;0,038478642;;38,47864241;NCD;8;GAS;3;i;z003;
0;110;;0,040459373;;40,45937285;NCD;8;GAS;3;i;z003;
0;111;;0,046831102;;46,8311022;NCD;8;GAS;3;i;z003;
0;112;;0,049843983;;49,8439826;NCD;8;GAS;3;i;z003;
0;113;;0,051612001;;51,61200079;NCD;8;GAS;3;i;z003;
0;114;;0,038708997;;38,70899673;NCD;8;GAS;3;i;z003;
0;115;;0,03918148;;39,18147986;NCD;8;GAS;3;i;z003;
0;116;;0,042099114;;42,099114;NCD;8;GAS;3;i;z003;
0;117;;0,046007813;;46,00781328;NCD;8;GAS;3;i;z003;
0;118;;0,036553227;;36,55322665;NCD;8;GAS;3;i;z003;
0;119;;0,051327525;;51,32752482;NCD;8;GAS;3;i;z003;
0;120;;0,048803956;;48,80395579;NCD;8;GAS;3;i;z003;
0;121;;0,055397095;;55,39709522;NCD;8;GAS;3;i;z003;
0;122;;0,045680883;;45,68088288;NCD;8;GAS;3;i;z003;
0;123;;0,048709049;;48,70904896;NCD;8;GAS;3;i;z003;
0;124;;0,044638729;;44,63872911;NCD;8;GAS;3;i;z003;
0;125;;0,040377668;;40,37766758;NCD;8;GAS;3;i;z003;
0;126;;0,047685025;;47,68502549;NCD;8;GAS;3;i;z003;
0;1;;0,019363497;;19,36349745;NCD;8;GAS;4;d;z;
0;2;;0,026327303;;26,32730261;NCD;8;GAS;4;d;z;
0;3;;0,023081617;;23,08161651;NCD;8;GAS;4;d;z;
0;4;;0,022892322;;22,89232174;NCD;8;GAS;4;d;z;
0;5;;0,021300388;;21,30038827;NCD;8;GAS;4;d;z;
0;6;;0,023834255;;23,834255;NCD;8;GAS;4;d;z;
0;7;;0,031146918;;31,14691755;NCD;8;GAS;4;d;z;
0;8;;0,025880971;;25,88097122;NCD;8;GAS;4;d;z;
0;9;;0,026594014;;26,59401406;NCD;8;GAS;4;d;z;
0;10;;0,026818974;;26,81897411;NCD;8;GAS;4;d;z;
0;11;;0,025245012;;25,24501178;NCD;8;GAS;4;d;z;
0;12;;0,023764247;;23,76424658;NCD;8;GAS;4;d;z;
0;13;;0,030045269;;30,04526922;NCD;8;GAS;4;d;z;
0;14;;0,030098745;;30,09874533;NCD;8;GAS;4;d;z;
0;15;;0,026242288;;26,24228806;NCD;8;GAS;4;d;z;
0;16;;0,026999259;;26,99925881;NCD;8;GAS;4;d;z;
0;17;;0,025651121;;25,65112068;NCD;8;GAS;4;d;z;
0;18;;0,024796943;;24,7969432;NCD;8;GAS;4;d;z;
0;19;;0,026974724;;26,97472391;NCD;8;GAS;4;d;z;
0;20;;0,029581249;;29,58124936;NCD;8;GAS;4;d;z;
0;21;;0,030855008;;30,85500794;NCD;8;GAS;4;d;z;
0;22;;0,021340422;;21,34042178;NCD;8;GAS;4;d;z;
0;23;;0,029486295;;29,48629542;NCD;8;GAS;4;d;z;
0;24;;0,028189493;;28,18949317;NCD;8;GAS;4;d;z;
0;25;;0,026844916;;26,84491633;NCD;8;GAS;4;d;z;
0;26;;0,033551088;;33,55108822;NCD;8;GAS;4;d;z;
0;27;;0,026398195;;26,39819489;NCD;8;GAS;4;d;z;
0;28;;0,029751533;;29,75153342;NCD;8;GAS;4;d;z;
0;29;;0,030332812;;30,33281183;NCD;8;GAS;4;d;z;
0;30;;0,034807036;;34,80703641;NCD;8;GAS;4;d;z;
0;31;;0,032364402;;32,36440192;NCD;8;GAS;4;d;z;
0;32;;0,032481772;;32,48177205;NCD;8;GAS;4;d;z;
0;33;;0,028472871;;28,47287122;NCD;8;GAS;4;d;z;
0;34;;0,029522866;;29,52286587;NCD;8;GAS;4;d;z;
0;35;;0,023229149;;23,22914872;NCD;8;GAS;4;d;z;
0;36;;0,025387961;;25,38796092;NCD;8;GAS;4;d;z;
0;37;;0,033970624;;33,97062371;NCD;8;GAS;4;d;z;
0;38;;0,02356201;;23,56201003;NCD;8;GAS;4;d;z;
0;39;;0,037883927;;37,88392655;NCD;8;GAS;4;d;z;
0;40;;0,034050686;;34,05068612;NCD;8;GAS;4;d;z;
0;41;;0,034646418;;34,64641768;NCD;8;GAS;4;d;z;
0;42;;0,028144368;;28,14436819;NCD;8;GAS;4;d;z;
0;43;;0,038558793;;38,55879338;NCD;8;GAS;4;d;z;
0;44;;0,028288777;;28,28877685;NCD;8;GAS;4;d;z;
0;45;;0,025245012;;25,24501178;NCD;8;GAS;4;d;z;
0;46;;0,03773125;;37,7312498;NCD;8;GAS;4;d;z;
0;47;;0,035903874;;35,90387382;NCD;8;GAS;4;d;z;
0;48;;0,039633743;;39,63374281;NCD;8;GAS;4;d;z;
0;49;;0,032503685;;32,5036846;NCD;8;GAS;4;d;z;
0;50;;0,029070532;;29,07053165;NCD;8;GAS;4;d;z;
0;51;;0,036052325;;36,05232452;NCD;8;GAS;4;d;z;
0;52;;0,034077872;;34,07787163;NCD;8;GAS;4;d;z;
0;53;;0,035285632;;35,28563244;NCD;8;GAS;4;d;z;
0;54;;0,035036831;;35,03683132;NCD;8;GAS;4;d;z;
0;55;;0,037831965;;37,83196516;NCD;8;GAS;4;d;z;
0;56;;0,036839382;;36,839382;NCD;8;GAS;4;d;z;
0;57;;0,036401837;;36,40183735;NCD;8;GAS;4;d;z;
0;58;;0,043035055;;43,0350549;NCD;8;GAS;4;d;z;
0;59;;0,039438268;;39,4382675;NCD;8;GAS;4;d;z;
0;60;;0,034359007;;34,35900749;NCD;8;GAS;4;d;z;
0;61;;0,034541784;;34,54178373;NCD;8;GAS;4;d;z;
0;62;;0,043924992;;43,92499159;NCD;8;GAS;4;d;z;
0;63;;0,039144391;;39,14439056;NCD;8;GAS;4;d;z;
0;64;;0,040953004;;40,95300392;NCD;8;GAS;4;d;z;
0;65;;0,037554041;;37,55404149;NCD;8;GAS;4;d;z;
0;66;;0,035869943;;35,86994297;NCD;8;GAS;4;d;z;
0;67;;0,048246002;;48,24600182;NCD;8;GAS;4;d;z;
0;68;;0,046003035;;46,00303523;NCD;8;GAS;4;d;z;
0;69;;0,04971905;;49,71905037;NCD;8;GAS;4;d;z;
0;70;;0,043587379;;43,58737873;NCD;8;GAS;4;d;z;
0;71;;0,049490389;;49,49038872;NCD;8;GAS;4;d;z;
0;72;;0,051281604;;51,28160398;NCD;8;GAS;4;d;z;
0;73;;0,045346867;;45,34686662;NCD;8;GAS;4;d;z;
0;74;;0,05120817;;51,20817;NCD;8;GAS;4;d;z;
0;75;;0,042516263;;42,51626288;NCD;8;GAS;4;d;z;
0;76;;0,044354584;;44,35458401;NCD;8;GAS;4;d;z;
0;77;;0,049367998;;49,36799814;NCD;8;GAS;4;d;z;
0;78;;0,040972499;;40,97249856;NCD;8;GAS;4;d;z;
0;79;;0,039526828;;39,5268282;NCD;8;GAS;4;d;z;
0;80;;0,044763699;;44,76369916;NCD;8;GAS;4;d;z;
0;81;;0,047123991;;47,12399095;NCD;8;GAS;4;d;z;
0;82;;0,045272489;;45,27248905;NCD;8;GAS;4;d;z;
0;83;;0,042096383;;42,09638263;NCD;8;GAS;4;d;z;
0;84;;0,04731316;;47,3131598;NCD;8;GAS;4;d;z;
0;85;;0,053364069;;53,36406858;NCD;8;GAS;4;d;z;
0;86;;0,05333139;;53,33138957;NCD;8;GAS;4;d;z;
0;87;;0,040133294;;40,13329422;NCD;8;GAS;4;d;z;
0;88;;0,048360242;;48,36024205;NCD;8;GAS;4;d;z;
0;89;;0,033899964;;33,89996353;NCD;8;GAS;4;d;z;
0;90;;0,038203613;;38,20361324;NCD;8;GAS;4;d;z;
0;91;;0,044034994;;44,0349941;NCD;8;GAS;4;d;z;
0;92;;0,04798061;;47,98061001;NCD;8;GAS;4;d;z;
0;93;;0,04683069;;46,83069031;NCD;8;GAS;4;d;z;
0;94;;0,052394764;;52,39476417;NCD;8;GAS;4;d;z;
0;95;;0,048957483;;48,95748314;NCD;8;GAS;4;d;z;
0;96;;0,049725561;;49,72556055;NCD;8;GAS;4;d;z;
0;97;;0,042812475;;42,81247459;NCD;8;GAS;4;d;z;
0;98;;0,045408648;;45,40864787;NCD;8;GAS;4;d;z;
0;99;;0,051226711;;51,22671103;NCD;8;GAS;4;d;z;
0;100;;0,047965402;;47,96540234;NCD;8;GAS;4;d;z;
0;1;;0,01402499;;14,02499038;NCD;8;GAS;4;d;z001;
0;2;;0,01457521;;14,57520951;NCD;8;GAS;4;d;z001;
0;3;;0,017390994;;17,39099389;NCD;8;GAS;4;d;z001;
0;4;;0,018935268;;18,93526766;NCD;8;GAS;4;d;z001;
0;5;;0,017140186;;17,14018649;NCD;8;GAS;4;d;z001;
0;6;;0,022851139;;22,85113928;NCD;8;GAS;4;d;z001;
0;7;;0,025103644;;25,10364373;NCD;8;GAS;4;d;z001;
0;8;;0,026366964;;26,36696445;NCD;8;GAS;4;d;z001;
0;9;;0,022439999;;22,43999916;NCD;8;GAS;4;d;z001;
0;10;;0,022586182;;22,58618228;NCD;8;GAS;4;d;z001;
0;11;;0,019581987;;19,58198732;NCD;8;GAS;4;d;z001;
0;12;;0,023404543;;23,40454319;NCD;8;GAS;4;d;z001;
0;13;;0,023354045;;23,35404481;NCD;8;GAS;4;d;z001;
0;14;;0,019437665;;19,43766541;NCD;8;GAS;4;d;z001;
0;15;;0,023850461;;23,85046136;NCD;8;GAS;4;d;z001;
0;16;;0,025593234;;25,59323421;NCD;8;GAS;4;d;z001;
0;17;;0,025387971;;25,38797121;NCD;8;GAS;4;d;z001;
0;18;;0,024085146;;24,08514588;NCD;8;GAS;4;d;z001;
0;19;;0,021336804;;21,336804;NCD;8;GAS;4;d;z001;
0;20;;0,025784672;;25,78467225;NCD;8;GAS;4;d;z001;
0;21;;0,024120583;;24,1205833;NCD;8;GAS;4;d;z001;
0;22;;0,026856372;;26,85637224;NCD;8;GAS;4;d;z001;
0;23;;0,029099286;;29,09928615;NCD;8;GAS;4;d;z001;
0;24;;0,027768085;;27,76808483;NCD;8;GAS;4;d;z001;
0;25;;0,024684003;;24,68400271;NCD;8;GAS;4;d;z001;
0;26;;0,028897407;;28,89740679;NCD;8;GAS;4;d;z001;
0;27;;0,027894434;;27,89443431;NCD;8;GAS;4;d;z001;
0;28;;0,023503219;;23,50321916;NCD;8;GAS;4;d;z001;
0;29;;0,024387763;;24,38776285;NCD;8;GAS;4;d;z001;
0;30;;0,027793588;;27,7935876;NCD;8;GAS;4;d;z001;
0;31;;0,027111004;;27,11100351;NCD;8;GAS;4;d;z001;
0;32;;0,026983038;;26,98303756;NCD;8;GAS;4;d;z001;
0;33;;0,023094498;;23,09449808;NCD;8;GAS;4;d;z001;
0;34;;0,023537551;;23,53755109;NCD;8;GAS;4;d;z001;
0;35;;0,031611747;;31,61174716;NCD;8;GAS;4;d;z001;
0;36;;0,022586303;;22,58630305;NCD;8;GAS;4;d;z001;
0;37;;0,034184802;;34,1848015;NCD;8;GAS;4;d;z001;
0;38;;0,025686931;;25,68693052;NCD;8;GAS;4;d;z001;
0;39;;0,027229126;;27,22912642;NCD;8;GAS;4;d;z001;
0;40;;0,029732997;;29,73299706;NCD;8;GAS;4;d;z001;
0;41;;0,027512429;;27,51242904;NCD;8;GAS;4;d;z001;
0;42;;0,031851376;;31,85137587;NCD;8;GAS;4;d;z001;
0;43;;0,031415984;;31,41598427;NCD;8;GAS;4;d;z001;
0;44;;0,031379674;;31,37967363;NCD;8;GAS;4;d;z001;
0;45;;0,034221307;;34,22130712;NCD;8;GAS;4;d;z001;
0;46;;0,035342993;;35,34299321;NCD;8;GAS;4;d;z001;
0;47;;0,02543898;;25,43897967;NCD;8;GAS;4;d;z001;
0;48;;0,026953046;;26,9530461;NCD;8;GAS;4;d;z001;
0;49;;0,025364869;;25,3648687;NCD;8;GAS;4;d;z001;
0;50;;0,034221011;;34,22101145;NCD;8;GAS;4;d;z001;
0;51;;0,027283401;;27,28340081;NCD;8;GAS;4;d;z001;
0;52;;0,032866206;;32,86620646;NCD;8;GAS;4;d;z001;
0;53;;0,034968177;;34,96817749;NCD;8;GAS;4;d;z001;
0;54;;0,034285659;;34,28565879;NCD;8;GAS;4;d;z001;
0;55;;0,039270002;;39,27000216;NCD;8;GAS;4;d;z001;
0;56;;0,037695055;;37,69505472;NCD;8;GAS;4;d;z001;
0;57;;0,03144054;;31,4405398;NCD;8;GAS;4;d;z001;
0;58;;0,036139871;;36,13987137;NCD;8;GAS;4;d;z001;
0;59;;0,031454837;;31,45483726;NCD;8;GAS;4;d;z001;
0;60;;0,035083161;;35,08316108;NCD;8;GAS;4;d;z001;
0;61;;0,030294002;;30,2940025;NCD;8;GAS;4;d;z001;
0;62;;0,039272024;;39,27202391;NCD;8;GAS;4;d;z001;
0;63;;0,042075;;42,07500024;NCD;8;GAS;4;d;z001;
0;64;;0,038562525;;38,56252464;NCD;8;GAS;4;d;z001;
0;65;;0,03757582;;37,57582049;NCD;8;GAS;4;d;z001;
0;66;;0,037616177;;37,61617745;NCD;8;GAS;4;d;z001;
0;67;;0,03874783;;38,74783024;NCD;8;GAS;4;d;z001;
0;68;;0,034554666;;34,55466608;NCD;8;GAS;4;d;z001;
0;69;;0,038997926;;38,99792567;NCD;8;GAS;4;d;z001;
0;70;;0,035467509;;35,46750897;NCD;8;GAS;4;d;z001;
0;71;;0,03634843;;36,34842963;NCD;8;GAS;4;d;z001;
0;72;;0,036231164;;36,23116358;NCD;8;GAS;4;d;z001;
0;73;;0,041679062;;41,67906182;NCD;8;GAS;4;d;z001;
0;74;;0,046563015;;46,56301462;NCD;8;GAS;4;d;z001;
0;75;;0,051520937;;51,52093672;NCD;8;GAS;4;d;z001;
0;76;;0,034520968;;34,52096827;NCD;8;GAS;4;d;z001;
0;77;;0,054596024;;54,59602421;NCD;8;GAS;4;d;z001;
0;78;;0,044482614;;44,48261395;NCD;8;GAS;4;d;z001;
0;79;;0,044795504;;44,79550355;NCD;8;GAS;4;d;z001;
0;80;;0,039332992;;39,33299207;NCD;8;GAS;4;d;z001;
0;81;;0,036624951;;36,62495128;NCD;8;GAS;4;d;z001;
0;82;;0,039399708;;39,39970805;NCD;8;GAS;4;d;z001;
0;83;;0,044132707;;44,13270699;NCD;8;GAS;4;d;z001;
0;84;;0,052734002;;52,73400166;NCD;8;GAS;4;d;z001;
0;85;;0,038483807;;38,4838075;NCD;8;GAS;4;d;z001;
0;86;;0,049211759;;49,21175921;NCD;8;GAS;4;d;z001;
0;87;;0,042135187;;42,13518652;NCD;8;GAS;4;d;z001;
0;88;;0,040371566;;40,37156554;NCD;8;GAS;4;d;z001;
0;89;;0,044281006;;44,28100617;NCD;8;GAS;4;d;z001;
0;90;;0,038059729;;38,05972891;NCD;8;GAS;4;d;z001;
0;91;;0,031821051;;31,82105068;NCD;8;GAS;4;d;z001;
0;92;;0,040688795;;40,68879457;NCD;8;GAS;4;d;z001;
0;93;;0,054964229;;54,9642288;NCD;8;GAS;4;d;z001;
0;94;;0,051597176;;51,59717648;NCD;8;GAS;4;d;z001;
0;95;;0,053224291;;53,22429142;NCD;8;GAS;4;d;z001;
0;96;;0,046538039;;46,53803928;NCD;8;GAS;4;d;z001;
0;97;;0,042776764;;42,77676375;NCD;8;GAS;4;d;z001;
0;98;;0,042333921;;42,33392071;NCD;8;GAS;4;d;z001;
0;99;;0,053142461;;53,14246112;NCD;8;GAS;4;d;z001;
0;100;;0,042636006;;42,63600567;NCD;8;GAS;4;d;z001;
0;101;;0,049278376;;49,27837553;NCD;8;GAS;4;d;z001;
0;102;;0,050428826;;50,42882577;NCD;8;GAS;4;d;z001;
0;103;;0,056824897;;56,82489705;NCD;8;GAS;4;d;z001;
0;104;;0,042840169;;42,84016877;NCD;8;GAS;4;d;z001;
0;105;;0,054237299;;54,23729878;NCD;8;GAS;4;d;z001;
0;106;;0,058275182;;58,27518164;NCD;8;GAS;4;d;z001;
0;107;;0,055565808;;55,56580752;NCD;8;GAS;4;d;z001;
0;108;;0,057549862;;57,5498622;NCD;8;GAS;4;d;z001;
0;109;;0,04890888;;48,90888014;NCD;8;GAS;4;d;z001;
0;110;;0,052362678;;52,3626784;NCD;8;GAS;4;d;z001;
0;111;;0,040241441;;40,2414412;NCD;8;GAS;4;d;z001;
0;112;;0,042667143;;42,66714326;NCD;8;GAS;4;d;z001;
0;1;;0,032748595;;32,74859547;NCD;8;GAS;4;d;z003;
0;2;;0,033157999;;33,15799907;NCD;8;GAS;4;d;z003;
0;3;;0,038478648;;38,47864756;NCD;8;GAS;4;d;z003;
0;4;;0,037169594;;37,16959366;NCD;8;GAS;4;d;z003;
0;5;;0,047205777;;47,20577713;NCD;8;GAS;4;d;z003;
0;6;;0,041051546;;41,05154615;NCD;8;GAS;4;d;z003;
0;7;;0,039801219;;39,80121949;NCD;8;GAS;4;d;z003;
0;8;;0,044395012;;44,39501174;NCD;8;GAS;4;d;z003;
0;9;;0,04208829;;42,0882897;NCD;8;GAS;4;d;z003;
0;10;;0,04182793;;41,82792955;NCD;8;GAS;4;d;z003;
0;11;;0,041894681;;41,89468094;NCD;8;GAS;4;d;z003;
0;12;;0,042629519;;42,62951904;NCD;8;GAS;4;d;z003;
0;13;;0,04726096;;47,26096048;NCD;8;GAS;4;d;z003;
0;14;;0,040391984;;40,39198393;NCD;8;GAS;4;d;z003;
0;15;;0,03802662;;38,0266199;NCD;8;GAS;4;d;z003;
0;16;;0,035902512;;35,9025122;NCD;8;GAS;4;d;z003;
0;17;;0,031290252;;31,29025183;NCD;8;GAS;4;d;z003;
0;18;;0,031734972;;31,73497173;NCD;8;GAS;4;d;z003;
0;19;;0,046001998;;46,00199827;NCD;8;GAS;4;d;z003;
0;20;;0,040391984;;40,39198393;NCD;8;GAS;4;d;z003;
0;21;;0,044825643;;44,82564293;NCD;8;GAS;4;d;z003;
0;22;;0,036495199;;36,49519896;NCD;8;GAS;4;d;z003;
0;23;;0,049004577;;49,00457731;NCD;8;GAS;4;d;z003;
0;24;;0,045661402;;45,66140244;NCD;8;GAS;4;d;z003;
0;25;;0,049102754;;49,10275407;NCD;8;GAS;4;d;z003;
0;26;;0,040229431;;40,22943062;NCD;8;GAS;4;d;z003;
0;27;;0,039538402;;39,53840233;NCD;8;GAS;4;d;z003;
0;28;;0,043422236;;43,42223629;NCD;8;GAS;4;d;z003;
0;29;;0,041627704;;41,62770434;NCD;8;GAS;4;d;z003;
0;30;;0,038572801;;38,57280074;NCD;8;GAS;4;d;z003;
0;31;;0,034258262;;34,258262;NCD;8;GAS;4;d;z003;
0;32;;0,052032905;;52,03290488;NCD;8;GAS;4;d;z003;
0;33;;0,045208676;;45,20867649;NCD;8;GAS;4;d;z003;
0;34;;0,040980909;;40,98090936;NCD;8;GAS;4;d;z003;
0;35;;0,04552592;;45,52592007;NCD;8;GAS;4;d;z003;
0;36;;0,03718876;;37,18876045;NCD;8;GAS;4;d;z003;
0;37;;0,047075102;;47,07510218;NCD;8;GAS;4;d;z003;
0;38;;0,047583612;;47,58361218;NCD;8;GAS;4;d;z003;
0;39;;0,050173352;;50,17335186;NCD;8;GAS;4;d;z003;
0;40;;0,045990034;;45,99003399;NCD;8;GAS;4;d;z003;
0;41;;0,053188015;;53,1880151;NCD;8;GAS;4;d;z003;
0;42;;0,041952505;;41,9525053;NCD;8;GAS;4;d;z003;
0;43;;0,04555427;;45,55427036;NCD;8;GAS;4;d;z003;
0;44;;0,049810497;;49,81049656;NCD;8;GAS;4;d;z003;
0;45;;0,043760545;;43,76054494;NCD;8;GAS;4;d;z003;
0;46;;0,036171019;;36,17101862;NCD;8;GAS;4;d;z003;
0;47;;0,057272037;;57,2720366;NCD;8;GAS;4;d;z003;
0;48;;0,040141904;;40,14190384;NCD;8;GAS;4;d;z003;
0;49;;0,03670086;;36,70085969;NCD;8;GAS;4;d;z003;
0;50;;0,053542591;;53,54259124;NCD;8;GAS;4;d;z003;
0;51;;0,05621233;;56,21232955;NCD;8;GAS;4;d;z003;
0;52;;0,053968585;;53,96858497;NCD;8;GAS;4;d;z003;
0;53;;0,052840076;;52,84007644;NCD;8;GAS;4;d;z003;
0;54;;0,054365075;;54,36507468;NCD;8;GAS;4;d;z003;
0;55;;0,045749545;;45,74954469;NCD;8;GAS;4;d;z003;
0;56;;0,058890207;;58,89020665;NCD;8;GAS;4;d;z003;
0;57;;0,057079553;;57,07955252;NCD;8;GAS;4;d;z003;
0;58;;0,060296438;;60,29643805;NCD;8;GAS;4;d;z003;
0;59;;0,050531983;;50,53198256;NCD;8;GAS;4;d;z003;
0;60;;0,048527505;;48,52750506;NCD;8;GAS;4;d;z003;
0;61;;0,057684918;;57,68491793;NCD;8;GAS;4;d;z003;
0;62;;0,045309379;;45,30937867;NCD;8;GAS;4;d;z003;
0;63;;0,043665822;;43,66582219;NCD;8;GAS;4;d;z003;
0;64;;0,06037092;;60,37091985;NCD;8;GAS;4;d;z003;
0;65;;0,045353469;;45,35346925;NCD;8;GAS;4;d;z003;
0;1;;0,023215272;;23,21527153;NCD;8;GAS;4;i;z001;
0;2;;0,021878979;;21,87897917;NCD;8;GAS;4;i;z001;
0;3;;0,02692687;;26,92686985;NCD;8;GAS;4;i;z001;
0;4;;0,02850473;;28,50473026;NCD;8;GAS;4;i;z001;
0;5;;0,036688988;;36,68898778;NCD;8;GAS;4;i;z001;
0;6;;0,023673049;;23,67304896;NCD;8;GAS;4;i;z001;
0;7;;0,038068081;;38,06808089;NCD;8;GAS;4;i;z001;
0;8;;0,029820818;;29,82081833;NCD;8;GAS;4;i;z001;
0;9;;0,030576674;;30,57667402;NCD;8;GAS;4;i;z001;
0;10;;0,030852577;;30,85257666;NCD;8;GAS;4;i;z001;
0;11;;0,030913974;;30,91397439;NCD;8;GAS;4;i;z001;
0;12;;0,027377922;;27,37792224;NCD;8;GAS;4;i;z001;
0;13;;0,040163621;;40,16362146;NCD;8;GAS;4;i;z001;
0;14;;0,034434605;;34,4346048;NCD;8;GAS;4;i;z001;
0;15;;0,040391998;;40,39199848;NCD;8;GAS;4;i;z001;
0;16;;0,034610085;;34,61008484;NCD;8;GAS;4;i;z001;
0;17;;0,035156141;;35,15614072;NCD;8;GAS;4;i;z001;
0;18;;0,034630488;;34,6304881;NCD;8;GAS;4;i;z001;
0;19;;0,027095785;;27,09578525;NCD;8;GAS;4;i;z001;
0;20;;0,038965753;;38,96575317;NCD;8;GAS;4;i;z001;
0;21;;0,040141904;;40,14190384;NCD;8;GAS;4;i;z001;
0;22;;0,042466061;;42,46606111;NCD;8;GAS;4;i;z001;
0;23;;0,035456068;;35,45606795;NCD;8;GAS;4;i;z001;
0;24;;0,03434718;;34,34717978;NCD;8;GAS;4;i;z001;
0;25;;0,031890798;;31,89079801;NCD;8;GAS;4;i;z001;
0;26;;0,038188226;;38,18822582;NCD;8;GAS;4;i;z001;
0;27;;0,027604009;;27,60400892;NCD;8;GAS;4;i;z001;
0;28;;0,046414695;;46,41469533;NCD;8;GAS;4;i;z001;
0;29;;0,030474827;;30,47482663;NCD;8;GAS;4;i;z001;
0;30;;0,04380403;;43,80402963;NCD;8;GAS;4;i;z001;
0;31;;0,046563015;;46,56301462;NCD;8;GAS;4;i;z001;
0;32;;0,034568955;;34,56895476;NCD;8;GAS;4;i;z001;
0;33;;0,048906571;;48,90657117;NCD;8;GAS;4;i;z001;
0;34;;0,038887471;;38,88747056;NCD;8;GAS;4;i;z001;
0;35;;0,049796063;;49,79606257;NCD;8;GAS;4;i;z001;
0;36;;0,043899462;;43,89946198;NCD;8;GAS;4;i;z001;
0;37;;0,045525014;;45,52501357;NCD;8;GAS;4;i;z001;
0;38;;0,044877213;;44,87721345;NCD;8;GAS;4;i;z001;
0;39;;0,042461192;;42,46119175;NCD;8;GAS;4;i;z001;
0;40;;0,042118845;;42,11884487;NCD;8;GAS;4;i;z001;
0;41;;0,045661393;;45,66139268;NCD;8;GAS;4;i;z001;
0;42;;0,047323521;;47,32352102;NCD;8;GAS;4;i;z001;
0;43;;0,043932495;;43,93249456;NCD;8;GAS;4;i;z001;
0;44;;0,036916507;;36,91650739;NCD;8;GAS;4;i;z001;
0;45;;0,038714316;;38,71431642;NCD;8;GAS;4;i;z001;
0;46;;0,04600198;;46,00198008;NCD;8;GAS;4;i;z001;
0;47;;0,054402819;;54,40281889;NCD;8;GAS;4;i;z001;
0;48;;0,038134809;;38,1348093;NCD;8;GAS;4;i;z001;
0;49;;0,043758002;;43,75800199;NCD;8;GAS;4;i;z001;
0;50;;0,03870595;;38,70594981;NCD;8;GAS;4;i;z001;
0;51;;0,028386174;;28,38617362;NCD;8;GAS;4;i;z001;
0;52;;0,054267566;;54,2675657;NCD;8;GAS;4;i;z001;
0;53;;0,045560982;;45,560982;NCD;8;GAS;4;i;z001;
0;54;;0,034644832;;34,64483248;NCD;8;GAS;4;i;z001;
0;55;;0,041428721;;41,42872105;NCD;8;GAS;4;i;z001;
0;56;;0,045203912;;45,20391188;NCD;8;GAS;4;i;z001;
0;57;;0,041854987;;41,85498662;NCD;8;GAS;4;i;z001;
0;58;;0,045076249;;45,07624857;NCD;8;GAS;4;i;z001;
0;59;;0,044447932;;44,44793165;NCD;8;GAS;4;i;z001;
0;60;;0,046963541;;46,96354064;NCD;8;GAS;4;i;z001;
0;61;;0,051874292;;51,8742922;NCD;8;GAS;4;i;z001;
0;62;;0,048246002;;48,24600182;NCD;8;GAS;4;i;z001;
0;63;;0,05068714;;50,68714045;NCD;8;GAS;4;i;z001;
0;64;;0,038079368;;38,07936799;NCD;8;GAS;4;i;z001;
0;65;;0,049928989;;49,92898903;NCD;8;GAS;4;i;z001;
0;66;;0,050439363;;50,43936345;NCD;8;GAS;4;i;z001;
0;67;;0,051606036;;51,60603586;NCD;8;GAS;4;i;z001;
0;68;;0,037270801;;37,27080071;NCD;8;GAS;4;i;z001;
0;69;;0,052820815;;52,82081503;NCD;8;GAS;4;i;z001;
0;70;;0,055842142;;55,84214154;NCD;8;GAS;4;i;z001;
0;71;;0,046563015;;46,56301462;NCD;8;GAS;4;i;z001;
0;72;;0,039272024;;39,27202391;NCD;8;GAS;4;i;z001;
0;73;;0,03702601;;37,02600952;NCD;8;GAS;4;i;z001;
0;74;;0,051612005;;51,61200534;NCD;8;GAS;4;i;z001;
0;75;;0,042857464;;42,85746427;NCD;8;GAS;4;i;z001;
0;76;;0,049585891;;49,58589075;NCD;8;GAS;4;i;z001;
0;77;;0,054171472;;54,17147161;NCD;8;GAS;4;i;z001;
0;78;;0,047962724;;47,9627237;NCD;8;GAS;4;i;z001;
0;79;;0,056089486;;56,08948612;NCD;8;GAS;4;i;z001;
0;80;;0,054438967;;54,43896672;NCD;8;GAS;4;i;z001;
0;81;;0,044709385;;44,70938474;NCD;8;GAS;4;i;z001;
0;82;;0,047420068;;47,42006775;NCD;8;GAS;4;i;z001;
0;1;;0,025921729;;25,92172941;HFD;12;GAS;1;d;z;
0;2;;0,030113517;;30,11351706;HFD;12;GAS;1;d;z;
0;3;;0,028961018;;28,96101817;HFD;12;GAS;1;d;z;
0;4;;0,030565499;;30,56549905;HFD;12;GAS;1;d;z;
0;5;;0,0312927;;31,29269955;HFD;12;GAS;1;d;z;
0;6;;0,028281891;;28,28189114;HFD;12;GAS;1;d;z;
0;7;;0,025908784;;25,90878392;HFD;12;GAS;1;d;z;
0;8;;0,029510529;;29,51052851;HFD;12;GAS;1;d;z;
0;9;;0,030293973;;30,2939734;HFD;12;GAS;1;d;z;
0;10;;0,034343324;;34,34332443;HFD;12;GAS;1;d;z;
0;11;;0,028312119;;28,3121189;HFD;12;GAS;1;d;z;
0;12;;0,02804013;;28,04012984;HFD;12;GAS;1;d;z;
0;13;;0,030855008;;30,85500794;HFD;12;GAS;1;d;z;
0;14;;0,028294151;;28,29415078;HFD;12;GAS;1;d;z;
0;15;;0,033004516;;33,00451625;HFD;12;GAS;1;d;z;
0;16;;0,033701581;;33,7015806;HFD;12;GAS;1;d;z;
0;17;;0,034115106;;34,11510592;HFD;12;GAS;1;d;z;
0;18;;0,033659977;;33,65997691;HFD;12;GAS;1;d;z;
0;19;;0,03305907;;33,05906957;HFD;12;GAS;1;d;z;
0;20;;0,034638558;;34,63855793;HFD;12;GAS;1;d;z;
0;21;;0,034220997;;34,22099689;HFD;12;GAS;1;d;z;
0;22;;0,031360845;;31,36084488;HFD;12;GAS;1;d;z;
0;23;;0,035131216;;35,13121636;HFD;12;GAS;1;d;z;
0;24;;0,034794616;;34,79461643;HFD;12;GAS;1;d;z;
0;25;;0,035827697;;35,82769704;HFD;12;GAS;1;d;z;
0;26;;0,032629609;;32,62960891;HFD;12;GAS;1;d;z;
0;27;;0,037423172;;37,42317174;HFD;12;GAS;1;d;z;
0;28;;0,040153848;;40,15384835;HFD;12;GAS;1;d;z;
0;29;;0,037142988;;37,14298789;HFD;12;GAS;1;d;z;
0;30;;0,026709364;;26,70936355;HFD;12;GAS;1;d;z;
0;31;;0,025754769;;25,75476912;HFD;12;GAS;1;d;z;
0;32;;0,038783606;;38,78360592;HFD;12;GAS;1;d;z;
0;33;;0,039498179;;39,49817927;HFD;12;GAS;1;d;z;
0;34;;0,040072893;;40,07289285;HFD;12;GAS;1;d;z;
0;35;;0,042399881;;42,39988113;HFD;12;GAS;1;d;z;
0;36;;0,042075;;42,07500024;HFD;12;GAS;1;d;z;
0;37;;0,034873265;;34,87326521;HFD;12;GAS;1;d;z;
0;38;;0,031016671;;31,01667103;HFD;12;GAS;1;d;z;
0;39;;0,038708997;;38,70899673;HFD;12;GAS;1;d;z;
0;40;;0,035903999;;35,90399865;HFD;12;GAS;1;d;z;
0;41;;0,040133415;;40,13341451;HFD;12;GAS;1;d;z;
0;42;;0,037944691;;37,94469121;HFD;12;GAS;1;d;z;
0;43;;0,037279081;;37,27908075;HFD;12;GAS;1;d;z;
0;44;;0,041661174;;41,66117396;HFD;12;GAS;1;d;z;
0;45;;0,03990601;;39,90601043;HFD;12;GAS;1;d;z;
0;46;;0,042530182;;42,53018186;HFD;12;GAS;1;d;z;
0;47;;0,044863045;;44,86304528;HFD;12;GAS;1;d;z;
0;48;;0,047780703;;47,78070288;HFD;12;GAS;1;d;z;
0;49;;0,039718237;;39,71823732;HFD;12;GAS;1;d;z;
0;50;;0,041256573;;41,25657265;HFD;12;GAS;1;d;z;
0;51;;0,03427903;;34,27903008;HFD;12;GAS;1;d;z;
0;52;;0,041792071;;41,79207111;HFD;12;GAS;1;d;z;
0;53;;0,040872035;;40,87203518;HFD;12;GAS;1;d;z;
0;54;;0,047980616;;47,98061633;HFD;12;GAS;1;d;z;
0;55;;0,047684996;;47,68499639;HFD;12;GAS;1;d;z;
0;56;;0,041810141;;41,81014091;HFD;12;GAS;1;d;z;
0;57;;0,040392013;;40,39201303;HFD;12;GAS;1;d;z;
0;58;;0,045797831;;45,79783084;HFD;12;GAS;1;d;z;
0;59;;0,032452044;;32,45204367;HFD;12;GAS;1;d;z;
0;60;;0,043701495;;43,70149511;HFD;12;GAS;1;d;z;
0;61;;0,043007858;;43,00785801;HFD;12;GAS;1;d;z;
0;62;;0,044686935;;44,6869346;HFD;12;GAS;1;d;z;
0;63;;0,042842194;;42,84219434;HFD;12;GAS;1;d;z;
0;64;;0,044319022;;44,31902198;HFD;12;GAS;1;d;z;
0;65;;0,047266498;;47,26649829;HFD;12;GAS;1;d;z;
0;66;;0,037685271;;37,68527121;HFD;12;GAS;1;d;z;
0;67;;0,048907331;;48,9073314;HFD;12;GAS;1;d;z;
0;68;;0,042048828;;42,04882828;HFD;12;GAS;1;d;z;
0;69;;0,049642057;;49,64205676;HFD;12;GAS;1;d;z;
0;70;;0,041443949;;41,44394892;HFD;12;GAS;1;d;z;
0;71;;0,048246016;;48,24601638;HFD;12;GAS;1;d;z;
0;72;;0,04553173;;45,53172959;HFD;12;GAS;1;d;z;
0;73;;0,044335;;44,33499962;HFD;12;GAS;1;d;z;
0;74;;0,046548843;;46,54884339;HFD;12;GAS;1;d;z;
0;75;;0,040033673;;40,03367333;HFD;12;GAS;1;d;z;
0;76;;0,041648174;;41,64817409;HFD;12;GAS;1;d;z;
0;77;;0,0472682;;47,26819959;HFD;12;GAS;1;d;z;
0;78;;0,036779295;;36,77929495;HFD;12;GAS;1;d;z;
0;79;;0,050035906;;50,03590599;HFD;12;GAS;1;d;z;
0;80;;0,03404353;;34,04353028;HFD;12;GAS;1;d;z;
0;81;;0,048807007;;48,80700726;HFD;12;GAS;1;d;z;
0;82;;0,041490326;;41,49032565;HFD;12;GAS;1;d;z;
0;83;;0,045018222;;45,01822157;HFD;12;GAS;1;d;z;
0;84;;0,046914453;;46,91445342;HFD;12;GAS;1;d;z;
0;85;;0,049571666;;49,57166646;HFD;12;GAS;1;d;z;
0;86;;0,047124006;;47,1240055;HFD;12;GAS;1;d;z;
0;87;;0,048792499;;48,79249896;HFD;12;GAS;1;d;z;
0;88;;0,051319297;;51,3192969;HFD;12;GAS;1;d;z;
0;89;;0,045898159;;45,89815946;HFD;12;GAS;1;d;z;
0;90;;0,049047156;;49,04715614;HFD;12;GAS;1;d;z;
0;91;;0,052717706;;52,71770634;HFD;12;GAS;1;d;z;
0;92;;0,048246002;;48,24600182;HFD;12;GAS;1;d;z;
0;93;;0,051313402;;51,31340225;HFD;12;GAS;1;d;z;
0;94;;0,048839593;;48,83959345;HFD;12;GAS;1;d;z;
0;95;;0,048246002;;48,24600182;HFD;12;GAS;1;d;z;
0;96;;0,051355255;;51,35525464;HFD;12;GAS;1;d;z;
0;97;;0,052662602;;52,66260209;HFD;12;GAS;1;d;z;
0;98;;0,053724262;;53,72426166;HFD;12;GAS;1;d;z;
0;99;;0,050925841;;50,92584089;HFD;12;GAS;1;d;z;
0;100;;0,051180919;;51,18091893;HFD;12;GAS;1;d;z;
0;101;;0,052454306;;52,45430563;HFD;12;GAS;1;d;z;
0;102;;0,064477928;;64,47792759;HFD;12;GAS;1;d;z;
0;1;;0,020756997;;20,7569974;HFD;12;GAS;1;d;z001;
0;2;;0,022439985;;22,4399846;HFD;12;GAS;1;d;z001;
0;3;;0,023561995;;23,56199548;HFD;12;GAS;1;d;z001;
0;4;;0,020347881;;20,34788121;HFD;12;GAS;1;d;z001;
0;5;;0,02025811;;20,25811049;HFD;12;GAS;1;d;z001;
0;6;;0,016785697;;16,78569729;HFD;12;GAS;1;d;z001;
0;7;;0,022181708;;22,18170843;HFD;12;GAS;1;d;z001;
0;8;;0,017984431;;17,98443057;HFD;12;GAS;1;d;z001;
0;9;;0,01988716;;19,88716039;HFD;12;GAS;1;d;z001;
0;10;;0,022439985;;22,4399846;HFD;12;GAS;1;d;z001;
0;11;;0,023288175;;23,28817549;HFD;12;GAS;1;d;z001;
0;12;;0,023404528;;23,40452776;HFD;12;GAS;1;d;z001;
0;13;;0,026283675;;26,28367537;HFD;12;GAS;1;d;z001;
0;14;;0,023583382;;23,58338201;HFD;12;GAS;1;d;z001;
0;15;;0,023697554;;23,69755426;HFD;12;GAS;1;d;z001;
0;16;;0,020063673;;20,06367318;HFD;12;GAS;1;d;z001;
0;17;;0,025044439;;25,04443909;HFD;12;GAS;1;d;z001;
0;18;;0,022780299;;22,78029872;HFD;12;GAS;1;d;z001;
0;19;;0,021024414;;21,02441414;HFD;12;GAS;1;d;z001;
0;20;;0,023983349;;23,98334855;HFD;12;GAS;1;d;z001;
0;21;;0,023801239;;23,80123908;HFD;12;GAS;1;d;z001;
0;22;;0,026594027;;26,59402707;HFD;12;GAS;1;d;z001;
0;23;;0,024924025;;24,9240247;HFD;12;GAS;1;d;z001;
0;24;;0,022468944;;22,46894355;HFD;12;GAS;1;d;z001;
0;25;;0,027606524;;27,60652395;HFD;12;GAS;1;d;z001;
0;26;;0,025157356;;25,15735596;HFD;12;GAS;1;d;z001;
0;27;;0,025387981;;25,3879815;HFD;12;GAS;1;d;z001;
0;28;;0,021020693;;21,02069251;HFD;12;GAS;1;d;z001;
0;29;;0,026913589;;26,91358888;HFD;12;GAS;1;d;z001;
0;30;;0,023224548;;23,22454833;HFD;12;GAS;1;d;z001;
0;31;;0,021501559;;21,50155874;HFD;12;GAS;1;d;z001;
0;32;;0,023561995;;23,56199548;HFD;12;GAS;1;d;z001;
0;33;;0,027979643;;27,97964278;HFD;12;GAS;1;d;z001;
0;34;;0,021889311;;21,88931096;HFD;12;GAS;1;d;z001;
0;35;;0,035560441;;35,56044054;HFD;12;GAS;1;d;z001;
0;36;;0,022611187;;22,61118742;HFD;12;GAS;1;d;z001;
0;37;;0,033099008;;33,09900785;HFD;12;GAS;1;d;z001;
0;38;;0,023777143;;23,7771432;HFD;12;GAS;1;d;z001;
0;39;;0,028147023;;28,14702349;HFD;12;GAS;1;d;z001;
0;40;;0,033660006;;33,66000601;HFD;12;GAS;1;d;z001;
0;41;;0,023196525;;23,19652511;HFD;12;GAS;1;d;z001;
0;42;;0,029669519;;29,66951936;HFD;12;GAS;1;d;z001;
0;43;;0,025384343;;25,38434325;HFD;12;GAS;1;d;z001;
0;44;;0,025245906;;25,24590587;HFD;12;GAS;1;d;z001;
0;45;;0,030337745;;30,33774453;HFD;12;GAS;1;d;z001;
0;46;;0,028247292;;28,24729151;HFD;12;GAS;1;d;z001;
0;47;;0,031487161;;31,48716089;HFD;12;GAS;1;d;z001;
0;48;;0,029186093;;29,18609345;HFD;12;GAS;1;d;z001;
0;49;;0,035827999;;35,82799934;HFD;12;GAS;1;d;z001;
0;50;;0,030855008;;30,85500794;HFD;12;GAS;1;d;z001;
0;51;;0,030818679;;30,81867862;HFD;12;GAS;1;d;z001;
0;52;;0,028350226;;28,35022585;HFD;12;GAS;1;d;z001;
0;53;;0,035904028;;35,90402775;HFD;12;GAS;1;d;z001;
0;54;;0,034549988;;34,54998814;HFD;12;GAS;1;d;z001;
0;55;;0,033270317;;33,27031705;HFD;12;GAS;1;d;z001;
0;56;;0,035190901;;35,19090064;HFD;12;GAS;1;d;z001;
0;57;;0,030294002;;30,2940025;HFD;12;GAS;1;d;z001;
0;58;;0,031591762;;31,59176157;HFD;12;GAS;1;d;z001;
0;59;;0,030412595;;30,41259486;HFD;12;GAS;1;d;z001;
0;60;;0,028958157;;28,95815707;HFD;12;GAS;1;d;z001;
0;61;;0,035903999;;35,90399865;HFD;12;GAS;1;d;z001;
0;62;;0,025717608;;25,71760787;HFD;12;GAS;1;d;z001;
0;63;;0,036689118;;36,68911771;HFD;12;GAS;1;d;z001;
0;64;;0,035543263;;35,54326296;HFD;12;GAS;1;d;z001;
0;65;;0,03031045;;30,31044996;HFD;12;GAS;1;d;z001;
0;66;;0,027935884;;27,93588445;HFD;12;GAS;1;d;z001;
0;67;;0,026844897;;26,84489681;HFD;12;GAS;1;d;z001;
0;68;;0,034527275;;34,52727475;HFD;12;GAS;1;d;z001;
0;69;;0,036464975;;36,46497498;HFD;12;GAS;1;d;z001;
0;70;;0,030948855;;30,94885506;HFD;12;GAS;1;d;z001;
0;71;;0,029860563;;29,8605631;HFD;12;GAS;1;d;z001;
0;72;;0,035313592;;35,31359205;HFD;12;GAS;1;d;z001;
0;73;;0,031221199;;31,22119853;HFD;12;GAS;1;d;z001;
0;74;;0,032121112;;32,12111188;HFD;12;GAS;1;d;z001;
0;75;;0,044837093;;44,83709348;HFD;12;GAS;1;d;z001;
0;76;;0,035163465;;35,16346487;HFD;12;GAS;1;d;z001;
0;77;;0,035275647;;35,27564748;HFD;12;GAS;1;d;z001;
0;78;;0,034688108;;34,68810825;HFD;12;GAS;1;d;z001;
0;79;;0,039329614;;39,3296136;HFD;12;GAS;1;d;z001;
0;80;;0,03581915;;35,81915036;HFD;12;GAS;1;d;z001;
0;81;;0,026844911;;26,84491064;HFD;12;GAS;1;d;z001;
0;82;;0,030293988;;30,29398795;HFD;12;GAS;1;d;z001;
0;83;;0,04296469;;42,96469015;HFD;12;GAS;1;d;z001;
0;84;;0,034029949;;34,02994854;HFD;12;GAS;1;d;z001;
0;85;;0,039195569;;39,19556934;HFD;12;GAS;1;d;z001;
0;86;;0,045425377;;45,42537653;HFD;12;GAS;1;d;z001;
0;87;;0,029563277;;29,56327716;HFD;12;GAS;1;d;z001;
0;88;;0,033148884;;33,14888356;HFD;12;GAS;1;d;z001;
0;89;;0,032623046;;32,62304616;HFD;12;GAS;1;d;z001;
0;90;;0,040402691;;40,40269076;HFD;12;GAS;1;d;z001;
0;91;;0,036113952;;36,11395193;HFD;12;GAS;1;d;z001;
0;92;;0,044389644;;44,3896437;HFD;12;GAS;1;d;z001;
0;93;;0,041696216;;41,6962165;HFD;12;GAS;1;d;z001;
0;94;;0,031977004;;31,97700426;HFD;12;GAS;1;d;z001;
0;95;;0,034105811;;34,10581084;HFD;12;GAS;1;d;z001;
0;96;;0,030285832;;30,28583212;HFD;12;GAS;1;d;z001;
0;97;;0,041419773;;41,41977328;HFD;12;GAS;1;d;z001;
0;98;;0,04437725;;44,37725018;HFD;12;GAS;1;d;z001;
0;99;;0,041915049;;41,91504926;HFD;12;GAS;1;d;z001;
0;100;;0,046969197;;46,96919679;HFD;12;GAS;1;d;z001;
0;101;;0,037989084;;37,98908417;HFD;12;GAS;1;d;z001;
0;102;;0,039831008;;39,8310076;HFD;12;GAS;1;d;z001;
0;103;;0,036908995;;36,90899517;HFD;12;GAS;1;d;z001;
0;104;;0,041843829;;41,84382905;HFD;12;GAS;1;d;z001;
0;105;;0,043715283;;43,71528281;HFD;12;GAS;1;d;z001;
0;106;;0,032749131;;32,74913086;HFD;12;GAS;1;d;z001;
0;107;;0,044042739;;44,0427395;HFD;12;GAS;1;d;z001;
0;108;;0,039132996;;39,13299588;HFD;12;GAS;1;d;z001;
0;109;;0,036033276;;36,03327645;HFD;12;GAS;1;d;z001;
0;110;;0,030842704;;30,84270405;HFD;12;GAS;1;d;z001;
0;111;;0,037290971;;37,29097057;HFD;12;GAS;1;d;z001;
0;112;;0,039624292;;39,6242917;HFD;12;GAS;1;d;z001;
0;113;;0,045760349;;45,76034897;HFD;12;GAS;1;d;z001;
0;114;;0,043020596;;43,02059567;HFD;12;GAS;1;d;z001;
0;115;;0,047964033;;47,96403333;HFD;12;GAS;1;d;z001;
0;116;;0,049303033;;49,30303271;HFD;12;GAS;1;d;z001;
0;117;;0,040141891;;40,14189082;HFD;12;GAS;1;d;z001;
0;118;;0,049364723;;49,36472344;HFD;12;GAS;1;d;z001;
0;119;;0,039269999;;39,26999852;HFD;12;GAS;1;d;z001;
0;120;;0,04323889;;43,23889023;HFD;12;GAS;1;d;z001;
0;121;;0,038031125;;38,03112473;HFD;12;GAS;1;d;z001;
0;122;;0,049928989;;49,92898903;HFD;12;GAS;1;d;z001;
0;123;;0,04883244;;48,83243952;HFD;12;GAS;1;d;z001;
0;124;;0,049355749;;49,35574928;HFD;12;GAS;1;d;z001;
0;125;;0,057221994;;57,22199421;HFD;12;GAS;1;d;z001;
0;126;;0,050993118;;50,99311763;HFD;12;GAS;1;d;z001;
0;127;;0,053463912;;53,46391192;HFD;12;GAS;1;d;z001;
0;128;;0,059790209;;59,79020903;HFD;12;GAS;1;d;z001;
0;129;;0,056619858;;56,61985822;HFD;12;GAS;1;d;z001;
0;1;;0,02300099;;23,00099004;HFD;12;GAS;1;d;z002;
0;2;;0,021090202;;21,09020242;HFD;12;GAS;1;d;z002;
0;3;;0,023225643;;23,22564264;HFD;12;GAS;1;d;z002;
0;4;;0,031682415;;31,682415;HFD;12;GAS;1;d;z002;
0;5;;0,027394789;;27,39478853;HFD;12;GAS;1;d;z002;
0;6;;0,034120619;;34,1206194;HFD;12;GAS;1;d;z002;
0;7;;0,023061139;;23,06113894;HFD;12;GAS;1;d;z002;
0;8;;0,032925023;;32,92502339;HFD;12;GAS;1;d;z002;
0;9;;0,027506795;;27,50679543;HFD;12;GAS;1;d;z002;
0;10;;0,028164776;;28,16477557;HFD;12;GAS;1;d;z002;
0;11;;0,037317375;;37,3173751;HFD;12;GAS;1;d;z002;
0;12;;0,030558752;;30,55875171;HFD;12;GAS;1;d;z002;
0;13;;0,036865454;;36,86545361;HFD;12;GAS;1;d;z002;
0;14;;0,033099004;;33,09900421;HFD;12;GAS;1;d;z002;
0;15;;0,037821238;;37,82123779;HFD;12;GAS;1;d;z002;
0;16;;0,038147991;;38,14799129;HFD;12;GAS;1;d;z002;
0;17;;0,033503998;;33,50399776;HFD;12;GAS;1;d;z002;
0;18;;0,039166508;;39,16650785;HFD;12;GAS;1;d;z002;
0;19;;0,031846043;;31,84604323;HFD;12;GAS;1;d;z002;
0;20;;0,034156136;;34,15613624;HFD;12;GAS;1;d;z002;
0;21;;0,039891005;;39,89100482;HFD;12;GAS;1;d;z002;
0;22;;0,036182604;;36,18260428;HFD;12;GAS;1;d;z002;
0;23;;0,030963338;;30,96333762;HFD;12;GAS;1;d;z002;
0;24;;0,033132308;;33,13230797;HFD;12;GAS;1;d;z002;
0;25;;0,034132174;;34,13217439;HFD;12;GAS;1;d;z002;
0;26;;0,039256539;;39,25653901;HFD;12;GAS;1;d;z002;
0;27;;0,036443309;;36,44330915;HFD;12;GAS;1;d;z002;
0;28;;0,041514002;;41,51400208;HFD;12;GAS;1;d;z002;
0;29;;0,033453399;;33,45339944;HFD;12;GAS;1;d;z002;
0;30;;0,040606413;;40,60641315;HFD;12;GAS;1;d;z002;
0;31;;0,032537995;;32,53799514;HFD;12;GAS;1;d;z002;
0;32;;0,038611451;;38,61145081;HFD;12;GAS;1;d;z002;
0;33;;0,042399894;;42,39989415;HFD;12;GAS;1;d;z002;
0;34;;0,046001995;;46,00199463;HFD;12;GAS;1;d;z002;
0;35;;0,031047626;;31,04762637;HFD;12;GAS;1;d;z002;
0;36;;0,037883933;;37,88393306;HFD;12;GAS;1;d;z002;
0;37;;0,03689189;;36,89188971;HFD;12;GAS;1;d;z002;
0;38;;0,041397768;;41,39776806;HFD;12;GAS;1;d;z002;
0;39;;0,04436856;;44,36856027;HFD;12;GAS;1;d;z002;
0;40;;0,046563001;;46,56300098;HFD;12;GAS;1;d;z002;
0;41;;0,038782566;;38,78256605;HFD;12;GAS;1;d;z002;
0;42;;0,041145448;;41,14544786;HFD;12;GAS;1;d;z002;
0;43;;0,039668715;;39,66871466;HFD;12;GAS;1;d;z002;
0;44;;0,04252322;;42,52321987;HFD;12;GAS;1;d;z002;
0;45;;0,039365895;;39,36589486;HFD;12;GAS;1;d;z002;
0;46;;0,04677337;;46,77337005;HFD;12;GAS;1;d;z002;
0;47;;0,050117631;;50,11763092;HFD;12;GAS;1;d;z002;
0;48;;0,046925517;;46,92551697;HFD;12;GAS;1;d;z002;
0;49;;0,034941557;;34,94155694;HFD;12;GAS;1;d;z002;
0;50;;0,049368013;;49,3680127;HFD;12;GAS;1;d;z002;
0;51;;0,040590111;;40,59011136;HFD;12;GAS;1;d;z002;
0;52;;0,049717928;;49,71792807;HFD;12;GAS;1;d;z002;
0;53;;0,051031794;;51,03179364;HFD;12;GAS;1;d;z002;
0;54;;0,048255525;;48,25552509;HFD;12;GAS;1;d;z002;
0;55;;0,043757987;;43,75798744;HFD;12;GAS;1;d;z002;
0;56;;0,055746005;;55,74600462;HFD;12;GAS;1;d;z002;
0;57;;0,051052895;;51,05289547;HFD;12;GAS;1;d;z002;
0;58;;0,058598817;;58,59881652;HFD;12;GAS;1;d;z002;
0;59;;0,043343309;;43,34330914;HFD;12;GAS;1;d;z002;
0;60;;0,042650803;;42,65080293;HFD;12;GAS;1;d;z002;
0;61;;0,045103473;;45,1034734;HFD;12;GAS;1;d;z002;
0;62;;0,05358543;;53,58543003;HFD;12;GAS;1;d;z002;
0;63;;0,053856005;;53,85600525;HFD;12;GAS;1;d;z002;
0;64;;0,042352806;;42,35280553;HFD;12;GAS;1;d;z002;
0;65;;0,042110447;;42,11044666;HFD;12;GAS;1;d;z002;
0;66;;0,046973677;;46,97367699;HFD;12;GAS;1;d;z002;
0;67;;0,045440996;;45,44099647;HFD;12;GAS;1;d;z002;
0;68;;0,047124006;;47,1240055;HFD;12;GAS;1;d;z002;
0;69;;0,040953018;;40,95301847;HFD;12;GAS;1;d;z002;
0;70;;0,044592091;;44,5920909;HFD;12;GAS;1;d;z002;
0;71;;0,052426289;;52,4262886;HFD;12;GAS;1;d;z002;
0;72;;0,049956824;;49,95682381;HFD;12;GAS;1;d;z002;
0;73;;0,05610738;;56,10737952;HFD;12;GAS;1;d;z002;
0;74;;0,045441;;45,44100011;HFD;12;GAS;1;d;z002;
0;75;;0,039270002;;39,27000216;HFD;12;GAS;1;d;z002;
0;76;;0,046146908;;46,14690781;HFD;12;GAS;1;d;z002;
0;77;;0,058344012;;58,34401236;HFD;12;GAS;1;d;z002;
0;78;;0,039677789;;39,67778936;HFD;12;GAS;1;d;z002;
0;79;;0,055927152;;55,92715244;HFD;12;GAS;1;d;z002;
0;80;;0,048395819;;48,39581851;HFD;12;GAS;1;d;z002;
0;81;;0,049589803;;49,58980332;HFD;12;GAS;1;d;z002;
0;82;;0,051878672;;51,87867171;HFD;12;GAS;1;d;z002;
0;83;;0,049639697;;49,63969664;HFD;12;GAS;1;d;z002;
0;84;;0,066179483;;66,17948311;HFD;12;GAS;1;d;z002;
0;85;;0,046384208;;46,38420767;HFD;12;GAS;1;d;z002;
0;86;;0,066198001;;66,19800115;HFD;12;GAS;1;d;z002;
0;87;;0,067210744;;67,21074393;HFD;12;GAS;1;d;z002;
0;88;;0,058973469;;58,97346926;HFD;12;GAS;1;d;z002;
0;89;;0,049209915;;49,20991534;HFD;12;GAS;1;d;z002;
0;90;;0,058344012;;58,34401236;HFD;12;GAS;1;d;z002;
0;91;;0,041396337;;41,39633711;HFD;12;GAS;1;d;z002;
0;92;;0,054791049;;54,79104933;HFD;12;GAS;1;d;z002;
0;93;;0,058721294;;58,72129444;HFD;12;GAS;1;d;z002;
0;1;;0,023527934;;23,52793359;HFD;12;GAS;1;i;z;
0;2;;0,028889925;;28,88992452;HFD;12;GAS;1;i;z;
0;3;;0,023561995;;23,56199548;HFD;12;GAS;1;i;z;
0;4;;0,019351842;;19,35184176;HFD;12;GAS;1;i;z;
0;5;;0,028247947;;28,24794738;HFD;12;GAS;1;i;z;
0;6;;0,026927999;;26,92799899;HFD;12;GAS;1;i;z;
0;7;;0,022297725;;22,29772467;HFD;12;GAS;1;i;z;
0;8;;0,027489004;;27,48900442;HFD;12;GAS;1;i;z;
0;9;;0,027175224;;27,17522359;HFD;12;GAS;1;i;z;
0;10;;0,023561995;;23,56199548;HFD;12;GAS;1;i;z;
0;11;;0,023561995;;23,56199548;HFD;12;GAS;1;i;z;
0;12;;0,028443099;;28,44309906;HFD;12;GAS;1;i;z;
0;13;;0,031551839;;31,55183948;HFD;12;GAS;1;i;z;
0;14;;0,027790524;;27,79052376;HFD;12;GAS;1;i;z;
0;15;;0,029217927;;29,21792727;HFD;12;GAS;1;i;z;
0;16;;0,030459759;;30,45975895;HFD;12;GAS;1;i;z;
0;17;;0,026775358;;26,77535829;HFD;12;GAS;1;i;z;
0;18;;0,027057175;;27,05717544;HFD;12;GAS;1;i;z;
0;19;;0,032866174;;32,86617393;HFD;12;GAS;1;i;z;
0;20;;0,020196007;;20,19600652;HFD;12;GAS;1;i;z;
0;21;;0,033321714;;33,32171414;HFD;12;GAS;1;i;z;
0;22;;0,023467717;;23,46771702;HFD;12;GAS;1;i;z;
0;23;;0,033321717;;33,32171671;HFD;12;GAS;1;i;z;
0;24;;0,029171992;;29,17199163;HFD;12;GAS;1;i;z;
0;25;;0,030769483;;30,76948263;HFD;12;GAS;1;i;z;
0;26;;0,034371503;;34,37150297;HFD;12;GAS;1;i;z;
0;27;;0,033562909;;33,5629089;HFD;12;GAS;1;i;z;
0;28;;0,03174775;;31,74774996;HFD;12;GAS;1;i;z;
0;29;;0,030387844;;30,3878443;HFD;12;GAS;1;i;z;
0;30;;0,033099001;;33,09900058;HFD;12;GAS;1;i;z;
0;31;;0,0313656;;31,36559954;HFD;12;GAS;1;i;z;
0;32;;0,028610986;;28,61098619;HFD;12;GAS;1;i;z;
0;33;;0,027656222;;27,65622208;HFD;12;GAS;1;i;z;
0;34;;0,034220982;;34,22098234;HFD;12;GAS;1;i;z;
0;35;;0,034544792;;34,54479201;HFD;12;GAS;1;i;z;
0;36;;0,034615497;;34,61549658;HFD;12;GAS;1;i;z;
0;37;;0,031415999;;31,41599882;HFD;12;GAS;1;i;z;
0;38;;0,034425426;;34,42542573;HFD;12;GAS;1;i;z;
0;39;;0,026716193;;26,71619273;HFD;12;GAS;1;i;z;
0;40;;0,030565497;;30,56549656;HFD;12;GAS;1;i;z;
0;41;;0,02902053;;29,02052956;HFD;12;GAS;1;i;z;
0;42;;0,030170392;;30,17039184;HFD;12;GAS;1;i;z;
0;43;;0,02882087;;28,82086996;HFD;12;GAS;1;i;z;
0;44;;0,033659991;;33,65999146;HFD;12;GAS;1;i;z;
0;45;;0,035804868;;35,80486764;HFD;12;GAS;1;i;z;
0;46;;0,033068482;;33,06848192;HFD;12;GAS;1;i;z;
0;47;;0,033531257;;33,53125714;HFD;12;GAS;1;i;z;
0;48;;0,034511766;;34,5117658;HFD;12;GAS;1;i;z;
0;49;;0,035203059;;35,20305859;HFD;12;GAS;1;i;z;
0;50;;0,030477026;;30,47702562;HFD;12;GAS;1;i;z;
0;51;;0,028874387;;28,87438674;HFD;12;GAS;1;i;z;
0;52;;0,031109975;;31,10997515;HFD;12;GAS;1;i;z;
0;53;;0,029171992;;29,17199163;HFD;12;GAS;1;i;z;
0;54;;0,036891913;;36,89191286;HFD;12;GAS;1;i;z;
0;55;;0,037673092;;37,67309189;HFD;12;GAS;1;i;z;
0;56;;0,033099001;;33,09900058;HFD;12;GAS;1;i;z;
0;57;;0,035869512;;35,86951151;HFD;12;GAS;1;i;z;
0;58;;0,029732983;;29,73298251;HFD;12;GAS;1;i;z;
0;59;;0,025806003;;25,80600267;HFD;12;GAS;1;i;z;
0;60;;0,038708997;;38,70899673;HFD;12;GAS;1;i;z;
0;61;;0,034189635;;34,18963507;HFD;12;GAS;1;i;z;
0;62;;0,029453381;;29,45338111;HFD;12;GAS;1;i;z;
0;63;;0,031976997;;31,97699698;HFD;12;GAS;1;i;z;
0;64;;0,044398509;;44,39850929;HFD;12;GAS;1;i;z;
0;65;;0,031415984;;31,41598427;HFD;12;GAS;1;i;z;
0;66;;0,033798983;;33,79898295;HFD;12;GAS;1;i;z;
0;67;;0,031293022;;31,29302209;HFD;12;GAS;1;i;z;
0;68;;0,029459182;;29,45918189;HFD;12;GAS;1;i;z;
0;69;;0,038879764;;38,87976357;HFD;12;GAS;1;i;z;
0;70;;0,032537999;;32,53799878;HFD;12;GAS;1;i;z;
0;71;;0,041788883;;41,78888344;HFD;12;GAS;1;i;z;
0;72;;0,036538076;;36,53807573;HFD;12;GAS;1;i;z;
0;73;;0,034511578;;34,51157832;HFD;12;GAS;1;i;z;
0;74;;0,033099001;;33,09900058;HFD;12;GAS;1;i;z;
0;75;;0,037092138;;37,09213802;HFD;12;GAS;1;i;z;
0;76;;0,039831;;39,83100032;HFD;12;GAS;1;i;z;
0;77;;0,03702601;;37,02600952;HFD;12;GAS;1;i;z;
0;78;;0,037189954;;37,18995416;HFD;12;GAS;1;i;z;
0;79;;0,040995139;;40,99513947;HFD;12;GAS;1;i;z;
0;80;;0,039208144;;39,20814375;HFD;12;GAS;1;i;z;
0;81;;0,029172006;;29,17200618;HFD;12;GAS;1;i;z;
0;82;;0,042068482;;42,06848179;HFD;12;GAS;1;i;z;
0;83;;0,036465033;;36,46503319;HFD;12;GAS;1;i;z;
0;84;;0,037382174;;37,38217406;HFD;12;GAS;1;i;z;
0;85;;0,039093513;;39,09351251;HFD;12;GAS;1;i;z;
0;86;;0,027489004;;27,48900442;HFD;12;GAS;1;i;z;
0;87;;0,041183124;;41,18312365;HFD;12;GAS;1;i;z;
0;88;;0,038594772;;38,59477165;HFD;12;GAS;1;i;z;
0;89;;0,039812153;;39,81215325;HFD;12;GAS;1;i;z;
0;90;;0,034192015;;34,19201506;HFD;12;GAS;1;i;z;
0;91;;0,043036619;;43,03661865;HFD;12;GAS;1;i;z;
0;92;;0,037033132;;37,03313175;HFD;12;GAS;1;i;z;
0;93;;0,037482831;;37,48283057;HFD;12;GAS;1;i;z;
0;94;;0,042629143;;42,62914334;HFD;12;GAS;1;i;z;
0;95;;0,039269995;;39,26999489;HFD;12;GAS;1;i;z;
0;96;;0,03253801;;32,53800969;HFD;12;GAS;1;i;z;
0;97;;0,046809944;;46,80994416;HFD;12;GAS;1;i;z;
0;98;;0,035259628;;35,25962773;HFD;12;GAS;1;i;z;
0;99;;0,045527069;;45,52706927;HFD;12;GAS;1;i;z;
0;100;;0,041994711;;41,99471079;HFD;12;GAS;1;i;z;
0;101;;0,032669474;;32,66947364;HFD;12;GAS;1;i;z;
0;102;;0,044503882;;44,50388176;HFD;12;GAS;1;i;z;
0;103;;0,040593829;;40,59382875;HFD;12;GAS;1;i;z;
0;104;;0,036055906;;36,05590565;HFD;12;GAS;1;i;z;
0;105;;0,032142222;;32,1422216;HFD;12;GAS;1;i;z;
0;106;;0,036347482;;36,34748173;HFD;12;GAS;1;i;z;
0;107;;0,03330349;;33,30349006;HFD;12;GAS;1;i;z;
0;108;;0,031977004;;31,97700426;HFD;12;GAS;1;i;z;
0;109;;0,048430693;;48,43069298;HFD;12;GAS;1;i;z;
0;110;;0,047658966;;47,65896606;HFD;12;GAS;1;i;z;
0;111;;0,044319004;;44,31900379;HFD;12;GAS;1;i;z;
0;112;;0,046243919;;46,24391908;HFD;12;GAS;1;i;z;
0;113;;0,046001995;;46,00199463;HFD;12;GAS;1;i;z;
0;114;;0,049437743;;49,43774262;HFD;12;GAS;1;i;z;
0;115;;0,040292778;;40,29277753;HFD;12;GAS;1;i;z;
0;116;;0,044880006;;44,88000559;HFD;12;GAS;1;i;z;
0;117;;0,038307276;;38,30727583;HFD;12;GAS;1;i;z;
0;118;;0,036664728;;36,66472752;HFD;12;GAS;1;i;z;
0;119;;0,049953415;;49,95341497;HFD;12;GAS;1;i;z;
0;120;;0,044496123;;44,49612292;HFD;12;GAS;1;i;z;
0;121;;0,038300326;;38,30032591;HFD;12;GAS;1;i;z;
0;122;;0,042264908;;42,2649082;HFD;12;GAS;1;i;z;
0;123;;0,045418801;;45,41880064;HFD;12;GAS;1;i;z;
0;124;;0,042636006;;42,63600567;HFD;12;GAS;1;i;z;
0;125;;0,04143003;;41,43003046;HFD;12;GAS;1;i;z;
0;126;;0,045537371;;45,53737102;HFD;12;GAS;1;i;z;
0;127;;0,042658607;;42,65860725;HFD;12;GAS;1;i;z;
0;128;;0,051611998;;51,61199806;HFD;12;GAS;1;i;z;
0;129;;0,050386225;;50,38622512;HFD;12;GAS;1;i;z;
0;130;;0,044379289;;44,37928921;HFD;12;GAS;1;i;z;
0;131;;0,04519467;;45,19466984;HFD;12;GAS;1;i;z;
0;132;;0,051051;;51,0509999;HFD;12;GAS;1;i;z;
0;133;;0,039268613;;39,26861277;HFD;12;GAS;1;i;z;
0;134;;0,062080262;;62,08026202;HFD;12;GAS;1;i;z;
0;135;;0,042470401;;42,47040084;HFD;12;GAS;1;i;z;
0;1;;0,02444532;;24,44531997;HFD;12;GAS;1;i;z004;
0;2;;0,021585677;;21,58567689;HFD;12;GAS;1;i;z004;
0;3;;0,021878979;;21,87897917;HFD;12;GAS;1;i;z004;
0;4;;0,024144834;;24,14483394;HFD;12;GAS;1;i;z004;
0;5;;0,024781144;;24,78114369;HFD;12;GAS;1;i;z004;
0;6;;0,019634987;;19,63498653;HFD;12;GAS;1;i;z004;
0;7;;0,02039614;;20,39613951;HFD;12;GAS;1;i;z004;
0;8;;0,025403909;;25,40390869;HFD;12;GAS;1;i;z004;
0;9;;0,026927999;;26,92799899;HFD;12;GAS;1;i;z004;
0;10;;0,025549833;;25,54983292;HFD;12;GAS;1;i;z004;
0;11;;0,028257532;;28,25753215;HFD;12;GAS;1;i;z004;
0;12;;0,025357622;;25,35762154;HFD;12;GAS;1;i;z004;
0;13;;0,02907611;;29,07610988;HFD;12;GAS;1;i;z004;
0;14;;0,030215595;;30,21559451;HFD;12;GAS;1;i;z004;
0;15;;0,032302733;;32,30273262;HFD;12;GAS;1;i;z004;
0;16;;0,031977004;;31,97700426;HFD;12;GAS;1;i;z004;
0;17;;0,030455079;;30,45507858;HFD;12;GAS;1;i;z004;
0;18;;0,029916781;;29,91678149;HFD;12;GAS;1;i;z004;
0;19;;0,020676301;;20,67630088;HFD;12;GAS;1;i;z004;
0;20;;0,026079848;;26,07984781;HFD;12;GAS;1;i;z004;
0;21;;0,030294002;;30,2940025;HFD;12;GAS;1;i;z004;
0;22;;0,023649652;;23,6496515;HFD;12;GAS;1;i;z004;
0;23;;0,031019251;;31,01925099;HFD;12;GAS;1;i;z004;
0;24;;0,026271092;;26,27109175;HFD;12;GAS;1;i;z004;
0;25;;0,030290803;;30,2908028;HFD;12;GAS;1;i;z004;
0;26;;0,029171992;;29,17199163;HFD;12;GAS;1;i;z004;
0;27;;0,029155899;;29,15589891;HFD;12;GAS;1;i;z004;
0;28;;0,021318003;;21,31800284;HFD;12;GAS;1;i;z004;
0;29;;0,024631152;;24,63115199;HFD;12;GAS;1;i;z004;
0;30;;0,033075184;;33,07518404;HFD;12;GAS;1;i;z004;
0;31;;0,032319684;;32,3196843;HFD;12;GAS;1;i;z004;
0;32;;0,026083384;;26,08338412;HFD;12;GAS;1;i;z004;
0;33;;0,031109988;;31,10998817;HFD;12;GAS;1;i;z004;
0;34;;0,029865446;;29,86544587;HFD;12;GAS;1;i;z004;
0;35;;0,033764724;;33,76472438;HFD;12;GAS;1;i;z004;
0;36;;0,023001005;;23,00100459;HFD;12;GAS;1;i;z004;
0;37;;0,027138578;;27,13857843;HFD;12;GAS;1;i;z004;
0;38;;0,032895562;;32,89556231;HFD;12;GAS;1;i;z004;
0;39;;0,02805001;;28,05000986;HFD;12;GAS;1;i;z004;
0;40;;0,033099001;;33,09900058;HFD;12;GAS;1;i;z004;
0;41;;0,033747713;;33,74771256;HFD;12;GAS;1;i;z004;
0;42;;0,033660006;;33,66000601;HFD;12;GAS;1;i;z004;
0;43;;0,028050003;;28,05000258;HFD;12;GAS;1;i;z004;
0;44;;0,034782002;;34,78200233;HFD;12;GAS;1;i;z004;
0;45;;0,03197699;;31,9769897;HFD;12;GAS;1;i;z004;
0;46;;0,030469451;;30,46945052;HFD;12;GAS;1;i;z004;
0;47;;0,031098575;;31,09857498;HFD;12;GAS;1;i;z004;
0;48;;0,02782166;;27,82166042;HFD;12;GAS;1;i;z004;
0;49;;0,033674185;;33,67418472;HFD;12;GAS;1;i;z004;
0;50;;0,029638453;;29,63845259;HFD;12;GAS;1;i;z004;
0;51;;0,0310296;;31,02959963;HFD;12;GAS;1;i;z004;
0;52;;0,026947799;;26,94779866;HFD;12;GAS;1;i;z004;
0;53;;0,033583397;;33,58339689;HFD;12;GAS;1;i;z004;
0;54;;0,030213201;;30,21320147;HFD;12;GAS;1;i;z004;
0;55;;0,030148229;;30,14822931;HFD;12;GAS;1;i;z004;
0;56;;0,02805001;;28,05000986;HFD;12;GAS;1;i;z004;
0;57;;0,030285496;;30,28549624;HFD;12;GAS;1;i;z004;
0;58;;0,035864243;;35,86424291;HFD;12;GAS;1;i;z004;
0;59;;0,036066159;;36,06615948;HFD;12;GAS;1;i;z004;
0;60;;0,027389265;;27,38926539;HFD;12;GAS;1;i;z004;
0;61;;0,030155331;;30,15533138;HFD;12;GAS;1;i;z004;
0;62;;0,031944917;;31,94491702;HFD;12;GAS;1;i;z004;
0;63;;0,028611015;;28,6110153;HFD;12;GAS;1;i;z004;
0;64;;0,037153082;;37,15308207;HFD;12;GAS;1;i;z004;
0;65;;0,03373911;;33,7391097;HFD;12;GAS;1;i;z004;
0;66;;0,033377197;;33,37719737;HFD;12;GAS;1;i;z004;
0;67;;0,030608216;;30,60821616;HFD;12;GAS;1;i;z004;
0;68;;0,030020682;;30,02068163;HFD;12;GAS;1;i;z004;
0;69;;0,029883529;;29,88352894;HFD;12;GAS;1;i;z004;
0;70;;0,034120588;;34,12058768;HFD;12;GAS;1;i;z004;
0;71;;0,033271714;;33,27171378;HFD;12;GAS;1;i;z004;
0;72;;0,037199729;;37,19972916;HFD;12;GAS;1;i;z004;
0;73;;0,037808323;;37,80832323;HFD;12;GAS;1;i;z004;
0;74;;0,035903999;;35,90399865;HFD;12;GAS;1;i;z004;
0;75;;0,035903999;;35,90399865;HFD;12;GAS;1;i;z004;
0;76;;0,026547384;;26,54738378;HFD;12;GAS;1;i;z004;
0;77;;0,031357543;;31,35754309;HFD;12;GAS;1;i;z004;
0;78;;0,033977117;;33,97711742;HFD;12;GAS;1;i;z004;
0;79;;0,042755903;;42,75590349;HFD;12;GAS;1;i;z004;
0;80;;0,035342993;;35,34299321;HFD;12;GAS;1;i;z004;
0;81;;0,040249829;;40,24982895;HFD;12;GAS;1;i;z004;
0;82;;0,036608724;;36,60872383;HFD;12;GAS;1;i;z004;
0;83;;0,042571036;;42,57103578;HFD;12;GAS;1;i;z004;
0;84;;0,03384378;;33,84378003;HFD;12;GAS;1;i;z004;
0;85;;0,044319022;;44,31902198;HFD;12;GAS;1;i;z004;
0;86;;0,029733012;;29,73301162;HFD;12;GAS;1;i;z004;
0;87;;0,037172121;;37,17212088;HFD;12;GAS;1;i;z004;
0;88;;0,03702598;;37,02598042;HFD;12;GAS;1;i;z004;
0;89;;0,042652725;;42,65272491;HFD;12;GAS;1;i;z004;
0;90;;0,038709026;;38,70902583;HFD;12;GAS;1;i;z004;
0;91;;0,045783355;;45,7833546;HFD;12;GAS;1;i;z004;
0;92;;0,041290789;;41,29078884;HFD;12;GAS;1;i;z004;
0;93;;0,042682025;;42,6820246;HFD;12;GAS;1;i;z004;
0;94;;0,043757987;;43,75798744;HFD;12;GAS;1;i;z004;
0;95;;0,041063026;;41,06302639;HFD;12;GAS;1;i;z004;
0;96;;0,030095488;;30,09548752;HFD;12;GAS;1;i;z004;
0;97;;0,047915213;;47,91521336;HFD;12;GAS;1;i;z004;
0;98;;0,042636002;;42,63600204;HFD;12;GAS;1;i;z004;
0;99;;0,037992611;;37,99261148;HFD;12;GAS;1;i;z004;
0;100;;0,037572188;;37,57218828;HFD;12;GAS;1;i;z004;
0;101;;0,038820086;;38,82008576;HFD;12;GAS;1;i;z004;
0;102;;0,038288656;;38,28865563;HFD;12;GAS;1;i;z004;
0;103;;0,035903999;;35,90399865;HFD;12;GAS;1;i;z004;
0;104;;0,034643236;;34,64323646;HFD;12;GAS;1;i;z004;
0;105;;0,03687148;;36,87147994;HFD;12;GAS;1;i;z004;
0;106;;0,040223621;;40,22362111;HFD;12;GAS;1;i;z004;
0;107;;0,035285628;;35,28562824;HFD;12;GAS;1;i;z004;
0;108;;0,035248747;;35,24874667;HFD;12;GAS;1;i;z004;
0;109;;0,034841511;;34,84151078;HFD;12;GAS;1;i;z004;
0;110;;0,039035362;;39,03536185;HFD;12;GAS;1;i;z004;
0;111;;0,041785513;;41,78551299;HFD;12;GAS;1;i;z004;
0;112;;0,049211677;;49,2116769;HFD;12;GAS;1;i;z004;
0;113;;0,047124006;;47,1240055;HFD;12;GAS;1;i;z004;
0;114;;0,043196997;;43,19699656;HFD;12;GAS;1;i;z004;
0;115;;0,046066531;;46,06653108;HFD;12;GAS;1;i;z004;
0;116;;0,041946254;;41,94625395;HFD;12;GAS;1;i;z004;
0;117;;0,038221498;;38,22149772;HFD;12;GAS;1;i;z004;
0;118;;0,041992796;;41,99279619;HFD;12;GAS;1;i;z004;
0;119;;0,046809066;;46,8090658;HFD;12;GAS;1;i;z004;
0;120;;0,03909375;;39,0937504;HFD;12;GAS;1;i;z004;
0;121;;0,040462086;;40,46208586;HFD;12;GAS;1;i;z004;
0;122;;0,051712141;;51,71214069;HFD;12;GAS;1;i;z004;
0;123;;0,04403651;;44,03650951;HFD;12;GAS;1;i;z004;
0;124;;0,047123991;;47,12399095;HFD;12;GAS;1;i;z004;
0;125;;0,052172996;;52,17299622;HFD;12;GAS;1;i;z004;
0;126;;0,042635991;;42,63599112;HFD;12;GAS;1;i;z004;
0;127;;0,044150602;;44,1506015;HFD;12;GAS;1;i;z004;
0;128;;0,041681369;;41,68136897;HFD;12;GAS;1;i;z004;
0;129;;0,035343004;;35,34300413;HFD;12;GAS;1;i;z004;
0;130;;0,044933081;;44,93308098;HFD;12;GAS;1;i;z004;
0;131;;0,050490002;;50,49000174;HFD;12;GAS;1;i;z004;
0;132;;0,05393744;;53,93744049;HFD;12;GAS;1;i;z004;
0;1;;0,020136799;;20,13679871;HFD;12;GAS;2;d;z001;
0;2;;0,021817806;;21,81780592;HFD;12;GAS;2;d;z001;
0;3;;0,025841346;;25,84134628;HFD;12;GAS;2;d;z001;
0;4;;0,02440179;;24,40179036;HFD;12;GAS;2;d;z001;
0;5;;0,021376977;;21,37697656;HFD;12;GAS;2;d;z001;
0;6;;0,026320032;;26,3200325;HFD;12;GAS;2;d;z001;
0;7;;0,029171992;;29,17199163;HFD;12;GAS;2;d;z001;
0;8;;0,030085595;;30,08559541;HFD;12;GAS;2;d;z001;
0;9;;0,027464247;;27,46424747;HFD;12;GAS;2;d;z001;
0;10;;0,035342993;;35,34299321;HFD;12;GAS;2;d;z001;
0;11;;0,025244997;;25,24499723;HFD;12;GAS;2;d;z001;
0;12;;0,035867868;;35,86786755;HFD;12;GAS;2;d;z001;
0;13;;0,035551035;;35,55103533;HFD;12;GAS;2;d;z001;
0;14;;0,039287219;;39,28721907;HFD;12;GAS;2;d;z001;
0;15;;0,034512438;;34,51243787;HFD;12;GAS;2;d;z001;
0;16;;0,035343001;;35,3430014;HFD;12;GAS;2;d;z001;
0;17;;0,030293995;;30,29399522;HFD;12;GAS;2;d;z001;
0;18;;0,031216981;;31,21698145;HFD;12;GAS;2;d;z001;
0;19;;0,044406976;;44,40697567;HFD;12;GAS;2;d;z001;
0;20;;0,042885478;;42,8854776;HFD;12;GAS;2;d;z001;
0;21;;0,0381348;;38,13479954;HFD;12;GAS;2;d;z001;
0;22;;0,052278763;;52,27876301;HFD;12;GAS;2;d;z001;
0;23;;0,052197182;;52,1971823;HFD;12;GAS;2;d;z001;
0;24;;0,034781995;;34,78199505;HFD;12;GAS;2;d;z001;
0;25;;0,043317383;;43,31738267;HFD;12;GAS;2;d;z001;
0;26;;0,054538512;;54,53851225;HFD;12;GAS;2;d;z001;
0;27;;0,038147991;;38,14799129;HFD;12;GAS;2;d;z001;
0;28;;0,034782002;;34,78200233;HFD;12;GAS;2;d;z001;
0;29;;0,037586986;;37,58698585;HFD;12;GAS;2;d;z001;
0;30;;0,050229684;;50,22968432;HFD;12;GAS;2;d;z001;
0;31;;0,046468767;;46,46876654;HFD;12;GAS;2;d;z001;
0;32;;0,058904989;;58,90498869;HFD;12;GAS;2;d;z001;
0;33;;0,044318993;;44,31899288;HFD;12;GAS;2;d;z001;
0;34;;0,047785183;;47,78518325;HFD;12;GAS;2;d;z001;
0;35;;0,039353682;;39,35368239;HFD;12;GAS;2;d;z001;
0;36;;0,039971839;;39,97183879;HFD;12;GAS;2;d;z001;
0;37;;0,048908357;;48,90835709;HFD;12;GAS;2;d;z001;
0;38;;0,052187685;;52,18768498;HFD;12;GAS;2;d;z001;
0;39;;0,047291186;;47,29118598;HFD;12;GAS;2;d;z001;
0;40;;0,042766494;;42,76649369;HFD;12;GAS;2;d;z001;
0;41;;0,052172982;;52,17298167;HFD;12;GAS;2;d;z001;
0;42;;0,043478836;;43,47883599;HFD;12;GAS;2;d;z001;
0;43;;0,042885582;;42,88558185;HFD;12;GAS;2;d;z001;
0;44;;0,065059373;;65,05937332;HFD;12;GAS;2;d;z001;
0;45;;0,044227598;;44,22759791;HFD;12;GAS;2;d;z001;
0;46;;0,040844087;;40,8440875;HFD;12;GAS;2;d;z001;
0;47;;0,045441;;45,44100011;HFD;12;GAS;2;d;z001;
0;48;;0,051051014;;51,05101445;HFD;12;GAS;2;d;z001;
0;49;;0,060967313;;60,96731311;HFD;12;GAS;2;d;z001;
0;50;;0,062270992;;62,2709922;HFD;12;GAS;2;d;z001;
0;51;;0,058876231;;58,87623094;HFD;12;GAS;2;d;z001;
0;52;;0,051113911;;51,11391051;HFD;12;GAS;2;d;z001;
0;53;;0,059371521;;59,37152126;HFD;12;GAS;2;d;z001;
0;54;;0,045441004;;45,44100375;HFD;12;GAS;2;d;z001;
0;55;;0,050365002;;50,36500238;HFD;12;GAS;2;d;z001;
0;56;;0,067383495;;67,38349539;HFD;12;GAS;2;d;z001;
0;57;;0,056547829;;56,5478287;HFD;12;GAS;2;d;z001;
0;58;;0,056435696;;56,43569602;HFD;12;GAS;2;d;z001;
0;59;;0,046469406;;46,46940562;HFD;12;GAS;2;d;z001;
0;60;;0,044004131;;44,00413118;HFD;12;GAS;2;d;z001;
0;61;;0,05596113;;55,96112994;HFD;12;GAS;2;d;z001;
0;62;;0,049928989;;49,92898903;HFD;12;GAS;2;d;z001;
0;63;;0,049368013;;49,3680127;HFD;12;GAS;2;d;z001;
0;1;;0,023453147;;23,45314733;HFD;12;GAS;2;d;z002;
0;2;;0,027023409;;27,0234089;HFD;12;GAS;2;d;z002;
0;3;;0,032895623;;32,8956231;HFD;12;GAS;2;d;z002;
0;4;;0,035098616;;35,09861649;HFD;12;GAS;2;d;z002;
0;5;;0,030201523;;30,20152314;HFD;12;GAS;2;d;z002;
0;6;;0,029072778;;29,07277793;HFD;12;GAS;2;d;z002;
0;7;;0,03835193;;38,35192973;HFD;12;GAS;2;d;z002;
0;8;;0,038248716;;38,24871581;HFD;12;GAS;2;d;z002;
0;9;;0,033722498;;33,72249773;HFD;12;GAS;2;d;z002;
0;10;;0,034676832;;34,67683236;HFD;12;GAS;2;d;z002;
0;11;;0,032160696;;32,1606957;HFD;12;GAS;2;d;z002;
0;12;;0,032859659;;32,85965875;HFD;12;GAS;2;d;z002;
0;13;;0,039836105;;39,83610463;HFD;12;GAS;2;d;z002;
0;14;;0,041082554;;41,08255357;HFD;12;GAS;2;d;z002;
0;15;;0,037257578;;37,25757753;HFD;12;GAS;2;d;z002;
0;16;;0,038147991;;38,14799129;HFD;12;GAS;2;d;z002;
0;17;;0,038328664;;38,32866362;HFD;12;GAS;2;d;z002;
0;18;;0,03197699;;31,9769897;HFD;12;GAS;2;d;z002;
0;19;;0,039062692;;39,06269173;HFD;12;GAS;2;d;z002;
0;20;;0,036541209;;36,54120871;HFD;12;GAS;2;d;z002;
0;21;;0,041513995;;41,5139948;HFD;12;GAS;2;d;z002;
0;22;;0,041852159;;41,85215874;HFD;12;GAS;2;d;z002;
0;23;;0,038495661;;38,49566115;HFD;12;GAS;2;d;z002;
0;24;;0,032811976;;32,81197614;HFD;12;GAS;2;d;z002;
0;25;;0,034185116;;34,18511568;HFD;12;GAS;2;d;z002;
0;26;;0,044563161;;44,56316135;HFD;12;GAS;2;d;z002;
0;27;;0,036007235;;36,00723516;HFD;12;GAS;2;d;z002;
0;28;;0,040990193;;40,99019271;HFD;12;GAS;2;d;z002;
0;29;;0,040391984;;40,39198393;HFD;12;GAS;2;d;z002;
0;30;;0,040370649;;40,37064929;HFD;12;GAS;2;d;z002;
0;31;;0,043758002;;43,75800199;HFD;12;GAS;2;d;z002;
0;32;;0,042352805;;42,35280486;HFD;12;GAS;2;d;z002;
0;33;;0,041224112;;41,22411207;HFD;12;GAS;2;d;z002;
0;34;;0,047493103;;47,49310254;HFD;12;GAS;2;d;z002;
0;35;;0,044908748;;44,90874768;HFD;12;GAS;2;d;z002;
0;36;;0,045543981;;45,54398053;HFD;12;GAS;2;d;z002;
0;37;;0,044230033;;44,2300333;HFD;12;GAS;2;d;z002;
0;38;;0,047023259;;47,02325924;HFD;12;GAS;2;d;z002;
0;39;;0,042388262;;42,38826245;HFD;12;GAS;2;d;z002;
0;40;;0,048997507;;48,99750743;HFD;12;GAS;2;d;z002;
0;41;;0,042255003;;42,25500326;HFD;12;GAS;2;d;z002;
0;42;;0,049315491;;49,31549131;HFD;12;GAS;2;d;z002;
0;43;;0,036163439;;36,16343852;HFD;12;GAS;2;d;z002;
0;44;;0,037025995;;37,02599497;HFD;12;GAS;2;d;z002;
0;45;;0,049611045;;49,61104497;HFD;12;GAS;2;d;z002;
0;46;;0,041313224;;41,31322399;HFD;12;GAS;2;d;z002;
0;47;;0,050684669;;50,68466894;HFD;12;GAS;2;d;z002;
0;48;;0,04112804;;41,12804047;HFD;12;GAS;2;d;z002;
0;49;;0,053173233;;53,17323286;HFD;12;GAS;2;d;z002;
0;50;;0,051611991;;51,61199078;HFD;12;GAS;2;d;z002;
0;51;;0,040647487;;40,64748688;HFD;12;GAS;2;d;z002;
0;52;;0,05497273;;54,97272988;HFD;12;GAS;2;d;z002;
0;53;;0,040432688;;40,43268826;HFD;12;GAS;2;d;z002;
0;54;;0,043036831;;43,03683106;HFD;12;GAS;2;d;z002;
0;55;;0,053294993;;53,29499254;HFD;12;GAS;2;d;z002;
0;56;;0,039592724;;39,59272441;HFD;12;GAS;2;d;z002;
0;57;;0,04918919;;49,18918971;HFD;12;GAS;2;d;z002;
0;58;;0,044647594;;44,64759413;HFD;12;GAS;2;d;z002;
0;59;;0,046110607;;46,11060702;HFD;12;GAS;2;d;z002;
0;60;;0,054938013;;54,93801344;HFD;12;GAS;2;d;z002;
0;61;;0,044540517;;44,54051744;HFD;12;GAS;2;d;z002;
0;62;;0,058183251;;58,18325061;HFD;12;GAS;2;d;z002;
0;63;;0,048421173;;48,42117289;HFD;12;GAS;2;d;z002;
0;64;;0,043027389;;43,02738908;HFD;12;GAS;2;d;z002;
0;65;;0,049765905;;49,76590467;HFD;12;GAS;2;d;z002;
0;66;;0,051370503;;51,3705026;HFD;12;GAS;2;d;z002;
0;67;;0,05513427;;55,13427006;HFD;12;GAS;2;d;z002;
0;68;;0,05593286;;55,9328604;HFD;12;GAS;2;d;z002;
0;69;;0,041789907;;41,78990721;HFD;12;GAS;2;d;z002;
0;70;;0,056998519;;56,99851939;HFD;12;GAS;2;d;z002;
0;71;;0,059238249;;59,23824874;HFD;12;GAS;2;d;z002;
0;72;;0,043979484;;43,97948417;HFD;12;GAS;2;d;z002;
0;73;;0,057802373;;57,80237284;HFD;12;GAS;2;d;z002;
0;74;;0,056660996;;56,66099605;HFD;12;GAS;2;d;z002;
0;75;;0,056622673;;56,62267332;HFD;12;GAS;2;d;z002;
0;76;;0,054693338;;54,69333764;HFD;12;GAS;2;d;z002;
0;77;;0,058627877;;58,62787728;HFD;12;GAS;2;d;z002;
0;78;;0,059711071;;59,71107073;HFD;12;GAS;2;d;z002;
0;79;;0,063096928;;63,0969284;HFD;12;GAS;2;d;z002;
0;80;;0,058119692;;58,1196917;HFD;12;GAS;2;d;z002;
0;81;;0,057428989;;57,42898939;HFD;12;GAS;2;d;z002;
0;82;;0,043583935;;43,5839345;HFD;12;GAS;2;d;z002;
0;83;;0,063954009;;63,95400851;HFD;12;GAS;2;d;z002;
0;1;;0,029459198;;29,45919813;HFD;12;GAS;2;i;z;
0;2;;0,031360858;;31,3608579;HFD;12;GAS;2;i;z;
0;3;;0,026729723;;26,72972289;HFD;12;GAS;2;i;z;
0;4;;0,029319989;;29,3199892;HFD;12;GAS;2;i;z;
0;5;;0,033670089;;33,67008894;HFD;12;GAS;2;i;z;
0;6;;0,033992015;;33,99201543;HFD;12;GAS;2;i;z;
0;7;;0,041363733;;41,36373328;HFD;12;GAS;2;i;z;
0;8;;0,040044893;;40,04489287;HFD;12;GAS;2;i;z;
0;9;;0,034834629;;34,83462871;HFD;12;GAS;2;i;z;
0;10;;0,039138386;;39,13838585;HFD;12;GAS;2;i;z;
0;11;;0,03676878;;36,76877963;HFD;12;GAS;2;i;z;
0;12;;0,034267036;;34,26703634;HFD;12;GAS;2;i;z;
0;13;;0,033636346;;33,63634639;HFD;12;GAS;2;i;z;
0;14;;0,036380362;;36,3803618;HFD;12;GAS;2;i;z;
0;15;;0,038469119;;38,46911916;HFD;12;GAS;2;i;z;
0;16;;0,035342993;;35,34299321;HFD;12;GAS;2;i;z;
0;17;;0,033901076;;33,90107604;HFD;12;GAS;2;i;z;
0;18;;0,040530071;;40,53007058;HFD;12;GAS;2;i;z;
0;19;;0,03574453;;35,74452975;HFD;12;GAS;2;i;z;
0;20;;0,041145461;;41,14546087;HFD;12;GAS;2;i;z;
0;21;;0,040024409;;40,02440945;HFD;12;GAS;2;i;z;
0;22;;0,038462997;;38,46299681;HFD;12;GAS;2;i;z;
0;23;;0,044682583;;44,68258252;HFD;12;GAS;2;i;z;
0;24;;0,04323888;;43,23887994;HFD;12;GAS;2;i;z;
0;25;;0,045542663;;45,54266291;HFD;12;GAS;2;i;z;
0;26;;0,044015887;;44,01588721;HFD;12;GAS;2;i;z;
0;27;;0,048348794;;48,34879376;HFD;12;GAS;2;i;z;
0;28;;0,035342993;;35,34299321;HFD;12;GAS;2;i;z;
0;29;;0,048142096;;48,14209633;HFD;12;GAS;2;i;z;
0;30;;0,044872375;;44,87237501;HFD;12;GAS;2;i;z;
0;31;;0,04014191;;40,14191035;HFD;12;GAS;2;i;z;
0;32;;0,040330417;;40,33041674;HFD;12;GAS;2;i;z;
0;33;;0,045580457;;45,58045658;HFD;12;GAS;2;i;z;
0;34;;0,043673542;;43,67354202;HFD;12;GAS;2;i;z;
0;35;;0,047638115;;47,63811538;HFD;12;GAS;2;i;z;
0;36;;0,033341163;;33,34116264;HFD;12;GAS;2;i;z;
0;37;;0,042070035;;42,0700351;HFD;12;GAS;2;i;z;
0;38;;0,032666716;;32,66671566;HFD;12;GAS;2;i;z;
0;39;;0,035893371;;35,8933709;HFD;12;GAS;2;i;z;
0;40;;0,038624375;;38,62437473;HFD;12;GAS;2;i;z;
0;41;;0,04486931;;44,86930989;HFD;12;GAS;2;i;z;
0;42;;0,046002009;;46,00200919;HFD;12;GAS;2;i;z;
0;43;;0,038488933;;38,4889328;HFD;12;GAS;2;i;z;
0;44;;0,040858766;;40,85876632;HFD;12;GAS;2;i;z;
0;45;;0,046442359;;46,44235873;HFD;12;GAS;2;i;z;
0;46;;0,040160804;;40,1608043;HFD;12;GAS;2;i;z;
0;47;;0,041000598;;41,00059796;HFD;12;GAS;2;i;z;
0;48;;0,042203736;;42,2037364;HFD;12;GAS;2;i;z;
0;49;;0,037858203;;37,85820253;HFD;12;GAS;2;i;z;
0;50;;0,034630563;;34,63056275;HFD;12;GAS;2;i;z;
0;51;;0,036539457;;36,53945741;HFD;12;GAS;2;i;z;
0;52;;0,041500964;;41,50096416;HFD;12;GAS;2;i;z;
0;53;;0,047796066;;47,79606568;HFD;12;GAS;2;i;z;
0;54;;0,044908748;;44,90874768;HFD;12;GAS;2;i;z;
0;55;;0,049757626;;49,75762645;HFD;12;GAS;2;i;z;
0;56;;0,046140074;;46,140074;HFD;12;GAS;2;i;z;
0;57;;0,043635576;;43,63557583;HFD;12;GAS;2;i;z;
0;58;;0,043235495;;43,23549531;HFD;12;GAS;2;i;z;
0;59;;0,037266761;;37,26676146;HFD;12;GAS;2;i;z;
0;60;;0,044245212;;44,2452119;HFD;12;GAS;2;i;z;
0;61;;0,04655124;;46,55123977;HFD;12;GAS;2;i;z;
0;62;;0,050954271;;50,95427097;HFD;12;GAS;2;i;z;
0;63;;0,036884023;;36,88402264;HFD;12;GAS;2;i;z;
0;64;;0,048011218;;48,01121828;HFD;12;GAS;2;i;z;
0;65;;0,050034636;;50,03463644;HFD;12;GAS;2;i;z;
0;66;;0,052701568;;52,70156772;HFD;12;GAS;2;i;z;
0;67;;0,038803376;;38,80337558;HFD;12;GAS;2;i;z;
0;68;;0,048907704;;48,90770435;HFD;12;GAS;2;i;z;
0;69;;0,049451421;;49,45142089;HFD;12;GAS;2;i;z;
0;70;;0,051180927;;51,18092707;HFD;12;GAS;2;i;z;
0;71;;0,040838095;;40,83809529;HFD;12;GAS;2;i;z;
0;72;;0,047556024;;47,55602433;HFD;12;GAS;2;i;z;
0;73;;0,046353;;46,35300021;HFD;12;GAS;2;i;z;
0;74;;0,050123737;;50,12373674;HFD;12;GAS;2;i;z;
0;75;;0,044880002;;44,88000195;HFD;12;GAS;2;i;z;
0;76;;0,050212328;;50,21232757;HFD;12;GAS;2;i;z;
0;77;;0,044039672;;44,03967174;HFD;12;GAS;2;i;z;
0;78;;0,052733987;;52,7339871;HFD;12;GAS;2;i;z;
0;79;;0,052426628;;52,42662788;HFD;12;GAS;2;i;z;
0;80;;0,045816846;;45,81684634;HFD;12;GAS;2;i;z;
0;81;;0,045870305;;45,87030546;HFD;12;GAS;2;i;z;
0;82;;0,053676463;;53,67646301;HFD;12;GAS;2;i;z;
0;83;;0,055416538;;55,41653784;HFD;12;GAS;2;i;z;
0;84;;0,048421788;;48,42178767;HFD;12;GAS;2;i;z;
0;85;;0,045079814;;45,07981448;HFD;12;GAS;2;i;z;
0;86;;0,04651358;;46,51357986;HFD;12;GAS;2;i;z;
0;87;;0,045440989;;45,4409892;HFD;12;GAS;2;i;z;
0;88;;0,040156726;;40,1567264;HFD;12;GAS;2;i;z;
0;89;;0,051182042;;51,18204193;HFD;12;GAS;2;i;z;
0;90;;0,051258058;;51,25805801;HFD;12;GAS;2;i;z;
0;91;;0,054139603;;54,13960337;HFD;12;GAS;2;i;z;
0;92;;0,056222231;;56,22223099;HFD;12;GAS;2;i;z;
0;93;;0,049095404;;49,09540368;HFD;12;GAS;2;i;z;
0;94;;0,053663878;;53,66387762;HFD;12;GAS;2;i;z;
0;1;;0,022329837;;22,32983736;HFD;12;GAS;2;i;z001;
0;2;;0,02300099;;23,00099004;HFD;12;GAS;2;i;z001;
0;3;;0,029048075;;29,04807476;HFD;12;GAS;2;i;z001;
0;4;;0,031415999;;31,41599882;HFD;12;GAS;2;i;z001;
0;5;;0,031670314;;31,67031385;HFD;12;GAS;2;i;z001;
0;6;;0,022395712;;22,39571231;HFD;12;GAS;2;i;z001;
0;7;;0,020135553;;20,13555283;HFD;12;GAS;2;i;z001;
0;8;;0,025841353;;25,84135279;HFD;12;GAS;2;i;z001;
0;9;;0,038577366;;38,57736632;HFD;12;GAS;2;i;z001;
0;10;;0,034577585;;34,57758549;HFD;12;GAS;2;i;z001;
0;11;;0,02621199;;26,2119905;HFD;12;GAS;2;i;z001;
0;12;;0,031045398;;31,0453977;HFD;12;GAS;2;i;z001;
0;13;;0,031922843;;31,92284304;HFD;12;GAS;2;i;z001;
0;14;;0,035113338;;35,11333761;HFD;12;GAS;2;i;z001;
0;15;;0,026004587;;26,00458744;HFD;12;GAS;2;i;z001;
0;16;;0,033547559;;33,54755943;HFD;12;GAS;2;i;z001;
0;17;;0,039576117;;39,57611732;HFD;12;GAS;2;i;z001;
0;18;;0,033644283;;33,6442827;HFD;12;GAS;2;i;z001;
0;19;;0,03403554;;34,03554;HFD;12;GAS;2;i;z001;
0;20;;0,039743421;;39,74342145;HFD;12;GAS;2;i;z001;
0;21;;0,030569911;;30,56991071;HFD;12;GAS;2;i;z001;
0;22;;0,039831008;;39,8310076;HFD;12;GAS;2;i;z001;
0;23;;0,023806173;;23,80617298;HFD;12;GAS;2;i;z001;
0;24;;0,044032256;;44,03225629;HFD;12;GAS;2;i;z001;
0;25;;0,044069492;;44,06949196;HFD;12;GAS;2;i;z001;
0;26;;0,029171992;;29,17199163;HFD;12;GAS;2;i;z001;
0;27;;0,045244211;;45,2442109;HFD;12;GAS;2;i;z001;
0;28;;0,047123998;;47,12399823;HFD;12;GAS;2;i;z001;
0;29;;0,04027512;;40,27512047;HFD;12;GAS;2;i;z001;
0;30;;0,034170894;;34,17089417;HFD;12;GAS;2;i;z001;
0;31;;0,033665602;;33,66560158;HFD;12;GAS;2;i;z001;
0;32;;0,028049981;;28,04998076;HFD;12;GAS;2;i;z001;
0;33;;0,042636006;;42,63600567;HFD;12;GAS;2;i;z001;
0;34;;0,031990286;;31,99028644;HFD;12;GAS;2;i;z001;
0;35;;0,04525781;;45,25780971;HFD;12;GAS;2;i;z001;
0;36;;0,027180915;;27,18091479;HFD;12;GAS;2;i;z001;
0;37;;0,044085465;;44,08546477;HFD;12;GAS;2;i;z001;
0;38;;0,045511596;;45,51159633;HFD;12;GAS;2;i;z001;
0;39;;0,037043805;;37,04380516;HFD;12;GAS;2;i;z001;
0;40;;0,043208821;;43,2088208;HFD;12;GAS;2;i;z001;
0;41;;0,047377396;;47,37739587;HFD;12;GAS;2;i;z001;
0;42;;0,048054414;;48,05441381;HFD;12;GAS;2;i;z001;
0;43;;0,04014385;;40,1438499;HFD;12;GAS;2;i;z001;
0;44;;0,041513995;;41,5139948;HFD;12;GAS;2;i;z001;
0;45;;0,035549759;;35,54975854;HFD;12;GAS;2;i;z001;
0;46;;0,047431923;;47,4319226;HFD;12;GAS;2;i;z001;
0;47;;0,043947081;;43,94708059;HFD;12;GAS;2;i;z001;
0;48;;0,035941228;;35,94122794;HFD;12;GAS;2;i;z001;
0;49;;0,053856013;;53,85601253;HFD;12;GAS;2;i;z001;
0;50;;0,052759365;;52,75936529;HFD;12;GAS;2;i;z001;
0;51;;0,046563;;46,56300007;HFD;12;GAS;2;i;z001;
0;52;;0,050889236;;50,88923572;HFD;12;GAS;2;i;z001;
0;53;;0,059231064;;59,23106427;HFD;12;GAS;2;i;z001;
0;54;;0,05315605;;53,1560496;HFD;12;GAS;2;i;z001;
0;55;;0,055830357;;55,83035681;HFD;12;GAS;2;i;z001;
0;56;;0,055481928;;55,48192794;HFD;12;GAS;2;i;z001;
0;57;;0,053294993;;53,29499254;HFD;12;GAS;2;i;z001;
0;58;;0,038442486;;38,44248638;HFD;12;GAS;2;i;z001;
0;59;;0,032169926;;32,16992578;HFD;12;GAS;2;i;z001;
0;60;;0,060296407;;60,29640718;HFD;12;GAS;2;i;z001;
0;61;;0,059256755;;59,25675548;HFD;12;GAS;2;i;z001;
0;62;;0,045412754;;45,41275362;HFD;12;GAS;2;i;z001;
0;63;;0,046657479;;46,65747858;HFD;12;GAS;2;i;z001;
0;64;;0,050870372;;50,870372;HFD;12;GAS;2;i;z001;
0;65;;0,057690966;;57,69096645;HFD;12;GAS;2;i;z001;
0;66;;0,061161476;;61,16147567;HFD;12;GAS;2;i;z001;
0;67;;0,050403518;;50,40351813;HFD;12;GAS;2;i;z001;
0;68;;0,037928795;;37,9287953;HFD;12;GAS;2;i;z001;
0;69;;0,051904915;;51,90491482;HFD;12;GAS;2;i;z001;
0;70;;0,057755843;;57,75584294;HFD;12;GAS;2;i;z001;
0;71;;0,066194447;;66,19444655;HFD;12;GAS;2;i;z001;
0;72;;0,062557709;;62,55770942;HFD;12;GAS;2;i;z001;
0;73;;0,049929018;;49,92901813;HFD;12;GAS;2;i;z001;
0;74;;0,058956005;;58,95600526;HFD;12;GAS;2;i;z001;
0;75;;0,041361921;;41,36192108;HFD;12;GAS;2;i;z001;
0;76;;0,045068179;;45,0681795;HFD;12;GAS;2;i;z001;
0;77;;0,066698851;;66,69885084;HFD;12;GAS;2;i;z001;
0;78;;0,085386124;;85,38612385;HFD;12;GAS;2;i;z001;
0;79;;0,049493772;;49,49377241;HFD;12;GAS;2;i;z001;
0;1;;0,038708997;;38,70899673;HFD;12;GAS;2;i;z003;
0;2;;0,032878515;;32,87851509;HFD;12;GAS;2;i;z003;
0;3;;0,036464997;;36,46499681;HFD;12;GAS;2;i;z003;
0;4;;0,035713894;;35,71389415;HFD;12;GAS;2;i;z003;
0;5;;0,042920261;;42,9202613;HFD;12;GAS;2;i;z003;
0;6;;0,038831875;;38,83187465;HFD;12;GAS;2;i;z003;
0;7;;0,044517274;;44,51727393;HFD;12;GAS;2;i;z003;
0;8;;0,039055309;;39,05530925;HFD;12;GAS;2;i;z003;
0;9;;0,031464637;;31,46463721;HFD;12;GAS;2;i;z003;
0;10;;0,035391458;;35,39145762;HFD;12;GAS;2;i;z003;
0;11;;0,038134816;;38,13481581;HFD;12;GAS;2;i;z003;
0;12;;0,036469751;;36,46975129;HFD;12;GAS;2;i;z003;
0;13;;0,037496072;;37,49607244;HFD;12;GAS;2;i;z003;
0;14;;0,04078807;;40,7880704;HFD;12;GAS;2;i;z003;
0;15;;0,032666737;;32,66673651;HFD;12;GAS;2;i;z003;
0;16;;0,043765793;;43,76579288;HFD;12;GAS;2;i;z003;
0;17;;0,042635991;;42,63599112;HFD;12;GAS;2;i;z003;
0;18;;0,043586097;;43,58609711;HFD;12;GAS;2;i;z003;
0;19;;0,04384681;;43,84681047;HFD;12;GAS;2;i;z003;
0;20;;0,048848096;;48,84809559;HFD;12;GAS;2;i;z003;
0;21;;0,047628894;;47,6288935;HFD;12;GAS;2;i;z003;
0;22;;0,043570309;;43,57030932;HFD;12;GAS;2;i;z003;
0;23;;0,036476192;;36,47619157;HFD;12;GAS;2;i;z003;
0;24;;0,046562993;;46,56299279;HFD;12;GAS;2;i;z003;
0;25;;0,036860388;;36,86038751;HFD;12;GAS;2;i;z003;
0;26;;0,050507101;;50,50710052;HFD;12;GAS;2;i;z003;
0;27;;0,05065159;;50,65159022;HFD;12;GAS;2;i;z003;
0;28;;0,048503164;;48,503164;HFD;12;GAS;2;i;z003;
0;29;;0,035503443;;35,50344342;HFD;12;GAS;2;i;z003;
0;30;;0,038532437;;38,53243656;HFD;12;GAS;2;i;z003;
0;31;;0,048060737;;48,06073713;HFD;12;GAS;2;i;z003;
0;32;;0,048226303;;48,22630307;HFD;12;GAS;2;i;z003;
0;33;;0,040159675;;40,15967486;HFD;12;GAS;2;i;z003;
0;34;;0,040643665;;40,64366527;HFD;12;GAS;2;i;z003;
0;35;;0,038789048;;38,78904827;HFD;12;GAS;2;i;z003;
0;36;;0,043208054;;43,208054;HFD;12;GAS;2;i;z003;
0;37;;0,046927172;;46,92717232;HFD;12;GAS;2;i;z003;
0;38;;0,051913626;;51,9136261;HFD;12;GAS;2;i;z003;
0;39;;0,051275678;;51,27567824;HFD;12;GAS;2;i;z003;
0;40;;0,052452628;;52,45262805;HFD;12;GAS;2;i;z003;
0;41;;0,038906868;;38,90686816;HFD;12;GAS;2;i;z003;
0;42;;0,038347383;;38,34738335;HFD;12;GAS;2;i;z003;
0;43;;0,046563;;46,56300007;HFD;12;GAS;2;i;z003;
0;44;;0,039170866;;39,17086647;HFD;12;GAS;2;i;z003;
0;45;;0,046612889;;46,61288876;HFD;12;GAS;2;i;z003;
0;46;;0,053990956;;53,99095598;HFD;12;GAS;2;i;z003;
0;47;;0,044914802;;44,91480194;HFD;12;GAS;2;i;z003;
0;48;;0,052171733;;52,17173295;HFD;12;GAS;2;i;z003;
0;49;;0,042075;;42,07500024;HFD;12;GAS;2;i;z003;
0;50;;0,055343217;;55,3432167;HFD;12;GAS;2;i;z003;
0;51;;0,050434184;;50,43418385;HFD;12;GAS;2;i;z003;
0;52;;0,045410526;;45,4105262;HFD;12;GAS;2;i;z003;
0;53;;0,053337393;;53,3373934;HFD;12;GAS;2;i;z003;
0;54;;0,042735318;;42,73531762;HFD;12;GAS;2;i;z003;
0;55;;0,041400872;;41,40087215;HFD;12;GAS;2;i;z003;
0;56;;0,052017839;;52,01783889;HFD;12;GAS;2;i;z003;
0;57;;0,055772395;;55,77239475;HFD;12;GAS;2;i;z003;
0;58;;0,05200612;;52,00611954;HFD;12;GAS;2;i;z003;
0;59;;0,052225617;;52,22561704;HFD;12;GAS;2;i;z003;
0;60;;0,048284832;;48,28483173;HFD;12;GAS;2;i;z003;
0;61;;0,055539014;;55,53901428;HFD;12;GAS;2;i;z003;
0;62;;0,054489216;;54,489216;HFD;12;GAS;2;i;z003;
0;63;;0,054959109;;54,959109;HFD;12;GAS;2;i;z003;
0;64;;0,051051;;51,0509999;HFD;12;GAS;2;i;z003;
0;65;;0,04335076;;43,3507602;HFD;12;GAS;2;i;z003;
0;66;;0,047968998;;47,9689981;HFD;12;GAS;2;i;z003;
0;67;;0,05017739;;50,17738956;HFD;12;GAS;2;i;z003;
0;68;;0,057274685;;57,27468535;HFD;12;GAS;2;i;z003;
0;69;;0,04139635;;41,39635013;HFD;12;GAS;2;i;z003;
0;70;;0,061810377;;61,8103771;HFD;12;GAS;2;i;z003;
0;71;;0,061710016;;61,71001587;HFD;12;GAS;2;i;z003;
0;72;;0,054900557;;54,90055749;HFD;12;GAS;2;i;z003;
0;73;;0,046082646;;46,08264614;HFD;12;GAS;2;i;z003;
0;74;;0,053193619;;53,19361926;HFD;12;GAS;2;i;z003;
0;75;;0,049585911;;49,58591133;HFD;12;GAS;2;i;z003;
0;76;;0,052221052;;52,22105247;HFD;12;GAS;2;i;z003;
0;77;;0,050761108;;50,76110842;HFD;12;GAS;2;i;z003;
0;78;;0,056439568;;56,43956792;HFD;12;GAS;2;i;z003;
0;79;;0,053530761;;53,53076085;HFD;12;GAS;2;i;z003;
0;80;;0,05485374;;54,85374021;HFD;12;GAS;2;i;z003;
0;1;;0,027160722;;27,16072245;HFD;12;GAS;3;d;z;
0;2;;0,018717229;;18,71722926;HFD;12;GAS;3;d;z;
0;3;;0,023562002;;23,56200184;HFD;12;GAS;3;d;z;
0;4;;0,025489203;;25,48920312;HFD;12;GAS;3;d;z;
0;5;;0,030294002;;30,29400159;HFD;12;GAS;3;d;z;
0;6;;0,032682464;;32,68246357;HFD;12;GAS;3;d;z;
0;7;;0,036286606;;36,28660565;HFD;12;GAS;3;d;z;
0;8;;0,032615291;;32,61529117;HFD;12;GAS;3;d;z;
0;9;;0,03309903;;33,09902968;HFD;12;GAS;3;d;z;
0;10;;0,034782017;;34,78201688;HFD;12;GAS;3;d;z;
0;11;;0,036930092;;36,93009175;HFD;12;GAS;3;d;z;
0;12;;0,038708997;;38,70899673;HFD;12;GAS;3;d;z;
0;13;;0,039978851;;39,97885087;HFD;12;GAS;3;d;z;
0;14;;0,036020257;;36,02025699;HFD;12;GAS;3;d;z;
0;15;;0,039382638;;39,38263791;HFD;12;GAS;3;d;z;
0;16;;0,040631838;;40,63183804;HFD;12;GAS;3;d;z;
0;17;;0,039577971;;39,57797096;HFD;12;GAS;3;d;z;
0;18;;0,032660198;;32,66019761;HFD;12;GAS;3;d;z;
0;19;;0,040685788;;40,68578757;HFD;12;GAS;3;d;z;
0;20;;0,036478656;;36,47865575;HFD;12;GAS;3;d;z;
0;21;;0,040713749;;40,71374887;HFD;12;GAS;3;d;z;
0;22;;0,040855772;;40,85577236;HFD;12;GAS;3;d;z;
0;23;;0,039720748;;39,72074834;HFD;12;GAS;3;d;z;
0;24;;0,041647226;;41,64722637;HFD;12;GAS;3;d;z;
0;25;;0,04308293;;43,08293004;HFD;12;GAS;3;d;z;
0;26;;0,04142813;;41,42812996;HFD;12;GAS;3;d;z;
0;27;;0,04155335;;41,55334974;HFD;12;GAS;3;d;z;
0;28;;0,038552179;;38,55217938;HFD;12;GAS;3;d;z;
0;29;;0,038148006;;38,14800584;HFD;12;GAS;3;d;z;
0;30;;0,039831008;;39,8310076;HFD;12;GAS;3;d;z;
0;31;;0,045172616;;45,17261644;HFD;12;GAS;3;d;z;
0;32;;0,037791473;;37,79147324;HFD;12;GAS;3;d;z;
0;33;;0,038771419;;38,77141943;HFD;12;GAS;3;d;z;
0;34;;0,045402427;;45,40242745;HFD;12;GAS;3;d;z;
0;35;;0,044380555;;44,38055453;HFD;12;GAS;3;d;z;
0;36;;0,044003338;;44,00333768;HFD;12;GAS;3;d;z;
0;37;;0,043905202;;43,90520204;HFD;12;GAS;3;d;z;
0;38;;0,043380177;;43,38017709;HFD;12;GAS;3;d;z;
0;39;;0,046002009;;46,00200919;HFD;12;GAS;3;d;z;
0;40;;0,045229541;;45,22954069;HFD;12;GAS;3;d;z;
0;41;;0,044201223;;44,20122272;HFD;12;GAS;3;d;z;
0;42;;0,047775642;;47,77564196;HFD;12;GAS;3;d;z;
0;43;;0,044873944;;44,87394442;HFD;12;GAS;3;d;z;
0;44;;0,04439559;;44,39558956;HFD;12;GAS;3;d;z;
0;45;;0,046315941;;46,31594085;HFD;12;GAS;3;d;z;
0;46;;0,047292544;;47,29254379;HFD;12;GAS;3;d;z;
0;47;;0,044044158;;44,04415774;HFD;12;GAS;3;d;z;
0;48;;0,04575934;;45,75934045;HFD;12;GAS;3;d;z;
0;49;;0,044600309;;44,60030893;HFD;12;GAS;3;d;z;
0;50;;0,044879984;;44,87998376;HFD;12;GAS;3;d;z;
0;51;;0,045985823;;45,98582266;HFD;12;GAS;3;d;z;
0;52;;0,049686478;;49,68647809;HFD;12;GAS;3;d;z;
0;53;;0,043560436;;43,56043563;HFD;12;GAS;3;d;z;
0;54;;0,047986285;;47,98628546;HFD;12;GAS;3;d;z;
0;55;;0,05183629;;51,83628997;HFD;12;GAS;3;d;z;
0;56;;0,047166725;;47,16672497;HFD;12;GAS;3;d;z;
0;57;;0,051612005;;51,61200534;HFD;12;GAS;3;d;z;
0;58;;0,046849771;;46,84977119;HFD;12;GAS;3;d;z;
0;59;;0,045201149;;45,20114939;HFD;12;GAS;3;d;z;
0;60;;0,041128751;;41,1287515;HFD;12;GAS;3;d;z;
0;61;;0,043652235;;43,65223546;HFD;12;GAS;3;d;z;
0;62;;0,052837831;;52,83783084;HFD;12;GAS;3;d;z;
0;63;;0,048099678;;48,09967792;HFD;12;GAS;3;d;z;
0;64;;0,043195334;;43,19533354;HFD;12;GAS;3;d;z;
0;65;;0,049836093;;49,83609251;HFD;12;GAS;3;d;z;
0;66;;0,053423664;;53,42366405;HFD;12;GAS;3;d;z;
0;67;;0,048855841;;48,85584073;HFD;12;GAS;3;d;z;
0;68;;0,045661406;;45,66140569;HFD;12;GAS;3;d;z;
0;69;;0,042248585;;42,24858517;HFD;12;GAS;3;d;z;
0;70;;0,051406315;;51,4063151;HFD;12;GAS;3;d;z;
0;71;;0,045203729;;45,20372928;HFD;12;GAS;3;d;z;
0;72;;0,039267681;;39,2676813;HFD;12;GAS;3;d;z;
0;73;;0,051395296;;51,39529624;HFD;12;GAS;3;d;z;
0;74;;0,05088751;;50,88750972;HFD;12;GAS;3;d;z;
0;75;;0,046594519;;46,59451904;HFD;12;GAS;3;d;z;
0;76;;0,047554771;;47,55477072;HFD;12;GAS;3;d;z;
0;77;;0,044092075;;44,09207476;HFD;12;GAS;3;d;z;
0;78;;0,050847287;;50,84728694;HFD;12;GAS;3;d;z;
0;79;;0,057783007;;57,78300692;HFD;12;GAS;3;d;z;
0;80;;0,043887067;;43,88706663;HFD;12;GAS;3;d;z;
0;81;;0,048548572;;48,54857239;HFD;12;GAS;3;d;z;
0;82;;0,051254925;;51,25492499;HFD;12;GAS;3;d;z;
0;83;;0,04958586;;49,58585988;HFD;12;GAS;3;d;z;
0;84;;0,052533793;;52,53379253;HFD;12;GAS;3;d;z;
0;85;;0,048976464;;48,97646378;HFD;12;GAS;3;d;z;
0;86;;0,051049231;;51,0492314;HFD;12;GAS;3;d;z;
0;87;;0,051858614;;51,85861413;HFD;12;GAS;3;d;z;
0;88;;0,042116327;;42,11632728;HFD;12;GAS;3;d;z;
0;89;;0,054259847;;54,25984728;HFD;12;GAS;3;d;z;
0;90;;0,048113402;;48,11340238;HFD;12;GAS;3;d;z;
0;91;;0,052378067;;52,37806712;HFD;12;GAS;3;d;z;
0;92;;0,038267085;;38,26708521;HFD;12;GAS;3;d;z;
0;93;;0,057518775;;57,51877481;HFD;12;GAS;3;d;z;
0;94;;0,049375924;;49,3759235;HFD;12;GAS;3;d;z;
0;95;;0,054417033;;54,41703252;HFD;12;GAS;3;d;z;
0;96;;0,058036927;;58,03692658;HFD;12;GAS;3;d;z;
0;97;;0,052173002;;52,17300168;HFD;12;GAS;3;d;z;
0;98;;0,062231071;;62,23107119;HFD;12;GAS;3;d;z;
0;99;;0,051536541;;51,53654052;HFD;12;GAS;3;d;z;
0;100;;0,06630503;;66,3050299;HFD;12;GAS;3;d;z;
0;1;;0,010097996;;10,09799598;HFD;12;GAS;3;d;z001;
0;2;;0,024752188;;24,75218782;HFD;12;GAS;3;d;z001;
0;3;;0,018314737;;18,31473687;HFD;12;GAS;3;d;z001;
0;4;;0,027489004;;27,48900442;HFD;12;GAS;3;d;z001;
0;5;;0,026186052;;26,18605249;HFD;12;GAS;3;d;z001;
0;6;;0,034782017;;34,78201688;HFD;12;GAS;3;d;z001;
0;7;;0,028335773;;28,33577327;HFD;12;GAS;3;d;z001;
0;8;;0,038150317;;38,15031679;HFD;12;GAS;3;d;z001;
0;9;;0,039362636;;39,36263561;HFD;12;GAS;3;d;z001;
0;10;;0,040129623;;40,12962342;HFD;12;GAS;3;d;z001;
0;11;;0,038391333;;38,39133316;HFD;12;GAS;3;d;z001;
0;12;;0,042636006;;42,63600567;HFD;12;GAS;3;d;z001;
0;13;;0,041401686;;41,40168614;HFD;12;GAS;3;d;z001;
0;14;;0,048246002;;48,24600182;HFD;12;GAS;3;d;z001;
0;15;;0,053294993;;53,29499254;HFD;12;GAS;3;d;z001;
0;16;;0,050001775;;50,00177471;HFD;12;GAS;3;d;z001;
0;17;;0,046724084;;46,72408387;HFD;12;GAS;3;d;z001;
0;18;;0,041356752;;41,35675157;HFD;12;GAS;3;d;z001;
0;19;;0,042137677;;42,13767673;HFD;12;GAS;3;d;z001;
0;20;;0,051890832;;51,89083227;HFD;12;GAS;3;d;z001;
0;21;;0,05119473;;51,19473023;HFD;12;GAS;3;d;z001;
0;22;;0,055059479;;55,05947941;HFD;12;GAS;3;d;z001;
0;23;;0,054383782;;54,38378165;HFD;12;GAS;3;d;z001;
0;24;;0,061216406;;61,21640628;HFD;12;GAS;3;d;z001;
0;25;;0,051531288;;51,53128813;HFD;12;GAS;3;d;z001;
0;26;;0,061527551;;61,52755125;HFD;12;GAS;3;d;z001;
0;27;;0,056176741;;56,17674095;HFD;12;GAS;3;d;z001;
0;28;;0,051786273;;51,7862729;HFD;12;GAS;3;d;z001;
0;29;;0,05474226;;54,74226024;HFD;12;GAS;3;d;z001;
0;30;;0,062676541;;62,67654138;HFD;12;GAS;3;d;z001;
0;31;;0,062995478;;62,99547814;HFD;12;GAS;3;d;z001;
0;32;;0,062907619;;62,90761857;HFD;12;GAS;3;d;z001;
0;33;;0,067347062;;67,34706225;HFD;12;GAS;3;d;z001;
0;34;;0,056295395;;56,29539498;HFD;12;GAS;3;d;z001;
0;35;;0,059041274;;59,0412741;HFD;12;GAS;3;d;z001;
0;36;;0,06552914;;65,52914038;HFD;12;GAS;3;d;z001;
0;37;;0,071053584;;71,05358376;HFD;12;GAS;3;d;z001;
0;38;;0,078096234;;78,09623383;HFD;12;GAS;3;d;z001;
0;39;;0,07189303;;71,89303023;HFD;12;GAS;3;d;z001;
0;40;;0,066145353;;66,14535337;HFD;12;GAS;3;d;z001;
0;41;;0,052173;;52,17299986;HFD;12;GAS;3;d;z001;
0;42;;0,069541076;;69,54107568;HFD;12;GAS;3;d;z001;
0;43;;0,074326595;;74,32659465;HFD;12;GAS;3;d;z001;
0;44;;0,07067305;;70,67305034;HFD;12;GAS;3;d;z001;
0;45;;0,065799011;;65,79901122;HFD;12;GAS;3;d;z001;
0;46;;0,061857911;;61,85791131;HFD;12;GAS;3;d;z001;
0;47;;0,082652864;;82,65286402;HFD;12;GAS;3;d;z001;
0;48;;0,059789673;;59,78967308;HFD;12;GAS;3;d;z001;
0;49;;0,063959955;;63,9599546;HFD;12;GAS;3;d;z001;
0;50;;0,062569467;;62,56946728;HFD;12;GAS;3;d;z001;
0;51;;0,080362193;;80,36219264;HFD;12;GAS;3;d;z001;
0;52;;0,079246723;;79,24672269;HFD;12;GAS;3;d;z001;
0;53;;0,071117953;;71,11795331;HFD;12;GAS;3;d;z001;
0;54;;0,076015927;;76,01592672;HFD;12;GAS;3;d;z001;
0;1;;0,030774593;;30,77459319;HFD;12;GAS;3;i;z;
0;2;;0,028500246;;28,50024589;HFD;12;GAS;3;i;z;
0;3;;0,037386898;;37,38689765;HFD;12;GAS;3;i;z;
0;4;;0,025805988;;25,80598812;HFD;12;GAS;3;i;z;
0;5;;0,035394412;;35,39441207;HFD;12;GAS;3;i;z;
0;6;;0,02805001;;28,05000986;HFD;12;GAS;3;i;z;
0;7;;0,029136192;;29,13619242;HFD;12;GAS;3;i;z;
0;8;;0,03303183;;33,03182973;HFD;12;GAS;3;i;z;
0;9;;0,029679435;;29,67943465;HFD;12;GAS;3;i;z;
0;10;;0,03646499;;36,46498953;HFD;12;GAS;3;i;z;
0;11;;0,034891354;;34,89135383;HFD;12;GAS;3;i;z;
0;12;;0,029876972;;29,87697227;HFD;12;GAS;3;i;z;
0;13;;0,036645516;;36,64551648;HFD;12;GAS;3;i;z;
0;14;;0,027682726;;27,68272626;HFD;12;GAS;3;i;z;
0;15;;0,027708164;;27,70816382;HFD;12;GAS;3;i;z;
0;16;;0,038148006;;38,14800584;HFD;12;GAS;3;i;z;
0;17;;0,031924992;;31,92499215;HFD;12;GAS;3;i;z;
0;18;;0,038323489;;38,32348878;HFD;12;GAS;3;i;z;
0;19;;0,033723751;;33,72375058;HFD;12;GAS;3;i;z;
0;20;;0,032517159;;32,51715931;HFD;12;GAS;3;i;z;
0;21;;0,042726239;;42,72623902;HFD;12;GAS;3;i;z;
0;22;;0,035343;;35,34300049;HFD;12;GAS;3;i;z;
0;23;;0,03348148;;33,48148037;HFD;12;GAS;3;i;z;
0;24;;0,04072304;;40,72304027;HFD;12;GAS;3;i;z;
0;25;;0,042075;;42,07500024;HFD;12;GAS;3;i;z;
0;26;;0,038134803;;38,13480279;HFD;12;GAS;3;i;z;
0;27;;0,034124136;;34,12413579;HFD;12;GAS;3;i;z;
0;28;;0,042635991;;42,63599112;HFD;12;GAS;3;i;z;
0;29;;0,040913254;;40,91325381;HFD;12;GAS;3;i;z;
0;30;;0,033372985;;33,37298542;HFD;12;GAS;3;i;z;
0;31;;0,036956599;;36,95659872;HFD;12;GAS;3;i;z;
0;32;;0,042635998;;42,6359984;HFD;12;GAS;3;i;z;
0;33;;0,038436706;;38,43670578;HFD;12;GAS;3;i;z;
0;34;;0,044012799;;44,01279934;HFD;12;GAS;3;i;z;
0;35;;0,036764656;;36,76465559;HFD;12;GAS;3;i;z;
0;36;;0,036362856;;36,36285617;HFD;12;GAS;3;i;z;
0;37;;0,036506967;;36,50696653;HFD;12;GAS;3;i;z;
0;38;;0,029792487;;29,79248652;HFD;12;GAS;3;i;z;
0;39;;0,034796881;;34,7968806;HFD;12;GAS;3;i;z;
0;40;;0,037587;;37,58700041;HFD;12;GAS;3;i;z;
0;41;;0,039270002;;39,27000216;HFD;12;GAS;3;i;z;
0;42;;0,038181447;;38,18144688;HFD;12;GAS;3;i;z;
0;43;;0,039473378;;39,47337792;HFD;12;GAS;3;i;z;
0;44;;0,035871664;;35,87166354;HFD;12;GAS;3;i;z;
0;45;;0,032962933;;32,96293287;HFD;12;GAS;3;i;z;
0;46;;0,036465004;;36,46500409;HFD;12;GAS;3;i;z;
0;47;;0,042636006;;42,63600567;HFD;12;GAS;3;i;z;
0;48;;0,039270002;;39,27000216;HFD;12;GAS;3;i;z;
0;49;;0,037165573;;37,16557323;HFD;12;GAS;3;i;z;
0;50;;0,027834707;;27,83470711;HFD;12;GAS;3;i;z;
0;51;;0,031592365;;31,59236548;HFD;12;GAS;3;i;z;
0;52;;0,037028262;;37,02826191;HFD;12;GAS;3;i;z;
0;53;;0,041513995;;41,5139948;HFD;12;GAS;3;i;z;
0;54;;0,030252835;;30,25283528;HFD;12;GAS;3;i;z;
0;55;;0,038181211;;38,1812105;HFD;12;GAS;3;i;z;
0;56;;0,041931177;;41,93117702;HFD;12;GAS;3;i;z;
0;57;;0,031849459;;31,84945924;HFD;12;GAS;3;i;z;
0;58;;0,044875215;;44,87521501;HFD;12;GAS;3;i;z;
0;59;;0,047834106;;47,8341064;HFD;12;GAS;3;i;z;
0;60;;0,042022989;;42,02298887;HFD;12;GAS;3;i;z;
0;61;;0,041514009;;41,51400935;HFD;12;GAS;3;i;z;
0;62;;0,046690616;;46,69061592;HFD;12;GAS;3;i;z;
0;63;;0,035126253;;35,12625349;HFD;12;GAS;3;i;z;
0;64;;0,04147105;;41,47105049;HFD;12;GAS;3;i;z;
0;65;;0,046096669;;46,09666943;HFD;12;GAS;3;i;z;
0;66;;0,04015157;;40,15157026;HFD;12;GAS;3;i;z;
0;67;;0,048246002;;48,24600182;HFD;12;GAS;3;i;z;
0;68;;0,039269999;;39,26999943;HFD;12;GAS;3;i;z;
0;69;;0,048840457;;48,84045722;HFD;12;GAS;3;i;z;
0;70;;0,03988731;;39,88731029;HFD;12;GAS;3;i;z;
0;71;;0,052494393;;52,49439315;HFD;12;GAS;3;i;z;
0;72;;0,053283559;;53,28355922;HFD;12;GAS;3;i;z;
0;73;;0,045296689;;45,29668878;HFD;12;GAS;3;i;z;
0;74;;0,047869989;;47,86998917;HFD;12;GAS;3;i;z;
0;75;;0,052173011;;52,17301077;HFD;12;GAS;3;i;z;
0;76;;0,049440926;;49,4409257;HFD;12;GAS;3;i;z;
0;77;;0,0450658;;45,06579979;HFD;12;GAS;3;i;z;
0;78;;0,060457548;;60,45754827;HFD;12;GAS;3;i;z;
0;79;;0,053630103;;53,63010343;HFD;12;GAS;3;i;z;
0;80;;0,054172102;;54,17210232;HFD;12;GAS;3;i;z;
0;1;;0,039017857;;39,0178569;HFD;12;GAS;3;i;z003;
0;2;;0,035853884;;35,85388353;HFD;12;GAS;3;i;z003;
0;3;;0,038081936;;38,08193623;HFD;12;GAS;3;i;z003;
0;4;;0,04430835;;44,30834972;HFD;12;GAS;3;i;z003;
0;5;;0,048484896;;48,48489616;HFD;12;GAS;3;i;z003;
0;6;;0,040961523;;40,96152312;HFD;12;GAS;3;i;z003;
0;7;;0,043758002;;43,75800199;HFD;12;GAS;3;i;z003;
0;8;;0,043236964;;43,23696356;HFD;12;GAS;3;i;z003;
0;9;;0,046726619;;46,72661932;HFD;12;GAS;3;i;z003;
0;10;;0,046038127;;46,0381269;HFD;12;GAS;3;i;z003;
0;11;;0,047684996;;47,68499639;HFD;12;GAS;3;i;z003;
0;12;;0,043317382;;43,31738249;HFD;12;GAS;3;i;z003;
0;13;;0,050407969;;50,40796882;HFD;12;GAS;3;i;z003;
0;14;;0,04216685;;42,16684987;HFD;12;GAS;3;i;z003;
0;15;;0,047658985;;47,65898454;HFD;12;GAS;3;i;z003;
0;16;;0,046349635;;46,3496346;HFD;12;GAS;3;i;z003;
0;17;;0,049890989;;49,89098862;HFD;12;GAS;3;i;z003;
0;18;;0,053265182;;53,26518221;HFD;12;GAS;3;i;z003;
0;19;;0,047162117;;47,16211694;HFD;12;GAS;3;i;z003;
0;20;;0,044658445;;44,65844499;HFD;12;GAS;3;i;z003;
0;21;;0,052507464;;52,50746414;HFD;12;GAS;3;i;z003;
0;22;;0,041367524;;41,36752377;HFD;12;GAS;3;i;z003;
0;23;;0,045013253;;45,01325257;HFD;12;GAS;3;i;z003;
0;24;;0,047675055;;47,6750552;HFD;12;GAS;3;i;z003;
0;25;;0,038354022;;38,35402239;HFD;12;GAS;3;i;z003;
0;26;;0,045544263;;45,54426259;HFD;12;GAS;3;i;z003;
0;27;;0,051810498;;51,81049798;HFD;12;GAS;3;i;z003;
0;28;;0,045809953;;45,80995251;HFD;12;GAS;3;i;z003;
0;29;;0,045441004;;45,44100375;HFD;12;GAS;3;i;z003;
0;30;;0,049573184;;49,57318365;HFD;12;GAS;3;i;z003;
0;31;;0,054283155;;54,28315453;HFD;12;GAS;3;i;z003;
0;32;;0,049851036;;49,85103563;HFD;12;GAS;3;i;z003;
0;33;;0,047336038;;47,33603796;HFD;12;GAS;3;i;z003;
0;34;;0,054336468;;54,3364682;HFD;12;GAS;3;i;z003;
0;35;;0,054954746;;54,95474616;HFD;12;GAS;3;i;z003;
0;36;;0,053320006;;53,32000626;HFD;12;GAS;3;i;z003;
0;37;;0,049937503;;49,93750254;HFD;12;GAS;3;i;z003;
0;38;;0,054654043;;54,65404313;HFD;12;GAS;3;i;z003;
0;39;;0,046010873;;46,01087345;HFD;12;GAS;3;i;z003;
0;40;;0,051875733;;51,87573252;HFD;12;GAS;3;i;z003;
0;41;;0,045980438;;45,98043785;HFD;12;GAS;3;i;z003;
0;42;;0,051936344;;51,93634402;HFD;12;GAS;3;i;z003;
0;43;;0,04033938;;40,33938028;HFD;12;GAS;3;i;z003;
0;44;;0,043215308;;43,21530825;HFD;12;GAS;3;i;z003;
0;45;;0,053294993;;53,29499254;HFD;12;GAS;3;i;z003;
0;46;;0,056752121;;56,75212079;HFD;12;GAS;3;i;z003;
0;47;;0,049894759;;49,89475851;HFD;12;GAS;3;i;z003;
0;48;;0,050971966;;50,97196575;HFD;12;GAS;3;i;z003;
0;49;;0,046033466;;46,03346581;HFD;12;GAS;3;i;z003;
0;50;;0,049929018;;49,92901813;HFD;12;GAS;3;i;z003;
0;51;;0,056971017;;56,97101661;HFD;12;GAS;3;i;z003;
0;52;;0,045061604;;45,06160369;HFD;12;GAS;3;i;z003;
0;53;;0,056316687;;56,31668741;HFD;12;GAS;3;i;z003;
0;54;;0,050223569;;50,22356871;HFD;12;GAS;3;i;z003;
0;55;;0,054672888;;54,67288802;HFD;12;GAS;3;i;z003;
0;56;;0,053532692;;53,53269242;HFD;12;GAS;3;i;z003;
0;57;;0,053318619;;53,31861902;HFD;12;GAS;3;i;z003;
0;58;;0,048246002;;48,24600182;HFD;12;GAS;3;i;z003;
0;59;;0,054978002;;54,97800157;HFD;12;GAS;3;i;z003;
0;60;;0,049111216;;49,11121642;HFD;12;GAS;3;i;z003;
0;61;;0,049928989;;49,92898903;HFD;12;GAS;3;i;z003;
0;62;;0,046031951;;46,03195104;HFD;12;GAS;3;i;z003;
0;63;;0,054417003;;54,41700341;HFD;12;GAS;3;i;z003;
0;64;;0,041514002;;41,51400208;HFD;12;GAS;3;i;z003;
0;65;;0,049808617;;49,80861682;HFD;12;GAS;3;i;z003;
0;66;;0,055196245;;55,19624526;HFD;12;GAS;3;i;z003;
0;67;;0,059657239;;59,6572389;HFD;12;GAS;3;i;z003;
0;68;;0,048709049;;48,70904896;HFD;12;GAS;3;i;z003;
0;69;;0,053188028;;53,18802812;HFD;12;GAS;3;i;z003;
0;70;;0,055203134;;55,20313439;HFD;12;GAS;3;i;z003;
0;71;;0,053487592;;53,48759201;HFD;12;GAS;3;i;z003;
0;72;;0,058049408;;58,04940815;HFD;12;GAS;3;i;z003;
0;73;;0,053608511;;53,60851096;HFD;12;GAS;3;i;z003;
0;1;;0,026461594;;26,46159386;NCD;12;GAS;1;d;z;
0;2;;0,027371415;;27,37141466;NCD;12;GAS;1;d;z;
0;3;;0,031607349;;31,60734896;NCD;12;GAS;1;d;z;
0;4;;0,02554302;;25,54301961;NCD;12;GAS;1;d;z;
0;5;;0,025393843;;25,39384324;NCD;12;GAS;1;d;z;
0;6;;0,033489605;;33,4896052;NCD;12;GAS;1;d;z;
0;7;;0,032713377;;32,71337687;NCD;12;GAS;1;d;z;
0;8;;0,032131662;;32,13166247;NCD;12;GAS;1;d;z;
0;9;;0,027334031;;27,33403097;NCD;12;GAS;1;d;z;
0;10;;0,034670694;;34,67069378;NCD;12;GAS;1;d;z;
0;11;;0,026679379;;26,67937874;NCD;12;GAS;1;d;z;
0;12;;0,034207178;;34,20717823;NCD;12;GAS;1;d;z;
0;13;;0,037166726;;37,16672631;NCD;12;GAS;1;d;z;
0;14;;0,035305168;;35,30516788;NCD;12;GAS;1;d;z;
0;15;;0,037281529;;37,28152871;NCD;12;GAS;1;d;z;
0;16;;0,030855001;;30,85500066;NCD;12;GAS;1;d;z;
0;17;;0,033593244;;33,59324397;NCD;12;GAS;1;d;z;
0;18;;0,034782002;;34,78200233;NCD;12;GAS;1;d;z;
0;19;;0,031977004;;31,97700426;NCD;12;GAS;1;d;z;
0;20;;0,034936836;;34,93683641;NCD;12;GAS;1;d;z;
0;21;;0,039330399;;39,33039887;NCD;12;GAS;1;d;z;
0;22;;0,038148006;;38,14800584;NCD;12;GAS;1;d;z;
0;23;;0,038147991;;38,14799129;NCD;12;GAS;1;d;z;
0;24;;0,034792785;;34,79278511;NCD;12;GAS;1;d;z;
0;25;;0,040257239;;40,25723935;NCD;12;GAS;1;d;z;
0;26;;0,036019964;;36,01996427;NCD;12;GAS;1;d;z;
0;27;;0,038548567;;38,54856665;NCD;12;GAS;1;d;z;
0;28;;0,034443065;;34,44306506;NCD;12;GAS;1;d;z;
0;29;;0,037972906;;37,97290556;NCD;12;GAS;1;d;z;
0;30;;0,04307729;;43,07729;NCD;12;GAS;1;d;z;
0;31;;0,042748281;;42,74828061;NCD;12;GAS;1;d;z;
0;32;;0,044197954;;44,19795417;NCD;12;GAS;1;d;z;
0;33;;0,040391984;;40,39198393;NCD;12;GAS;1;d;z;
0;34;;0,042745302;;42,74530219;NCD;12;GAS;1;d;z;
0;35;;0,042297561;;42,29756054;NCD;12;GAS;1;d;z;
0;36;;0,037459294;;37,4592938;NCD;12;GAS;1;d;z;
0;37;;0,042719216;;42,71921591;NCD;12;GAS;1;d;z;
0;38;;0,040137375;;40,13737483;NCD;12;GAS;1;d;z;
0;39;;0,040927423;;40,92742298;NCD;12;GAS;1;d;z;
0;40;;0,035296402;;35,29640197;NCD;12;GAS;1;d;z;
0;41;;0,047239631;;47,23963087;NCD;12;GAS;1;d;z;
0;42;;0,03608777;;36,08776956;NCD;12;GAS;1;d;z;
0;43;;0,043886454;;43,88645357;NCD;12;GAS;1;d;z;
0;44;;0,043197011;;43,19701111;NCD;12;GAS;1;d;z;
0;45;;0,039625909;;39,62590942;NCD;12;GAS;1;d;z;
0;46;;0,0388894;;38,88940018;NCD;12;GAS;1;d;z;
0;47;;0,046563015;;46,56301462;NCD;12;GAS;1;d;z;
0;48;;0,034588229;;34,58822856;NCD;12;GAS;1;d;z;
0;49;;0,045107085;;45,10708536;NCD;12;GAS;1;d;z;
0;50;;0,045300434;;45,30043353;NCD;12;GAS;1;d;z;
0;51;;0,045818413;;45,81841337;NCD;12;GAS;1;d;z;
0;52;;0,037085937;;37,08593658;NCD;12;GAS;1;d;z;
0;53;;0,044761721;;44,76172058;NCD;12;GAS;1;d;z;
0;54;;0,039659509;;39,6595093;NCD;12;GAS;1;d;z;
0;55;;0,043680407;;43,68040728;NCD;12;GAS;1;d;z;
0;56;;0,035522903;;35,52290332;NCD;12;GAS;1;d;z;
0;57;;0,041975104;;41,97510444;NCD;12;GAS;1;d;z;
0;58;;0,039738811;;39,73881124;NCD;12;GAS;1;d;z;
0;59;;0,040725932;;40,72593193;NCD;12;GAS;1;d;z;
0;60;;0,050603523;;50,60352296;NCD;12;GAS;1;d;z;
0;61;;0,040795814;;40,79581411;NCD;12;GAS;1;d;z;
0;62;;0,034768874;;34,7688742;NCD;12;GAS;1;d;z;
0;63;;0,036473752;;36,47375153;NCD;12;GAS;1;d;z;
0;64;;0,046329845;;46,32984452;NCD;12;GAS;1;d;z;
0;65;;0,042195881;;42,19588118;NCD;12;GAS;1;d;z;
0;66;;0,047123998;;47,12399823;NCD;12;GAS;1;d;z;
0;67;;0,045381851;;45,3818513;NCD;12;GAS;1;d;z;
0;68;;0,043718507;;43,71850681;NCD;12;GAS;1;d;z;
0;69;;0,037954234;;37,95423377;NCD;12;GAS;1;d;z;
0;70;;0,053511969;;53,51196871;NCD;12;GAS;1;d;z;
0;71;;0,046761495;;46,76149453;NCD;12;GAS;1;d;z;
0;72;;0,038054312;;38,05431241;NCD;12;GAS;1;d;z;
0;73;;0,044825633;;44,82563264;NCD;12;GAS;1;d;z;
0;74;;0,032404561;;32,40456133;NCD;12;GAS;1;d;z;
0;75;;0,048806978;;48,80697816;NCD;12;GAS;1;d;z;
0;76;;0,044773772;;44,77377186;NCD;12;GAS;1;d;z;
0;77;;0,041234043;;41,23404335;NCD;12;GAS;1;d;z;
0;78;;0,041514024;;41,51402391;NCD;12;GAS;1;d;z;
0;79;;0,055360558;;55,36055764;NCD;12;GAS;1;d;z;
0;80;;0,045028879;;45,02887911;NCD;12;GAS;1;d;z;
0;81;;0,043663984;;43,66398397;NCD;12;GAS;1;d;z;
0;82;;0,043053048;;43,05304779;NCD;12;GAS;1;d;z;
0;83;;0,042753714;;42,75371395;NCD;12;GAS;1;d;z;
0;84;;0,051976033;;51,97603342;NCD;12;GAS;1;d;z;
0;85;;0,039813971;;39,81397138;NCD;12;GAS;1;d;z;
0;86;;0,045650277;;45,6502765;NCD;12;GAS;1;d;z;
0;87;;0,054707797;;54,70779672;NCD;12;GAS;1;d;z;
0;88;;0,050445812;;50,44581234;NCD;12;GAS;1;d;z;
0;89;;0,048855899;;48,85589903;NCD;12;GAS;1;d;z;
0;90;;0,055696882;;55,69688165;NCD;12;GAS;1;d;z;
0;91;;0,054828645;;54,82864485;NCD;12;GAS;1;d;z;
0;92;;0,050489996;;50,48999628;NCD;12;GAS;1;d;z;
0;93;;0,038924445;;38,92444509;NCD;12;GAS;1;d;z;
0;94;;0,051245535;;51,24553472;NCD;12;GAS;1;d;z;
0;95;;0,041106357;;41,10635726;NCD;12;GAS;1;d;z;
0;96;;0,048760644;;48,76064424;NCD;12;GAS;1;d;z;
0;97;;0,053813577;;53,81357657;NCD;12;GAS;1;d;z;
0;98;;0,052650986;;52,65098608;NCD;12;GAS;1;d;z;
0;99;;0,047123998;;47,12399823;NCD;12;GAS;1;d;z;
0;100;;0,041954799;;41,95479937;NCD;12;GAS;1;d;z;
0;101;;0,040823679;;40,82367902;NCD;12;GAS;1;d;z;
0;102;;0,042636001;;42,63600113;NCD;12;GAS;1;d;z;
0;103;;0,043377915;;43,37791484;NCD;12;GAS;1;d;z;
0;1;;0,030855008;;30,85500794;NCD;12;GAS;1;d;z001;
0;2;;0,033418327;;33,41832726;NCD;12;GAS;1;d;z001;
0;3;;0,030609606;;30,60960619;NCD;12;GAS;1;d;z001;
0;4;;0,036489107;;36,4891067;NCD;12;GAS;1;d;z001;
0;5;;0,03104694;;31,04694045;NCD;12;GAS;1;d;z001;
0;6;;0,036387885;;36,38788462;NCD;12;GAS;1;d;z001;
0;7;;0,036984274;;36,9842738;NCD;12;GAS;1;d;z001;
0;8;;0,032978181;;32,97818104;NCD;12;GAS;1;d;z001;
0;9;;0,03250755;;32,50755025;NCD;12;GAS;1;d;z001;
0;10;;0,039961889;;39,96188948;NCD;12;GAS;1;d;z001;
0;11;;0,041415439;;41,41543933;NCD;12;GAS;1;d;z001;
0;12;;0,037025995;;37,02599497;NCD;12;GAS;1;d;z001;
0;13;;0,041513995;;41,5139948;NCD;12;GAS;1;d;z001;
0;14;;0,041602467;;41,60246716;NCD;12;GAS;1;d;z001;
0;15;;0,039891006;;39,89100645;NCD;12;GAS;1;d;z001;
0;16;;0,039031042;;39,03104189;NCD;12;GAS;1;d;z001;
0;17;;0,032985105;;32,98510503;NCD;12;GAS;1;d;z001;
0;18;;0,031203821;;31,2038214;NCD;12;GAS;1;d;z001;
0;19;;0,033362719;;33,36271901;NCD;12;GAS;1;d;z001;
0;20;;0,041795474;;41,79547395;NCD;12;GAS;1;d;z001;
0;21;;0,043942943;;43,94294338;NCD;12;GAS;1;d;z001;
0;22;;0,045128396;;45,12839561;NCD;12;GAS;1;d;z001;
0;23;;0,038708997;;38,70899673;NCD;12;GAS;1;d;z001;
0;24;;0,0405834;;40,58340018;NCD;12;GAS;1;d;z001;
0;25;;0,027636663;;27,63666314;NCD;12;GAS;1;d;z001;
0;26;;0,035355835;;35,35583541;NCD;12;GAS;1;d;z001;
0;27;;0,036466176;;36,46617601;NCD;12;GAS;1;d;z001;
0;28;;0,040391998;;40,39199848;NCD;12;GAS;1;d;z001;
0;29;;0,03835001;;38,35001009;NCD;12;GAS;1;d;z001;
0;30;;0,039153114;;39,15311421;NCD;12;GAS;1;d;z001;
0;31;;0,038873762;;38,8737615;NCD;12;GAS;1;d;z001;
0;32;;0,043914119;;43,91411879;NCD;12;GAS;1;d;z001;
0;33;;0,043001815;;43,00181531;NCD;12;GAS;1;d;z001;
0;34;;0,036127728;;36,12772777;NCD;12;GAS;1;d;z001;
0;35;;0,024212104;;24,21210427;NCD;12;GAS;1;d;z001;
0;36;;0,04077604;;40,77603962;NCD;12;GAS;1;d;z001;
0;37;;0,045411231;;45,41123104;NCD;12;GAS;1;d;z001;
0;38;;0,042445509;;42,44550874;NCD;12;GAS;1;d;z001;
0;39;;0,042017588;;42,01758757;NCD;12;GAS;1;d;z001;
0;40;;0,044214917;;44,21491655;NCD;12;GAS;1;d;z001;
0;41;;0,044879998;;44,87999831;NCD;12;GAS;1;d;z001;
0;42;;0,047477409;;47,47740908;NCD;12;GAS;1;d;z001;
0;43;;0,044319;;44,31900015;NCD;12;GAS;1;d;z001;
0;44;;0,034363049;;34,3630488;NCD;12;GAS;1;d;z001;
0;45;;0,045191908;;45,19190799;NCD;12;GAS;1;d;z001;
0;46;;0,047684996;;47,68499639;NCD;12;GAS;1;d;z001;
0;47;;0,040114789;;40,11478921;NCD;12;GAS;1;d;z001;
0;48;;0,041004875;;41,00487503;NCD;12;GAS;1;d;z001;
0;49;;0,037853772;;37,85377217;NCD;12;GAS;1;d;z001;
0;50;;0,041233597;;41,2335973;NCD;12;GAS;1;d;z001;
0;51;;0,039285874;;39,28587409;NCD;12;GAS;1;d;z001;
0;52;;0,035866887;;35,86688672;NCD;12;GAS;1;d;z001;
0;53;;0,037147646;;37,14764587;NCD;12;GAS;1;d;z001;
0;54;;0,041961179;;41,96117878;NCD;12;GAS;1;d;z001;
0;55;;0,046543567;;46,54356665;NCD;12;GAS;1;d;z001;
0;56;;0,047770063;;47,77006322;NCD;12;GAS;1;d;z001;
0;57;;0,040134681;;40,13468137;NCD;12;GAS;1;d;z001;
0;58;;0,049284661;;49,28466126;NCD;12;GAS;1;d;z001;
0;59;;0,043293368;;43,29336802;NCD;12;GAS;1;d;z001;
0;60;;0,038252589;;38,25258918;NCD;12;GAS;1;d;z001;
0;61;;0,050489994;;50,48999446;NCD;12;GAS;1;d;z001;
0;62;;0,042799352;;42,79935175;NCD;12;GAS;1;d;z001;
0;63;;0,040881967;;40,88196739;NCD;12;GAS;1;d;z001;
0;64;;0,042956391;;42,95639094;NCD;12;GAS;1;d;z001;
0;65;;0,037348152;;37,34815205;NCD;12;GAS;1;d;z001;
0;66;;0,041907392;;41,9073919;NCD;12;GAS;1;d;z001;
0;67;;0,046002009;;46,00200919;NCD;12;GAS;1;d;z001;
0;68;;0,04071134;;40,71133964;NCD;12;GAS;1;d;z001;
0;69;;0,04913071;;49,13071037;NCD;12;GAS;1;d;z001;
0;70;;0,052978067;;52,97806673;NCD;12;GAS;1;d;z001;
0;71;;0,04537685;;45,37685031;NCD;12;GAS;1;d;z001;
0;72;;0,046332984;;46,33298398;NCD;12;GAS;1;d;z001;
0;73;;0,043760529;;43,76052904;NCD;12;GAS;1;d;z001;
0;74;;0,048914018;;48,91401793;NCD;12;GAS;1;d;z001;
0;75;;0,047526141;;47,52614077;NCD;12;GAS;1;d;z001;
0;76;;0,042455309;;42,4553093;NCD;12;GAS;1;d;z001;
0;77;;0,033995222;;33,99522169;NCD;12;GAS;1;d;z001;
0;78;;0,045545023;;45,54502301;NCD;12;GAS;1;d;z001;
0;79;;0,036862969;;36,8629687;NCD;12;GAS;1;d;z001;
0;80;;0,043145396;;43,14539612;NCD;12;GAS;1;d;z001;
0;81;;0,032359862;;32,35986206;NCD;12;GAS;1;d;z001;
0;82;;0,050490024;;50,49002357;NCD;12;GAS;1;d;z001;
0;83;;0,049230065;;49,23006487;NCD;12;GAS;1;d;z001;
0;84;;0,041759318;;41,75931774;NCD;12;GAS;1;d;z001;
0;85;;0,049367672;;49,36767165;NCD;12;GAS;1;d;z001;
0;86;;0,029643333;;29,64333269;NCD;12;GAS;1;d;z001;
0;87;;0,041789926;;41,78992592;NCD;12;GAS;1;d;z001;
0;88;;0,045441004;;45,44100375;NCD;12;GAS;1;d;z001;
0;89;;0,050675495;;50,67549546;NCD;12;GAS;1;d;z001;
0;90;;0,041541339;;41,54133947;NCD;12;GAS;1;d;z001;
0;91;;0,050858341;;50,85834096;NCD;12;GAS;1;d;z001;
0;92;;0,048735879;;48,73587888;NCD;12;GAS;1;d;z001;
0;93;;0,045441004;;45,44100375;NCD;12;GAS;1;d;z001;
0;94;;0,053855998;;53,85599798;NCD;12;GAS;1;d;z001;
0;95;;0,054709124;;54,70912369;NCD;12;GAS;1;d;z001;
0;96;;0,040094055;;40,09405452;NCD;12;GAS;1;d;z001;
0;97;;0,046480986;;46,48098649;NCD;12;GAS;1;d;z001;
0;98;;0,04462911;;44,62910967;NCD;12;GAS;1;d;z001;
0;99;;0,050131325;;50,13132494;NCD;12;GAS;1;d;z001;
0;100;;0,04667754;;46,67754001;NCD;12;GAS;1;d;z001;
0;101;;0,048342091;;48,34209059;NCD;12;GAS;1;d;z001;
0;102;;0,045943828;;45,94382832;NCD;12;GAS;1;d;z001;
0;103;;0,062681933;;62,68193288;NCD;12;GAS;1;d;z001;
0;104;;0,035880898;;35,88089805;NCD;12;GAS;1;d;z001;
0;1;;0,024849673;;24,84967251;NCD;12;GAS;1;d;z002;
0;2;;0,025111382;;25,11138153;NCD;12;GAS;1;d;z002;
0;3;;0,028601118;;28,60111836;NCD;12;GAS;1;d;z002;
0;4;;0,025285025;;25,28502516;NCD;12;GAS;1;d;z002;
0;5;;0,035296434;;35,29643421;NCD;12;GAS;1;d;z002;
0;6;;0,038819541;;38,81954102;NCD;12;GAS;1;d;z002;
0;7;;0,041638839;;41,63883929;NCD;12;GAS;1;d;z002;
0;8;;0,039210437;;39,21043716;NCD;12;GAS;1;d;z002;
0;9;;0,036989121;;36,98912132;NCD;12;GAS;1;d;z002;
0;10;;0,03814802;;38,14802039;NCD;12;GAS;1;d;z002;
0;11;;0,03059066;;30,59066033;NCD;12;GAS;1;d;z002;
0;12;;0,042979008;;42,9790078;NCD;12;GAS;1;d;z002;
0;13;;0,031417319;;31,41731869;NCD;12;GAS;1;d;z002;
0;14;;0,033298025;;33,29802463;NCD;12;GAS;1;d;z002;
0;15;;0,028958157;;28,95815707;NCD;12;GAS;1;d;z002;
0;16;;0,034600191;;34,60019054;NCD;12;GAS;1;d;z002;
0;17;;0,038539894;;38,53989361;NCD;12;GAS;1;d;z002;
0;18;;0,043202615;;43,20261455;NCD;12;GAS;1;d;z002;
0;19;;0,040442928;;40,44292836;NCD;12;GAS;1;d;z002;
0;20;;0,040792141;;40,79214142;NCD;12;GAS;1;d;z002;
0;21;;0,040593428;;40,59342779;NCD;12;GAS;1;d;z002;
0;22;;0,042129979;;42,12997868;NCD;12;GAS;1;d;z002;
0;23;;0,031013205;;31,01320467;NCD;12;GAS;1;d;z002;
0;24;;0,032847963;;32,84796315;NCD;12;GAS;1;d;z002;
0;25;;0,048166588;;48,16658808;NCD;12;GAS;1;d;z002;
0;26;;0,041255457;;41,25545707;NCD;12;GAS;1;d;z002;
0;27;;0,037953685;;37,95368453;NCD;12;GAS;1;d;z002;
0;28;;0,037987431;;37,98743072;NCD;12;GAS;1;d;z002;
0;29;;0,035693729;;35,69372935;NCD;12;GAS;1;d;z002;
0;30;;0,041970675;;41,97067541;NCD;12;GAS;1;d;z002;
0;31;;0,039961668;;39,96166835;NCD;12;GAS;1;d;z002;
0;32;;0,044165232;;44,16523238;NCD;12;GAS;1;d;z002;
0;33;;0,039713634;;39,7136341;NCD;12;GAS;1;d;z002;
0;34;;0,048246002;;48,24600182;NCD;12;GAS;1;d;z002;
0;35;;0,04742378;;47,42378042;NCD;12;GAS;1;d;z002;
0;36;;0,049315342;;49,31534162;NCD;12;GAS;1;d;z002;
0;37;;0,035667128;;35,66712816;NCD;12;GAS;1;d;z002;
0;38;;0,03616046;;36,16046017;NCD;12;GAS;1;d;z002;
0;39;;0,050928005;;50,92800549;NCD;12;GAS;1;d;z002;
0;40;;0,049941802;;49,94180249;NCD;12;GAS;1;d;z002;
0;41;;0,041347398;;41,34739763;NCD;12;GAS;1;d;z002;
0;42;;0,040305109;;40,30510867;NCD;12;GAS;1;d;z002;
0;43;;0,045912298;;45,9122982;NCD;12;GAS;1;d;z002;
0;44;;0,034334963;;34,33496333;NCD;12;GAS;1;d;z002;
0;45;;0,040133389;;40,13338856;NCD;12;GAS;1;d;z002;
0;46;;0,044668364;;44,66836438;NCD;12;GAS;1;d;z002;
0;47;;0,052253091;;52,25309135;NCD;12;GAS;1;d;z002;
0;48;;0,041743154;;41,74315358;NCD;12;GAS;1;d;z002;
0;49;;0,052216695;;52,21669536;NCD;12;GAS;1;d;z002;
0;50;;0,041923233;;41,92323259;NCD;12;GAS;1;d;z002;
0;51;;0,050467724;;50,46772387;NCD;12;GAS;1;d;z002;
0;52;;0,047120048;;47,12004818;NCD;12;GAS;1;d;z002;
0;53;;0,037095889;;37,09588879;NCD;12;GAS;1;d;z002;
0;54;;0,045074579;;45,07457889;NCD;12;GAS;1;d;z002;
0;55;;0,049474228;;49,47422798;NCD;12;GAS;1;d;z002;
0;56;;0,049430586;;49,43058638;NCD;12;GAS;1;d;z002;
0;57;;0,04936578;;49,36578027;NCD;12;GAS;1;d;z002;
0;58;;0,040358962;;40,35896206;NCD;12;GAS;1;d;z002;
0;59;;0,043178248;;43,17824828;NCD;12;GAS;1;d;z002;
0;60;;0,052717459;;52,71745882;NCD;12;GAS;1;d;z002;
0;61;;0,049262712;;49,26271241;NCD;12;GAS;1;d;z002;
0;62;;0,047935347;;47,93534728;NCD;12;GAS;1;d;z002;
0;63;;0,047207107;;47,20710672;NCD;12;GAS;1;d;z002;
0;64;;0,052184465;;52,18446458;NCD;12;GAS;1;d;z002;
0;65;;0,050848798;;50,84879784;NCD;12;GAS;1;d;z002;
0;66;;0,038060838;;38,06083761;NCD;12;GAS;1;d;z002;
0;67;;0,042802623;;42,80262333;NCD;12;GAS;1;d;z002;
0;68;;0,041587561;;41,58756081;NCD;12;GAS;1;d;z002;
0;69;;0,035970989;;35,97098864;NCD;12;GAS;1;d;z002;
0;70;;0,043198607;;43,19860709;NCD;12;GAS;1;d;z002;
0;71;;0,05269444;;52,69443971;NCD;12;GAS;1;d;z002;
0;72;;0,044704483;;44,70448264;NCD;12;GAS;1;d;z002;
0;73;;0,037167322;;37,16732154;NCD;12;GAS;1;d;z002;
0;74;;0,042559648;;42,55964809;NCD;12;GAS;1;d;z002;
0;75;;0,047367833;;47,36783323;NCD;12;GAS;1;d;z002;
0;76;;0,049617563;;49,61756285;NCD;12;GAS;1;d;z002;
0;77;;0,057183639;;57,18363887;NCD;12;GAS;1;d;z002;
0;78;;0,048835054;;48,83505354;NCD;12;GAS;1;d;z002;
0;79;;0,045105886;;45,10588586;NCD;12;GAS;1;d;z002;
0;80;;0,046712944;;46,71294433;NCD;12;GAS;1;d;z002;
0;81;;0,051372555;;51,37255516;NCD;12;GAS;1;d;z002;
0;82;;0,052191477;;52,19147715;NCD;12;GAS;1;d;z002;
0;83;;0,037640575;;37,640575;NCD;12;GAS;1;d;z002;
0;84;;0,042618016;;42,61801621;NCD;12;GAS;1;d;z002;
0;85;;0,046356334;;46,35633369;NCD;12;GAS;1;d;z002;
0;86;;0,04320809;;43,20809047;NCD;12;GAS;1;d;z002;
0;87;;0,044055668;;44,05566806;NCD;12;GAS;1;d;z002;
0;88;;0,04798038;;47,98037964;NCD;12;GAS;1;d;z002;
0;89;;0,047994341;;47,99434129;NCD;12;GAS;1;d;z002;
0;90;;0,059135479;;59,13547911;NCD;12;GAS;1;d;z002;
0;91;;0,045914718;;45,91471803;NCD;12;GAS;1;d;z002;
0;92;;0,050777384;;50,77738409;NCD;12;GAS;1;d;z002;
0;93;;0,046480071;;46,48007091;NCD;12;GAS;1;d;z002;
0;94;;0,050897816;;50,89781551;NCD;12;GAS;1;d;z002;
0;95;;0,05634736;;56,34736039;NCD;12;GAS;1;d;z002;
0;96;;0,045524682;;45,52468222;NCD;12;GAS;1;d;z002;
0;97;;0,05833167;;58,33167018;NCD;12;GAS;1;d;z002;
0;1;;0,024837839;;24,83783887;NCD;12;GAS;1;i;z;
0;2;;0,028610993;;28,61099347;NCD;12;GAS;1;i;z;
0;3;;0,022743057;;22,7430571;NCD;12;GAS;1;i;z;
0;4;;0,024878693;;24,87869348;NCD;12;GAS;1;i;z;
0;5;;0,027010923;;27,01092308;NCD;12;GAS;1;i;z;
0;6;;0,026568539;;26,56853902;NCD;12;GAS;1;i;z;
0;7;;0,030859089;;30,85908915;NCD;12;GAS;1;i;z;
0;8;;0,021318003;;21,31800284;NCD;12;GAS;1;i;z;
0;9;;0,0365736;;36,57360034;NCD;12;GAS;1;i;z;
0;10;;0,034781988;;34,78198778;NCD;12;GAS;1;i;z;
0;11;;0,034095465;;34,09546474;NCD;12;GAS;1;i;z;
0;12;;0,033586629;;33,58662898;NCD;12;GAS;1;i;z;
0;13;;0,037258661;;37,25866099;NCD;12;GAS;1;i;z;
0;14;;0,044319007;;44,31900743;NCD;12;GAS;1;i;z;
0;15;;0,040392793;;40,3927931;NCD;12;GAS;1;i;z;
0;16;;0,038236466;;38,23646552;NCD;12;GAS;1;i;z;
0;17;;0,04260528;;42,60527998;NCD;12;GAS;1;i;z;
0;18;;0,040953018;;40,95301847;NCD;12;GAS;1;i;z;
0;19;;0,040952989;;40,95298937;NCD;12;GAS;1;i;z;
0;20;;0,04171605;;41,71604994;NCD;12;GAS;1;i;z;
0;21;;0,037585413;;37,5854126;NCD;12;GAS;1;i;z;
0;22;;0,045913856;;45,91385616;NCD;12;GAS;1;i;z;
0;23;;0,040856715;;40,85671541;NCD;12;GAS;1;i;z;
0;24;;0,03311139;;33,11139042;NCD;12;GAS;1;i;z;
0;25;;0,043111586;;43,1115859;NCD;12;GAS;1;i;z;
0;26;;0,036816679;;36,81667924;NCD;12;GAS;1;i;z;
0;27;;0,044473244;;44,47324403;NCD;12;GAS;1;i;z;
0;28;;0,042075;;42,07500024;NCD;12;GAS;1;i;z;
0;29;;0,042403664;;42,40366386;NCD;12;GAS;1;i;z;
0;30;;0,035721888;;35,72188816;NCD;12;GAS;1;i;z;
0;31;;0,047498368;;47,49836795;NCD;12;GAS;1;i;z;
0;32;;0,047685011;;47,68501094;NCD;12;GAS;1;i;z;
0;33;;0,047424334;;47,42433426;NCD;12;GAS;1;i;z;
0;34;;0,04017072;;40,17072027;NCD;12;GAS;1;i;z;
0;35;;0,039718237;;39,71823732;NCD;12;GAS;1;i;z;
0;36;;0,047787407;;47,78740668;NCD;12;GAS;1;i;z;
0;37;;0,049816898;;49,81689813;NCD;12;GAS;1;i;z;
0;38;;0,04559402;;45,59402027;NCD;12;GAS;1;i;z;
0;39;;0,047684996;;47,68499639;NCD;12;GAS;1;i;z;
0;40;;0,045619354;;45,61935361;NCD;12;GAS;1;i;z;
0;41;;0,043963067;;43,96306696;NCD;12;GAS;1;i;z;
0;42;;0,035903999;;35,90399865;NCD;12;GAS;1;i;z;
0;43;;0,05139701;;51,39700957;NCD;12;GAS;1;i;z;
0;44;;0,047835957;;47,83595741;NCD;12;GAS;1;i;z;
0;45;;0,045121674;;45,12167373;NCD;12;GAS;1;i;z;
0;46;;0,046787502;;46,78750217;NCD;12;GAS;1;i;z;
0;47;;0,047980565;;47,98056494;NCD;12;GAS;1;i;z;
0;48;;0,047603015;;47,60301529;NCD;12;GAS;1;i;z;
0;49;;0,050828348;;50,82834837;NCD;12;GAS;1;i;z;
0;50;;0,03803009;;38,03009038;NCD;12;GAS;1;i;z;
0;51;;0,047205757;;47,20575655;NCD;12;GAS;1;i;z;
0;52;;0,053661613;;53,66161341;NCD;12;GAS;1;i;z;
0;53;;0,039335645;;39,33564499;NCD;12;GAS;1;i;z;
0;54;;0,057558433;;57,55843278;NCD;12;GAS;1;i;z;
0;55;;0,042218471;;42,21847146;NCD;12;GAS;1;i;z;
0;56;;0,037851961;;37,85196104;NCD;12;GAS;1;i;z;
0;57;;0,049226413;;49,22641303;NCD;12;GAS;1;i;z;
0;58;;0,044166152;;44,16615242;NCD;12;GAS;1;i;z;
0;59;;0,048451479;;48,45147905;NCD;12;GAS;1;i;z;
0;60;;0,047382922;;47,38292234;NCD;12;GAS;1;i;z;
0;61;;0,043734823;;43,73482257;NCD;12;GAS;1;i;z;
0;62;;0,055369545;;55,36954489;NCD;12;GAS;1;i;z;
0;63;;0,042058636;;42,05863582;NCD;12;GAS;1;i;z;
0;64;;0,04462911;;44,62910967;NCD;12;GAS;1;i;z;
0;65;;0,051999408;;51,99940828;NCD;12;GAS;1;i;z;
0;66;;0,043546906;;43,54690627;NCD;12;GAS;1;i;z;
0;67;;0,042075;;42,07500024;NCD;12;GAS;1;i;z;
0;68;;0,050043181;;50,04318102;NCD;12;GAS;1;i;z;
0;69;;0,047727916;;47,7279159;NCD;12;GAS;1;i;z;
0;70;;0,045136239;;45,13623862;NCD;12;GAS;1;i;z;
0;71;;0,050870814;;50,87081387;NCD;12;GAS;1;i;z;
0;72;;0,045522489;;45,52248907;NCD;12;GAS;1;i;z;
0;73;;0,051158058;;51,15805806;NCD;12;GAS;1;i;z;
0;74;;0,056969557;;56,96955687;NCD;12;GAS;1;i;z;
0;75;;0,053853761;;53,85376056;NCD;12;GAS;1;i;z;
0;76;;0,047605102;;47,60510152;NCD;12;GAS;1;i;z;
0;77;;0,055286464;;55,28646386;NCD;12;GAS;1;i;z;
0;78;;0,054978009;;54,97800885;NCD;12;GAS;1;i;z;
0;79;;0,046651126;;46,65112649;NCD;12;GAS;1;i;z;
0;80;;0,047668489;;47,66848884;NCD;12;GAS;1;i;z;
0;81;;0,049521785;;49,52178529;NCD;12;GAS;1;i;z;
0;82;;0,046101066;;46,10106606;NCD;12;GAS;1;i;z;
0;83;;0,045368642;;45,36864245;NCD;12;GAS;1;i;z;
0;84;;0,043654327;;43,65432742;NCD;12;GAS;1;i;z;
0;85;;0,05886145;;58,86144972;NCD;12;GAS;1;i;z;
0;86;;0,051743241;;51,74324133;NCD;12;GAS;1;i;z;
0;87;;0,056001524;;56,00152427;NCD;12;GAS;1;i;z;
0;88;;0,042655082;;42,65508225;NCD;12;GAS;1;i;z;
0;89;;0,050838684;;50,83868413;NCD;12;GAS;1;i;z;
0;90;;0,043627022;;43,62702244;NCD;12;GAS;1;i;z;
0;91;;0,05866119;;58,66119034;NCD;12;GAS;1;i;z;
0;92;;0,046885047;;46,88504714;NCD;12;GAS;1;i;z;
0;93;;0,046226791;;46,22679071;NCD;12;GAS;1;i;z;
0;94;;0,056263413;;56,26341255;NCD;12;GAS;1;i;z;
0;95;;0,057496623;;57,49662321;NCD;12;GAS;1;i;z;
0;96;;0,058802225;;58,80222522;NCD;12;GAS;1;i;z;
0;97;;0,060331787;;60,33178688;NCD;12;GAS;1;i;z;
0;98;;0,052646789;;52,64678886;NCD;12;GAS;1;i;z;
0;99;;0,051101065;;51,1010654;NCD;12;GAS;1;i;z;
0;100;;0,049327868;;49,32786796;NCD;12;GAS;1;i;z;
0;101;;0,054268165;;54,26816522;NCD;12;GAS;1;i;z;
0;1;;0,022556315;;22,55631471;NCD;12;GAS;1;i;z001;
0;2;;0,02586901;;25,86901;NCD;12;GAS;1;i;z001;
0;3;;0,023834258;;23,83425825;NCD;12;GAS;1;i;z001;
0;4;;0,029645929;;29,64592931;NCD;12;GAS;1;i;z001;
0;5;;0,029977203;;29,97720295;NCD;12;GAS;1;i;z001;
0;6;;0,037026002;;37,02600225;NCD;12;GAS;1;i;z001;
0;7;;0,032855536;;32,85553619;NCD;12;GAS;1;i;z001;
0;8;;0,039956622;;39,95662189;NCD;12;GAS;1;i;z001;
0;9;;0,03689189;;36,89188971;NCD;12;GAS;1;i;z001;
0;10;;0,037587015;;37,58701496;NCD;12;GAS;1;i;z001;
0;11;;0,033830526;;33,83052602;NCD;12;GAS;1;i;z001;
0;12;;0,037284068;;37,28406844;NCD;12;GAS;1;i;z001;
0;13;;0,041513995;;41,5139948;NCD;12;GAS;1;i;z001;
0;14;;0,038204735;;38,20473471;NCD;12;GAS;1;i;z001;
0;15;;0,039199581;;39,19958104;NCD;12;GAS;1;i;z001;
0;16;;0,040884553;;40,88455304;NCD;12;GAS;1;i;z001;
0;17;;0,042636006;;42,63600567;NCD;12;GAS;1;i;z001;
0;18;;0,042075029;;42,07502934;NCD;12;GAS;1;i;z001;
0;19;;0,033575852;;33,57585156;NCD;12;GAS;1;i;z001;
0;20;;0,041513995;;41,5139948;NCD;12;GAS;1;i;z001;
0;21;;0,043443682;;43,44368212;NCD;12;GAS;1;i;z001;
0;22;;0,041365829;;41,36582929;NCD;12;GAS;1;i;z001;
0;23;;0,042917503;;42,91750324;NCD;12;GAS;1;i;z001;
0;24;;0,043758002;;43,75800199;NCD;12;GAS;1;i;z001;
0;25;;0,037337784;;37,33778412;NCD;12;GAS;1;i;z001;
0;26;;0,03728857;;37,28857017;NCD;12;GAS;1;i;z001;
0;27;;0,039081879;;39,08187872;NCD;12;GAS;1;i;z001;
0;28;;0,043981386;;43,98138598;NCD;12;GAS;1;i;z001;
0;29;;0,045295702;;45,29570211;NCD;12;GAS;1;i;z001;
0;30;;0,036648735;;36,64873524;NCD;12;GAS;1;i;z001;
0;31;;0,042815971;;42,8159712;NCD;12;GAS;1;i;z001;
0;32;;0,042635991;;42,63599112;NCD;12;GAS;1;i;z001;
0;33;;0,04431285;;44,31284971;NCD;12;GAS;1;i;z001;
0;34;;0,044558577;;44,55857723;NCD;12;GAS;1;i;z001;
0;35;;0,047491258;;47,49125834;NCD;12;GAS;1;i;z001;
0;36;;0,036506883;;36,50688294;NCD;12;GAS;1;i;z001;
0;37;;0,046563004;;46,56300371;NCD;12;GAS;1;i;z001;
0;38;;0,052331395;;52,3313952;NCD;12;GAS;1;i;z001;
0;39;;0,04390523;;43,90522969;NCD;12;GAS;1;i;z001;
0;40;;0,046176997;;46,17699718;NCD;12;GAS;1;i;z001;
0;41;;0,049138461;;49,13846092;NCD;12;GAS;1;i;z001;
0;42;;0,041403257;;41,40325747;NCD;12;GAS;1;i;z001;
0;43;;0,044741394;;44,74139392;NCD;12;GAS;1;i;z001;
0;44;;0,049415797;;49,41579699;NCD;12;GAS;1;i;z001;
0;45;;0,05302693;;53,0269302;NCD;12;GAS;1;i;z001;
0;46;;0,043197742;;43,19774187;NCD;12;GAS;1;i;z001;
0;47;;0,045217657;;45,21765744;NCD;12;GAS;1;i;z001;
0;48;;0,045113358;;45,11335792;NCD;12;GAS;1;i;z001;
0;49;;0,048088905;;48,08890494;NCD;12;GAS;1;i;z001;
0;50;;0,0433752;;43,37519962;NCD;12;GAS;1;i;z001;
0;51;;0,041514002;;41,51400208;NCD;12;GAS;1;i;z001;
0;52;;0,048688792;;48,68879199;NCD;12;GAS;1;i;z001;
0;53;;0,054417003;;54,41700341;NCD;12;GAS;1;i;z001;
0;54;;0,051612005;;51,61200534;NCD;12;GAS;1;i;z001;
0;55;;0,042075;;42,07500024;NCD;12;GAS;1;i;z001;
0;56;;0,037397685;;37,39768543;NCD;12;GAS;1;i;z001;
0;57;;0,053949417;;53,94941695;NCD;12;GAS;1;i;z001;
0;58;;0,043075426;;43,07542632;NCD;12;GAS;1;i;z001;
0;59;;0,050977074;;50,97707391;NCD;12;GAS;1;i;z001;
0;60;;0,051612005;;51,61200534;NCD;12;GAS;1;i;z001;
0;61;;0,049189188;;49,18918843;NCD;12;GAS;1;i;z001;
0;62;;0,042413603;;42,41360346;NCD;12;GAS;1;i;z001;
0;63;;0,049343593;;49,34359293;NCD;12;GAS;1;i;z001;
0;64;;0,046605025;;46,60502486;NCD;12;GAS;1;i;z001;
0;65;;0,051874283;;51,87428318;NCD;12;GAS;1;i;z001;
0;66;;0,053747425;;53,7474247;NCD;12;GAS;1;i;z001;
0;67;;0,047957023;;47,95702322;NCD;12;GAS;1;i;z001;
0;68;;0,042291322;;42,29132209;NCD;12;GAS;1;i;z001;
0;69;;0,051469762;;51,46976169;NCD;12;GAS;1;i;z001;
0;70;;0,043725822;;43,72582161;NCD;12;GAS;1;i;z001;
0;71;;0,046900688;;46,90068769;NCD;12;GAS;1;i;z001;
0;72;;0,054405634;;54,40563408;NCD;12;GAS;1;i;z001;
0;73;;0,045609993;;45,60999303;NCD;12;GAS;1;i;z001;
0;74;;0,044318934;;44,31893366;NCD;12;GAS;1;i;z001;
0;75;;0,050486868;;50,48686776;NCD;12;GAS;1;i;z001;
0;76;;0,053295;;53,29499982;NCD;12;GAS;1;i;z001;
0;77;;0,054753105;;54,75310453;NCD;12;GAS;1;i;z001;
0;78;;0,05232422;;52,32422001;NCD;12;GAS;1;i;z001;
0;79;;0,057199508;;57,19950828;NCD;12;GAS;1;i;z001;
0;80;;0,053594735;;53,59473458;NCD;12;GAS;1;i;z001;
0;81;;0,054420716;;54,42071576;NCD;12;GAS;1;i;z001;
0;82;;0,046002009;;46,00200919;NCD;12;GAS;1;i;z001;
0;83;;0,057911235;;57,91123511;NCD;12;GAS;1;i;z001;
0;84;;0,04701324;;47,01323975;NCD;12;GAS;1;i;z001;
0;85;;0,046809063;;46,80906323;NCD;12;GAS;1;i;z001;
0;86;;0,06018339;;60,18339014;NCD;12;GAS;1;i;z001;
0;87;;0,055895072;;55,8950719;NCD;12;GAS;1;i;z001;
0;88;;0,049699352;;49,6993516;NCD;12;GAS;1;i;z001;
0;89;;0,054565622;;54,56562197;NCD;12;GAS;1;i;z001;
0;90;;0,056993224;;56,99322426;NCD;12;GAS;1;i;z001;
0;91;;0,052523702;;52,52370245;NCD;12;GAS;1;i;z001;
0;92;;0,044011829;;44,01182949;NCD;12;GAS;1;i;z001;
0;93;;0,057521338;;57,52133816;NCD;12;GAS;1;i;z001;
0;94;;0,059628882;;59,62888225;NCD;12;GAS;1;i;z001;
0;95;;0,048480559;;48,48055895;NCD;12;GAS;1;i;z001;
0;96;;0,047530657;;47,53065686;NCD;12;GAS;1;i;z001;
0;97;;0,05764589;;57,64588953;NCD;12;GAS;1;i;z001;
0;98;;0,053508591;;53,50859094;NCD;12;GAS;1;i;z001;
0;99;;0,063042165;;63,04216507;NCD;12;GAS;1;i;z001;
0;100;;0,045083675;;45,08367459;NCD;12;GAS;1;i;z001;
0;1;;0,019635016;;19,63501563;NCD;12;GAS;1;i;z002;
0;2;;0,024113648;;24,11364804;NCD;12;GAS;1;i;z002;
0;3;;0,024123001;;24,12300091;NCD;12;GAS;1;i;z002;
0;4;;0,029621076;;29,62107575;NCD;12;GAS;1;i;z002;
0;5;;0,028347423;;28,34742274;NCD;12;GAS;1;i;z002;
0;6;;0,027597558;;27,59755808;NCD;12;GAS;1;i;z002;
0;7;;0,032886384;;32,8863835;NCD;12;GAS;1;i;z002;
0;8;;0,025511904;;25,51190422;NCD;12;GAS;1;i;z002;
0;9;;0,031247151;;31,2471514;NCD;12;GAS;1;i;z002;
0;10;;0,026927999;;26,92799899;NCD;12;GAS;1;i;z002;
0;11;;0,02805001;;28,05000986;NCD;12;GAS;1;i;z002;
0;12;;0,026034625;;26,03462501;NCD;12;GAS;1;i;z002;
0;13;;0,025806017;;25,80601722;NCD;12;GAS;1;i;z002;
0;14;;0,033439438;;33,43943753;NCD;12;GAS;1;i;z002;
0;15;;0,026366964;;26,36696445;NCD;12;GAS;1;i;z002;
0;16;;0,034880081;;34,88008077;NCD;12;GAS;1;i;z002;
0;17;;0,02801998;;28,01998009;NCD;12;GAS;1;i;z002;
0;18;;0,031250266;;31,25026611;NCD;12;GAS;1;i;z002;
0;19;;0,027866779;;27,86677945;NCD;12;GAS;1;i;z002;
0;20;;0,030608229;;30,60822917;NCD;12;GAS;1;i;z002;
0;21;;0,029264684;;29,26468359;NCD;12;GAS;1;i;z002;
0;22;;0,024684006;;24,68400635;NCD;12;GAS;1;i;z002;
0;23;;0,031416013;;31,41601337;NCD;12;GAS;1;i;z002;
0;24;;0,031532133;;31,5321326;NCD;12;GAS;1;i;z002;
0;25;;0,034914508;;34,91450843;NCD;12;GAS;1;i;z002;
0;26;;0,026217628;;26,2176283;NCD;12;GAS;1;i;z002;
0;27;;0,035903999;;35,90399865;NCD;12;GAS;1;i;z002;
0;28;;0,031617294;;31,61729391;NCD;12;GAS;1;i;z002;
0;29;;0,038354545;;38,35454495;NCD;12;GAS;1;i;z002;
0;30;;0,032894778;;32,89477809;NCD;12;GAS;1;i;z002;
0;31;;0,028873299;;28,87329905;NCD;12;GAS;1;i;z002;
0;32;;0,032855018;;32,85501822;NCD;12;GAS;1;i;z002;
0;33;;0,031416013;;31,41601337;NCD;12;GAS;1;i;z002;
0;34;;0,037084784;;37,08478372;NCD;12;GAS;1;i;z002;
0;35;;0,039671779;;39,67177897;NCD;12;GAS;1;i;z002;
0;36;;0,036629487;;36,62948677;NCD;12;GAS;1;i;z002;
0;37;;0,028452649;;28,45264876;NCD;12;GAS;1;i;z002;
0;38;;0,034962696;;34,96269622;NCD;12;GAS;1;i;z002;
0;39;;0,038196285;;38,19628487;NCD;12;GAS;1;i;z002;
0;40;;0,036133416;;36,13341602;NCD;12;GAS;1;i;z002;
0;41;;0,025219073;;25,21907337;NCD;12;GAS;1;i;z002;
0;42;;0,034854806;;34,85480632;NCD;12;GAS;1;i;z002;
0;43;;0,029945602;;29,9456019;NCD;12;GAS;1;i;z002;
0;44;;0,03615041;;36,15041022;NCD;12;GAS;1;i;z002;
0;45;;0,038996326;;38,99632567;NCD;12;GAS;1;i;z002;
0;46;;0,036388685;;36,38868497;NCD;12;GAS;1;i;z002;
0;47;;0,035522291;;35,52229109;NCD;12;GAS;1;i;z002;
0;48;;0,037145208;;37,1452077;NCD;12;GAS;1;i;z002;
0;49;;0,033343777;;33,34377681;NCD;12;GAS;1;i;z002;
0;50;;0,040365019;;40,36501892;NCD;12;GAS;1;i;z002;
0;51;;0,044995346;;44,99534648;NCD;12;GAS;1;i;z002;
0;52;;0,034513806;;34,51380607;NCD;12;GAS;1;i;z002;
0;53;;0,03202548;;32,02547999;NCD;12;GAS;1;i;z002;
0;54;;0,029171992;;29,17199163;NCD;12;GAS;1;i;z002;
0;55;;0,044690306;;44,69030589;NCD;12;GAS;1;i;z002;
0;56;;0,036367606;;36,36760634;NCD;12;GAS;1;i;z002;
0;57;;0,039184117;;39,184117;NCD;12;GAS;1;i;z002;
0;58;;0,041878281;;41,87828079;NCD;12;GAS;1;i;z002;
0;59;;0,044406982;;44,40698218;NCD;12;GAS;1;i;z002;
0;60;;0,0282575;;28,25749991;NCD;12;GAS;1;i;z002;
0;61;;0,033279455;;33,27945542;NCD;12;GAS;1;i;z002;
0;62;;0,041726052;;41,72605228;NCD;12;GAS;1;i;z002;
0;63;;0,038708997;;38,70899673;NCD;12;GAS;1;i;z002;
0;64;;0,045264922;;45,26492235;NCD;12;GAS;1;i;z002;
0;65;;0,045441004;;45,44100375;NCD;12;GAS;1;i;z002;
0;66;;0,039831037;;39,8310367;NCD;12;GAS;1;i;z002;
0;67;;0,036591746;;36,59174635;NCD;12;GAS;1;i;z002;
0;68;;0,03761582;;37,61582006;NCD;12;GAS;1;i;z002;
0;69;;0,035602906;;35,60290585;NCD;12;GAS;1;i;z002;
0;70;;0,045798473;;45,79847256;NCD;12;GAS;1;i;z002;
0;71;;0,044363926;;44,36392569;NCD;12;GAS;1;i;z002;
0;72;;0,037587015;;37,58701496;NCD;12;GAS;1;i;z002;
0;73;;0,041074071;;41,07407083;NCD;12;GAS;1;i;z002;
0;74;;0,040175003;;40,17500311;NCD;12;GAS;1;i;z002;
0;75;;0,035874947;;35,87494695;NCD;12;GAS;1;i;z002;
0;76;;0,040387168;;40,38716811;NCD;12;GAS;1;i;z002;
0;77;;0,054191585;;54,19158515;NCD;12;GAS;1;i;z002;
0;78;;0,041513995;;41,5139948;NCD;12;GAS;1;i;z002;
0;79;;0,036976928;;36,97692829;NCD;12;GAS;1;i;z002;
0;80;;0,041514;;41,51400026;NCD;12;GAS;1;i;z002;
0;81;;0,046001995;;46,00199463;NCD;12;GAS;1;i;z002;
0;82;;0,040392013;;40,39201303;NCD;12;GAS;1;i;z002;
0;83;;0,040789572;;40,78957231;NCD;12;GAS;1;i;z002;
0;84;;0,03702601;;37,02600952;NCD;12;GAS;1;i;z002;
0;85;;0,037916408;;37,91640818;NCD;12;GAS;1;i;z002;
0;86;;0,043152536;;43,15253589;NCD;12;GAS;1;i;z002;
0;87;;0,048421012;;48,42101203;NCD;12;GAS;1;i;z002;
0;88;;0,046001995;;46,00199463;NCD;12;GAS;1;i;z002;
0;89;;0,04092669;;40,92669013;NCD;12;GAS;1;i;z002;
0;90;;0,03814802;;38,14802039;NCD;12;GAS;1;i;z002;
0;91;;0,042733285;;42,73328452;NCD;12;GAS;1;i;z002;
0;92;;0,036164484;;36,16448356;NCD;12;GAS;1;i;z002;
0;93;;0,044671894;;44,67189398;NCD;12;GAS;1;i;z002;
0;94;;0,041624973;;41,62497306;NCD;12;GAS;1;i;z002;
0;95;;0,037596773;;37,59677283;NCD;12;GAS;1;i;z002;
0;96;;0,039127132;;39,12713223;NCD;12;GAS;1;i;z002;
0;97;;0,03403706;;34,03706031;NCD;12;GAS;1;i;z002;
0;98;;0,035387702;;35,38770247;NCD;12;GAS;1;i;z002;
0;99;;0,049153332;;49,15333185;NCD;12;GAS;1;i;z002;
0;100;;0,03665697;;36,65696959;NCD;12;GAS;1;i;z002;
0;101;;0,042578772;;42,57877184;NCD;12;GAS;1;i;z002;
0;102;;0,046178907;;46,17890724;NCD;12;GAS;1;i;z002;
0;103;;0,042075;;42,07500024;NCD;12;GAS;1;i;z002;
0;104;;0,042522215;;42,52221489;NCD;12;GAS;1;i;z002;
0;105;;0,043481535;;43,48153523;NCD;12;GAS;1;i;z002;
0;106;;0,04684805;;46,84805041;NCD;12;GAS;1;i;z002;
0;107;;0,041209642;;41,2096422;NCD;12;GAS;1;i;z002;
0;108;;0,039270002;;39,27000216;NCD;12;GAS;1;i;z002;
0;109;;0,048683695;;48,68369462;NCD;12;GAS;1;i;z002;
0;110;;0,045841638;;45,8416376;NCD;12;GAS;1;i;z002;
0;111;;0,046206593;;46,20659318;NCD;12;GAS;1;i;z002;
0;112;;0,036190837;;36,1908374;NCD;12;GAS;1;i;z002;
0;113;;0,033660035;;33,66003511;NCD;12;GAS;1;i;z002;
0;114;;0,033221185;;33,22118469;NCD;12;GAS;1;i;z002;
0;115;;0,043837819;;43,83781864;NCD;12;GAS;1;i;z002;
0;116;;0,045279324;;45,27932375;NCD;12;GAS;1;i;z002;
0;117;;0,045284089;;45,28408883;NCD;12;GAS;1;i;z002;
0;118;;0,044569466;;44,56946563;NCD;12;GAS;1;i;z002;
0;119;;0,047560266;;47,560266;NCD;12;GAS;1;i;z002;
0;120;;0,041587572;;41,58757222;NCD;12;GAS;1;i;z002;
0;121;;0,046534164;;46,53416405;NCD;12;GAS;1;i;z002;
0;122;;0,03045569;;30,45569032;NCD;12;GAS;1;i;z002;
0;123;;0,040953018;;40,95301847;NCD;12;GAS;1;i;z002;
0;124;;0,046358721;;46,35872129;NCD;12;GAS;1;i;z002;
0;125;;0,044761695;;44,76169541;NCD;12;GAS;1;i;z002;
0;1;;0,026927999;;26,92799899;NCD;12;GAS;2;d;z;
0;2;;0,028969856;;28,96985637;NCD;12;GAS;2;d;z;
0;3;;0,024823109;;24,82310946;NCD;12;GAS;2;d;z;
0;4;;0,029702976;;29,7029763;NCD;12;GAS;2;d;z;
0;5;;0,028611001;;28,61100074;NCD;12;GAS;2;d;z;
0;6;;0,027175927;;27,17592698;NCD;12;GAS;2;d;z;
0;7;;0,030254246;;30,25424564;NCD;12;GAS;2;d;z;
0;8;;0,027991139;;27,99113865;NCD;12;GAS;2;d;z;
0;9;;0,033659991;;33,65999146;NCD;12;GAS;2;d;z;
0;10;;0,033665799;;33,66579865;NCD;12;GAS;2;d;z;
0;11;;0,026422552;;26,42255186;NCD;12;GAS;2;d;z;
0;12;;0,032424066;;32,42406644;NCD;12;GAS;2;d;z;
0;13;;0,03702601;;37,02600952;NCD;12;GAS;2;d;z;
0;14;;0,038081957;;38,08195681;NCD;12;GAS;2;d;z;
0;15;;0,039617859;;39,6178592;NCD;12;GAS;2;d;z;
0;16;;0,038876099;;38,87609897;NCD;12;GAS;2;d;z;
0;17;;0,036575207;;36,5752068;NCD;12;GAS;2;d;z;
0;18;;0,035900834;;35,90083365;NCD;12;GAS;2;d;z;
0;19;;0,041509648;;41,50964815;NCD;12;GAS;2;d;z;
0;20;;0,038182067;;38,18206736;NCD;12;GAS;2;d;z;
0;21;;0,041104968;;41,10496815;NCD;12;GAS;2;d;z;
0;22;;0,03646499;;36,46498953;NCD;12;GAS;2;d;z;
0;23;;0,04061101;;40,61100979;NCD;12;GAS;2;d;z;
0;24;;0,04070289;;40,70288993;NCD;12;GAS;2;d;z;
0;25;;0,040590484;;40,59048398;NCD;12;GAS;2;d;z;
0;26;;0,034626567;;34,62656725;NCD;12;GAS;2;d;z;
0;27;;0,035391046;;35,39104645;NCD;12;GAS;2;d;z;
0;28;;0,039287846;;39,28784615;NCD;12;GAS;2;d;z;
0;29;;0,039831008;;39,8310076;NCD;12;GAS;2;d;z;
0;30;;0,037516614;;37,51661407;NCD;12;GAS;2;d;z;
0;31;;0,036416497;;36,4164973;NCD;12;GAS;2;d;z;
0;32;;0,031598137;;31,59813653;NCD;12;GAS;2;d;z;
0;33;;0,041797403;;41,79740308;NCD;12;GAS;2;d;z;
0;34;;0,040799205;;40,79920497;NCD;12;GAS;2;d;z;
0;35;;0,039551515;;39,55151458;NCD;12;GAS;2;d;z;
0;36;;0,040889969;;40,88996879;NCD;12;GAS;2;d;z;
0;37;;0,039741225;;39,74122452;NCD;12;GAS;2;d;z;
0;38;;0,040980722;;40,98072151;NCD;12;GAS;2;d;z;
0;39;;0,035808089;;35,80808892;NCD;12;GAS;2;d;z;
0;40;;0,045055565;;45,0555654;NCD;12;GAS;2;d;z;
0;41;;0,034782002;;34,78200233;NCD;12;GAS;2;d;z;
0;42;;0,044448137;;44,44813698;NCD;12;GAS;2;d;z;
0;43;;0,043836773;;43,83677332;NCD;12;GAS;2;d;z;
0;44;;0,042427208;;42,42720773;NCD;12;GAS;2;d;z;
0;45;;0,045683135;;45,6831352;NCD;12;GAS;2;d;z;
0;46;;0,040380349;;40,3803493;NCD;12;GAS;2;d;z;
0;47;;0,047184121;;47,18412072;NCD;12;GAS;2;d;z;
0;48;;0,045601971;;45,601971;NCD;12;GAS;2;d;z;
0;49;;0,034626567;;34,62656725;NCD;12;GAS;2;d;z;
0;50;;0,041145451;;41,14545111;NCD;12;GAS;2;d;z;
0;51;;0,043553056;;43,55305615;NCD;12;GAS;2;d;z;
0;52;;0,04628104;;46,28103974;NCD;12;GAS;2;d;z;
0;53;;0,042573585;;42,57358502;NCD;12;GAS;2;d;z;
0;54;;0,044126223;;44,12622338;NCD;12;GAS;2;d;z;
0;55;;0,037734814;;37,7348136;NCD;12;GAS;2;d;z;
0;56;;0,043441901;;43,44190081;NCD;12;GAS;2;d;z;
0;57;;0,043758002;;43,75800199;NCD;12;GAS;2;d;z;
0;58;;0,046124339;;46,1243385;NCD;12;GAS;2;d;z;
0;59;;0,039971183;;39,97118274;NCD;12;GAS;2;d;z;
0;60;;0,037763496;;37,76349632;NCD;12;GAS;2;d;z;
0;61;;0,042828938;;42,82893802;NCD;12;GAS;2;d;z;
0;62;;0,044145673;;44,14567264;NCD;12;GAS;2;d;z;
0;63;;0,040940066;;40,94006594;NCD;12;GAS;2;d;z;
0;64;;0,043193359;;43,1933594;NCD;12;GAS;2;d;z;
0;65;;0,042075;;42,07500024;NCD;12;GAS;2;d;z;
0;66;;0,034965741;;34,96574076;NCD;12;GAS;2;d;z;
0;67;;0,040721578;;40,7215778;NCD;12;GAS;2;d;z;
0;68;;0,045389827;;45,38982733;NCD;12;GAS;2;d;z;
0;69;;0,035904002;;35,90400229;NCD;12;GAS;2;d;z;
0;70;;0,039719914;;39,7199142;NCD;12;GAS;2;d;z;
0;71;;0,039437852;;39,43785156;NCD;12;GAS;2;d;z;
0;72;;0,036072319;;36,07231903;NCD;12;GAS;2;d;z;
0;73;;0,049873494;;49,87349412;NCD;12;GAS;2;d;z;
0;74;;0,041351922;;41,35192199;NCD;12;GAS;2;d;z;
0;75;;0,043357834;;43,35783385;NCD;12;GAS;2;d;z;
0;76;;0,042650751;;42,65075087;NCD;12;GAS;2;d;z;
0;77;;0,050321067;;50,32106653;NCD;12;GAS;2;d;z;
0;78;;0,036653222;;36,65322157;NCD;12;GAS;2;d;z;
0;79;;0,041439695;;41,43969526;NCD;12;GAS;2;d;z;
0;80;;0,04656329;;46,56329011;NCD;12;GAS;2;d;z;
0;81;;0,03663426;;36,63426008;NCD;12;GAS;2;d;z;
0;82;;0,046722661;;46,72266096;NCD;12;GAS;2;d;z;
0;83;;0,050177357;;50,17735702;NCD;12;GAS;2;d;z;
0;84;;0,041513995;;41,5139948;NCD;12;GAS;2;d;z;
0;85;;0,043492427;;43,49242689;NCD;12;GAS;2;d;z;
0;86;;0,042597809;;42,59780929;NCD;12;GAS;2;d;z;
0;87;;0,049635914;;49,63591363;NCD;12;GAS;2;d;z;
0;88;;0,041523301;;41,52330114;NCD;12;GAS;2;d;z;
0;89;;0,040955163;;40,9551634;NCD;12;GAS;2;d;z;
0;90;;0,045440996;;45,44099647;NCD;12;GAS;2;d;z;
0;91;;0,042075;;42,07500024;NCD;12;GAS;2;d;z;
0;92;;0,041534455;;41,53445482;NCD;12;GAS;2;d;z;
0;93;;0,045432594;;45,43259435;NCD;12;GAS;2;d;z;
0;94;;0,03856255;;38,56254969;NCD;12;GAS;2;d;z;
0;95;;0,04099638;;40,99637957;NCD;12;GAS;2;d;z;
0;96;;0,042675871;;42,67587095;NCD;12;GAS;2;d;z;
0;97;;0,045107039;;45,10703895;NCD;12;GAS;2;d;z;
0;98;;0,031309758;;31,30975793;NCD;12;GAS;2;d;z;
0;99;;0,048799799;;48,7997987;NCD;12;GAS;2;d;z;
0;100;;0,042636006;;42,63600567;NCD;12;GAS;2;d;z;
0;101;;0,05029492;;50,29491965;NCD;12;GAS;2;d;z;
0;102;;0,048628722;;48,62872182;NCD;12;GAS;2;d;z;
0;103;;0,042354664;;42,35466397;NCD;12;GAS;2;d;z;
0;104;;0,051178205;;51,17820528;NCD;12;GAS;2;d;z;
0;105;;0,051620626;;51,62062647;NCD;12;GAS;2;d;z;
0;106;;0,048008245;;48,00824463;NCD;12;GAS;2;d;z;
0;107;;0,051554064;;51,55406393;NCD;12;GAS;2;d;z;
0;108;;0,047745358;;47,74535836;NCD;12;GAS;2;d;z;
0;109;;0,043998626;;43,99862581;NCD;12;GAS;2;d;z;
0;110;;0,045606583;;45,60658279;NCD;12;GAS;2;d;z;
0;111;;0,042995588;;42,99558763;NCD;12;GAS;2;d;z;
0;112;;0,04578078;;45,78077978;NCD;12;GAS;2;d;z;
0;113;;0,049368013;;49,3680127;NCD;12;GAS;2;d;z;
0;114;;0,045819015;;45,81901478;NCD;12;GAS;2;d;z;
0;115;;0,043398932;;43,3989321;NCD;12;GAS;2;d;z;
0;116;;0,054536503;;54,53650338;NCD;12;GAS;2;d;z;
0;117;;0,049317982;;49,31798179;NCD;12;GAS;2;d;z;
0;118;;0,057578655;;57,57865536;NCD;12;GAS;2;d;z;
0;1;;0,018512976;;18,51297566;NCD;12;GAS;2;d;z001;
0;2;;0,017951999;;17,95199933;NCD;12;GAS;2;d;z001;
0;3;;0,022439985;;22,4399846;NCD;12;GAS;2;d;z001;
0;4;;0,020110593;;20,1105931;NCD;12;GAS;2;d;z001;
0;5;;0,01897997;;18,9799695;NCD;12;GAS;2;d;z001;
0;6;;0,025663787;;25,66378698;NCD;12;GAS;2;d;z001;
0;7;;0,025821821;;25,82182068;NCD;12;GAS;2;d;z001;
0;8;;0,019459146;;19,4591457;NCD;12;GAS;2;d;z001;
0;9;;0,025782912;;25,78291175;NCD;12;GAS;2;d;z001;
0;10;;0,022672212;;22,67221234;NCD;12;GAS;2;d;z001;
0;11;;0,021707053;;21,70705257;NCD;12;GAS;2;d;z001;
0;12;;0,025659841;;25,65984126;NCD;12;GAS;2;d;z001;
0;13;;0,020144919;;20,14491922;NCD;12;GAS;2;d;z001;
0;14;;0,028958167;;28,95816736;NCD;12;GAS;2;d;z001;
0;15;;0,031391397;;31,39139702;NCD;12;GAS;2;d;z001;
0;16;;0,031996778;;31,99677807;NCD;12;GAS;2;d;z001;
0;17;;0,024884681;;24,88468111;NCD;12;GAS;2;d;z001;
0;18;;0,029731543;;29,73154309;NCD;12;GAS;2;d;z001;
0;19;;0,028504867;;28,50486722;NCD;12;GAS;2;d;z001;
0;20;;0,033002346;;33,00234565;NCD;12;GAS;2;d;z001;
0;21;;0,02406037;;24,06036969;NCD;12;GAS;2;d;z001;
0;22;;0,035698892;;35,69889242;NCD;12;GAS;2;d;z001;
0;23;;0,023818351;;23,81835113;NCD;12;GAS;2;d;z001;
0;24;;0,02485678;;24,85677974;NCD;12;GAS;2;d;z001;
0;25;;0,034191909;;34,19190891;NCD;12;GAS;2;d;z001;
0;26;;0,036715686;;36,7156864;NCD;12;GAS;2;d;z001;
0;27;;0,03199936;;31,99936018;NCD;12;GAS;2;d;z001;
0;28;;0,036868047;;36,86804651;NCD;12;GAS;2;d;z001;
0;29;;0,030040533;;30,0405327;NCD;12;GAS;2;d;z001;
0;30;;0,040391984;;40,39198393;NCD;12;GAS;2;d;z001;
0;31;;0,04105743;;41,05743043;NCD;12;GAS;2;d;z001;
0;32;;0,034083973;;34,08397268;NCD;12;GAS;2;d;z001;
0;33;;0,029612488;;29,61248839;NCD;12;GAS;2;d;z001;
0;34;;0,0336098;;33,60979968;NCD;12;GAS;2;d;z001;
0;35;;0,042050298;;42,05029828;NCD;12;GAS;2;d;z001;
0;36;;0,041312301;;41,31230131;NCD;12;GAS;2;d;z001;
0;37;;0,038350011;;38,35001133;NCD;12;GAS;2;d;z001;
0;38;;0,034782017;;34,78201688;NCD;12;GAS;2;d;z001;
0;39;;0,034908457;;34,90845655;NCD;12;GAS;2;d;z001;
0;40;;0,032020245;;32,02024475;NCD;12;GAS;2;d;z001;
0;41;;0,027400177;;27,40017655;NCD;12;GAS;2;d;z001;
0;42;;0,041431981;;41,43198122;NCD;12;GAS;2;d;z001;
0;43;;0,032068841;;32,06884136;NCD;12;GAS;2;d;z001;
0;44;;0,040852207;;40,85220697;NCD;12;GAS;2;d;z001;
0;45;;0,048421145;;48,42114523;NCD;12;GAS;2;d;z001;
0;46;;0,043996921;;43,99692114;NCD;12;GAS;2;d;z001;
0;47;;0,041292548;;41,29254825;NCD;12;GAS;2;d;z001;
0;48;;0,037089661;;37,08966112;NCD;12;GAS;2;d;z001;
0;49;;0,045265871;;45,26587061;NCD;12;GAS;2;d;z001;
0;50;;0,048514027;;48,5140271;NCD;12;GAS;2;d;z001;
0;51;;0,035921373;;35,92137327;NCD;12;GAS;2;d;z001;
0;52;;0,044196725;;44,1967247;NCD;12;GAS;2;d;z001;
0;53;;0,052105357;;52,10535686;NCD;12;GAS;2;d;z001;
0;54;;0,047323017;;47,32301663;NCD;12;GAS;2;d;z001;
0;55;;0,042075002;;42,07500206;NCD;12;GAS;2;d;z001;
0;56;;0,046466261;;46,46626099;NCD;12;GAS;2;d;z001;
0;57;;0,039477819;;39,47781851;NCD;12;GAS;2;d;z001;
0;58;;0,037871174;;37,87117447;NCD;12;GAS;2;d;z001;
0;59;;0,041956001;;41,95600136;NCD;12;GAS;2;d;z001;
0;60;;0,043253744;;43,2537435;NCD;12;GAS;2;d;z001;
0;61;;0,047847436;;47,84743581;NCD;12;GAS;2;d;z001;
0;62;;0,050055513;;50,05551302;NCD;12;GAS;2;d;z001;
0;63;;0,05119143;;51,19143005;NCD;12;GAS;2;d;z001;
0;64;;0,046412383;;46,41238277;NCD;12;GAS;2;d;z001;
0;65;;0,035701838;;35,70183805;NCD;12;GAS;2;d;z001;
0;66;;0,044702707;;44,7027069;NCD;12;GAS;2;d;z001;
0;67;;0,045597253;;45,59725309;NCD;12;GAS;2;d;z001;
0;68;;0,048109424;;48,1094238;NCD;12;GAS;2;d;z001;
0;69;;0,045188193;;45,18819271;NCD;12;GAS;2;d;z001;
0;70;;0,052684867;;52,6848668;NCD;12;GAS;2;d;z001;
0;71;;0,043396241;;43,39624074;NCD;12;GAS;2;d;z001;
0;72;;0,048503196;;48,50319641;NCD;12;GAS;2;d;z001;
0;73;;0,054675455;;54,67545487;NCD;12;GAS;2;d;z001;
0;74;;0,053424003;;53,42400319;NCD;12;GAS;2;d;z001;
0;75;;0,053855998;;53,85599798;NCD;12;GAS;2;d;z001;
0;76;;0,053907833;;53,90783311;NCD;12;GAS;2;d;z001;
0;77;;0,048858923;;48,8589227;NCD;12;GAS;2;d;z001;
0;78;;0,043186641;;43,18664113;NCD;12;GAS;2;d;z001;
0;79;;0,046842683;;46,84268279;NCD;12;GAS;2;d;z001;
0;80;;0,044318993;;44,31899288;NCD;12;GAS;2;d;z001;
0;81;;0,045222784;;45,22278418;NCD;12;GAS;2;d;z001;
0;82;;0,050038454;;50,0384539;NCD;12;GAS;2;d;z001;
0;83;;0,063871553;;63,87155297;NCD;12;GAS;2;d;z001;
0;84;;0,061042993;;61,04299319;NCD;12;GAS;2;d;z001;
0;85;;0,038963438;;38,96343837;NCD;12;GAS;2;d;z001;
0;86;;0,060279316;;60,2793162;NCD;12;GAS;2;d;z001;
0;87;;0,045553131;;45,5531314;NCD;12;GAS;2;d;z001;
0;88;;0,057590077;;57,59007735;NCD;12;GAS;2;d;z001;
0;89;;0,052164827;;52,16482736;NCD;12;GAS;2;d;z001;
0;90;;0,057371739;;57,37173949;NCD;12;GAS;2;d;z001;
0;91;;0,056367238;;56,36723765;NCD;12;GAS;2;d;z001;
0;1;;0,017951999;;17,95199933;NCD;12;GAS;2;d;z002;
0;2;;0,018675257;;18,67525671;NCD;12;GAS;2;d;z002;
0;3;;0,026858923;;26,85892336;NCD;12;GAS;2;d;z002;
0;4;;0,029594807;;29,5948072;NCD;12;GAS;2;d;z002;
0;5;;0,027462324;;27,46232395;NCD;12;GAS;2;d;z002;
0;6;;0,02310213;;23,1021296;NCD;12;GAS;2;d;z002;
0;7;;0,026974739;;26,97473934;NCD;12;GAS;2;d;z002;
0;8;;0,024510886;;24,5108858;NCD;12;GAS;2;d;z002;
0;9;;0,023969552;;23,96955219;NCD;12;GAS;2;d;z002;
0;10;;0,024471562;;24,47156225;NCD;12;GAS;2;d;z002;
0;11;;0,028596181;;28,59618122;NCD;12;GAS;2;d;z002;
0;12;;0,025731777;;25,73177689;NCD;12;GAS;2;d;z002;
0;13;;0,024160548;;24,16054768;NCD;12;GAS;2;d;z002;
0;14;;0,026927999;;26,92799899;NCD;12;GAS;2;d;z002;
0;15;;0,027604016;;27,60401634;NCD;12;GAS;2;d;z002;
0;16;;0,034068041;;34,06804112;NCD;12;GAS;2;d;z002;
0;17;;0,026927999;;26,92799899;NCD;12;GAS;2;d;z002;
0;18;;0,029171992;;29,17199163;NCD;12;GAS;2;d;z002;
0;19;;0,028208953;;28,20895313;NCD;12;GAS;2;d;z002;
0;20;;0,031416013;;31,41601337;NCD;12;GAS;2;d;z002;
0;21;;0,025590587;;25,59058669;NCD;12;GAS;2;d;z002;
0;22;;0,025971516;;25,97151575;NCD;12;GAS;2;d;z002;
0;23;;0,025415524;;25,41552421;NCD;12;GAS;2;d;z002;
0;24;;0,039831;;39,83100032;NCD;12;GAS;2;d;z002;
0;25;;0,030806009;;30,80600889;NCD;12;GAS;2;d;z002;
0;26;;0,038377981;;38,37798141;NCD;12;GAS;2;d;z002;
0;27;;0,03197699;;31,9769897;NCD;12;GAS;2;d;z002;
0;28;;0,034142644;;34,14264352;NCD;12;GAS;2;d;z002;
0;29;;0,034781999;;34,78199869;NCD;12;GAS;2;d;z002;
0;30;;0,03255602;;32,55601971;NCD;12;GAS;2;d;z002;
0;31;;0,037770769;;37,77076927;NCD;12;GAS;2;d;z002;
0;32;;0,031416013;;31,41601337;NCD;12;GAS;2;d;z002;
0;33;;0,033750454;;33,75045366;NCD;12;GAS;2;d;z002;
0;34;;0,03344567;;33,44567001;NCD;12;GAS;2;d;z002;
0;35;;0,040391984;;40,39198393;NCD;12;GAS;2;d;z002;
0;36;;0,03796763;;37,96762959;NCD;12;GAS;2;d;z002;
0;37;;0,029172021;;29,17202073;NCD;12;GAS;2;d;z002;
0;38;;0,034091094;;34,09109373;NCD;12;GAS;2;d;z002;
0;39;;0,037025995;;37,02599497;NCD;12;GAS;2;d;z002;
0;40;;0,033099001;;33,09900058;NCD;12;GAS;2;d;z002;
0;41;;0,035394816;;35,39481591;NCD;12;GAS;2;d;z002;
0;42;;0,041514002;;41,51400208;NCD;12;GAS;2;d;z002;
0;43;;0,038148908;;38,14890806;NCD;12;GAS;2;d;z002;
0;44;;0,040972489;;40,97248877;NCD;12;GAS;2;d;z002;
0;45;;0,043347744;;43,34774384;NCD;12;GAS;2;d;z002;
0;46;;0,040490942;;40,49094158;NCD;12;GAS;2;d;z002;
0;47;;0,035903999;;35,90399865;NCD;12;GAS;2;d;z002;
0;48;;0,043682306;;43,68230591;NCD;12;GAS;2;d;z002;
0;49;;0,046563004;;46,56300371;NCD;12;GAS;2;d;z002;
0;50;;0,039270002;;39,27000216;NCD;12;GAS;2;d;z002;
0;51;;0,044368588;;44,36858788;NCD;12;GAS;2;d;z002;
0;52;;0,045441004;;45,44100375;NCD;12;GAS;2;d;z002;
0;53;;0,039416666;;39,41666632;NCD;12;GAS;2;d;z002;
0;54;;0,03851882;;38,51882043;NCD;12;GAS;2;d;z002;
0;55;;0,040953018;;40,95301847;NCD;12;GAS;2;d;z002;
0;56;;0,034117075;;34,11707487;NCD;12;GAS;2;d;z002;
0;57;;0,040143436;;40,14343566;NCD;12;GAS;2;d;z002;
0;58;;0,039933507;;39,93350688;NCD;12;GAS;2;d;z002;
0;59;;0,042028069;;42,02806942;NCD;12;GAS;2;d;z002;
0;60;;0,036883835;;36,88383472;NCD;12;GAS;2;d;z002;
0;61;;0,044935462;;44,9354621;NCD;12;GAS;2;d;z002;
0;62;;0,036357976;;36,35797625;NCD;12;GAS;2;d;z002;
0;63;;0,039991453;;39,99145347;NCD;12;GAS;2;d;z002;
0;64;;0,045441004;;45,44100375;NCD;12;GAS;2;d;z002;
0;65;;0,045440998;;45,44099829;NCD;12;GAS;2;d;z002;
0;66;;0,043871203;;43,87120299;NCD;12;GAS;2;d;z002;
0;67;;0,032537995;;32,53799514;NCD;12;GAS;2;d;z002;
0;68;;0,039270002;;39,27000216;NCD;12;GAS;2;d;z002;
0;69;;0,048132225;;48,13222525;NCD;12;GAS;2;d;z002;
0;70;;0,043758017;;43,75801655;NCD;12;GAS;2;d;z002;
0;71;;0,045829427;;45,82942733;NCD;12;GAS;2;d;z002;
0;72;;0,041580742;;41,58074197;NCD;12;GAS;2;d;z002;
0;73;;0,042268774;;42,26877383;NCD;12;GAS;2;d;z002;
0;74;;0,043155746;;43,15574591;NCD;12;GAS;2;d;z002;
0;75;;0,044526001;;44,52600128;NCD;12;GAS;2;d;z002;
0;76;;0,053658139;;53,65813857;NCD;12;GAS;2;d;z002;
0;77;;0,051125304;;51,12530375;NCD;12;GAS;2;d;z002;
0;78;;0,041496762;;41,49676169;NCD;12;GAS;2;d;z002;
0;79;;0,042517837;;42,51783709;NCD;12;GAS;2;d;z002;
0;80;;0,044478927;;44,47892651;NCD;12;GAS;2;d;z002;
0;81;;0,051744704;;51,7447035;NCD;12;GAS;2;d;z002;
0;82;;0,043196998;;43,19699838;NCD;12;GAS;2;d;z002;
0;83;;0,046972157;;46,97215703;NCD;12;GAS;2;d;z002;
0;84;;0,053949448;;53,94944782;NCD;12;GAS;2;d;z002;
0;85;;0,053855998;;53,85599798;NCD;12;GAS;2;d;z002;
0;86;;0,047543709;;47,54370912;NCD;12;GAS;2;d;z002;
0;87;;0,045683121;;45,68312115;NCD;12;GAS;2;d;z002;
0;88;;0,049100871;;49,10087132;NCD;12;GAS;2;d;z002;
0;89;;0,057222001;;57,22200149;NCD;12;GAS;2;d;z002;
0;90;;0,039946394;;39,94639392;NCD;12;GAS;2;d;z002;
0;91;;0,056864331;;56,86433118;NCD;12;GAS;2;d;z002;
0;92;;0,049367984;;49,36798359;NCD;12;GAS;2;d;z002;
0;1;;0,032903333;;32,90333253;NCD;12;GAS;2;i;z;
0;2;;0,043131612;;43,13161233;NCD;12;GAS;2;i;z;
0;3;;0,036012596;;36,01259648;NCD;12;GAS;2;i;z;
0;4;;0,03802085;;38,02084986;NCD;12;GAS;2;i;z;
0;5;;0,043635567;;43,63556683;NCD;12;GAS;2;i;z;
0;6;;0,040878649;;40,87864884;NCD;12;GAS;2;i;z;
0;7;;0,039236858;;39,23685817;NCD;12;GAS;2;i;z;
0;8;;0,047089807;;47,08980701;NCD;12;GAS;2;i;z;
0;9;;0,047794282;;47,79428214;NCD;12;GAS;2;i;z;
0;10;;0,039069634;;39,06963442;NCD;12;GAS;2;i;z;
0;11;;0,042894278;;42,89427772;NCD;12;GAS;2;i;z;
0;12;;0,04843746;;48,43746017;NCD;12;GAS;2;i;z;
0;13;;0,03508955;;35,08955024;NCD;12;GAS;2;i;z;
0;14;;0,04417396;;44,17396006;NCD;12;GAS;2;i;z;
0;15;;0,042962124;;42,96212429;NCD;12;GAS;2;i;z;
0;16;;0,043996769;;43,99676899;NCD;12;GAS;2;i;z;
0;17;;0,050858137;;50,85813713;NCD;12;GAS;2;i;z;
0;18;;0,039139397;;39,13939723;NCD;12;GAS;2;i;z;
0;19;;0,052959859;;52,95985925;NCD;12;GAS;2;i;z;
0;20;;0,039336765;;39,3367648;NCD;12;GAS;2;i;z;
0;21;;0,049077399;;49,07739904;NCD;12;GAS;2;i;z;
0;22;;0,04503353;;45,03353001;NCD;12;GAS;2;i;z;
0;23;;0,049075393;;49,07539268;NCD;12;GAS;2;i;z;
0;24;;0,043127607;;43,12760653;NCD;12;GAS;2;i;z;
0;25;;0,046783452;;46,78345176;NCD;12;GAS;2;i;z;
0;26;;0,056717879;;56,7178794;NCD;12;GAS;2;i;z;
0;27;;0,040019085;;40,01908516;NCD;12;GAS;2;i;z;
0;28;;0,041311285;;41,3112846;NCD;12;GAS;2;i;z;
0;29;;0,044879998;;44,87999831;NCD;12;GAS;2;i;z;
0;30;;0,046725005;;46,72500477;NCD;12;GAS;2;i;z;
0;31;;0,049651239;;49,65123887;NCD;12;GAS;2;i;z;
0;32;;0,056951308;;56,95130842;NCD;12;GAS;2;i;z;
0;33;;0,041495858;;41,49585811;NCD;12;GAS;2;i;z;
0;34;;0,052304978;;52,30497773;NCD;12;GAS;2;i;z;
0;35;;0,045167481;;45,16748057;NCD;12;GAS;2;i;z;
0;36;;0,050968344;;50,96834352;NCD;12;GAS;2;i;z;
0;37;;0,051180901;;51,18090104;NCD;12;GAS;2;i;z;
0;38;;0,046664956;;46,66495622;NCD;12;GAS;2;i;z;
0;39;;0,05017737;;50,17737004;NCD;12;GAS;2;i;z;
0;40;;0,039724412;;39,72441175;NCD;12;GAS;2;i;z;
0;41;;0,048058492;;48,05849193;NCD;12;GAS;2;i;z;
0;42;;0,046466268;;46,46626826;NCD;12;GAS;2;i;z;
0;43;;0,042812613;;42,8126128;NCD;12;GAS;2;i;z;
0;44;;0,060027;;60,02699956;NCD;12;GAS;2;i;z;
0;45;;0,054112456;;54,11245623;NCD;12;GAS;2;i;z;
0;46;;0,051556206;;51,55620593;NCD;12;GAS;2;i;z;
0;47;;0,056075957;;56,0759567;NCD;12;GAS;2;i;z;
0;48;;0,053541364;;53,54136406;NCD;12;GAS;2;i;z;
0;49;;0,058943702;;58,94370246;NCD;12;GAS;2;i;z;
0;50;;0,048552732;;48,55273223;NCD;12;GAS;2;i;z;
0;51;;0,0422296;;42,22959967;NCD;12;GAS;2;i;z;
0;52;;0,057256433;;57,25643255;NCD;12;GAS;2;i;z;
0;53;;0,049148276;;49,1482755;NCD;12;GAS;2;i;z;
0;54;;0,053178217;;53,17821703;NCD;12;GAS;2;i;z;
0;55;;0,058535885;;58,53588507;NCD;12;GAS;2;i;z;
0;56;;0,051385314;;51,38531408;NCD;12;GAS;2;i;z;
0;57;;0,057222001;;57,22200149;NCD;12;GAS;2;i;z;
0;58;;0,046289677;;46,28967733;NCD;12;GAS;2;i;z;
0;59;;0,06058799;;60,58799045;NCD;12;GAS;2;i;z;
0;60;;0,04994179;;49,94179029;NCD;12;GAS;2;i;z;
0;61;;0,054216771;;54,21677118;NCD;12;GAS;2;i;z;
0;62;;0,053269764;;53,26976359;NCD;12;GAS;2;i;z;
0;63;;0,053500445;;53,50044509;NCD;12;GAS;2;i;z;
0;64;;0,060248503;;60,24850271;NCD;12;GAS;2;i;z;
0;65;;0,060153595;;60,15359473;NCD;12;GAS;2;i;z;
0;66;;0,054492084;;54,49208389;NCD;12;GAS;2;i;z;
0;67;;0,056661011;;56,6610106;NCD;12;GAS;2;i;z;
0;68;;0,052815849;;52,81584871;NCD;12;GAS;2;i;z;
0;69;;0,048404224;;48,40422376;NCD;12;GAS;2;i;z;
0;70;;0,047628663;;47,62866286;NCD;12;GAS;2;i;z;
0;71;;0,054173724;;54,17372375;NCD;12;GAS;2;i;z;
0;72;;0,049147025;;49,14702474;NCD;12;GAS;2;i;z;
0;73;;0,048123601;;48,12360121;NCD;12;GAS;2;i;z;
0;74;;0,052759355;;52,759355;NCD;12;GAS;2;i;z;
0;75;;0,061870155;;61,87015474;NCD;12;GAS;2;i;z;
0;76;;0,06731763;;67,3176301;NCD;12;GAS;2;i;z;
0;77;;0,049323803;;49,32380293;NCD;12;GAS;2;i;z;
0;78;;0,063249682;;63,24968242;NCD;12;GAS;2;i;z;
0;1;;0,028357625;;28,35762466;NCD;12;GAS;2;i;z001;
0;2;;0,034608548;;34,60854801;NCD;12;GAS;2;i;z001;
0;3;;0,03309903;;33,09902968;NCD;12;GAS;2;i;z001;
0;4;;0,03702601;;37,02600952;NCD;12;GAS;2;i;z001;
0;5;;0,042107086;;42,10708627;NCD;12;GAS;2;i;z001;
0;6;;0,044879998;;44,87999831;NCD;12;GAS;2;i;z001;
0;7;;0,047339384;;47,33938351;NCD;12;GAS;2;i;z001;
0;8;;0,03826878;;38,26878031;NCD;12;GAS;2;i;z001;
0;9;;0,041115012;;41,11501239;NCD;12;GAS;2;i;z001;
0;10;;0,036135187;;36,13518696;NCD;12;GAS;2;i;z001;
0;11;;0,040522313;;40,52231323;NCD;12;GAS;2;i;z001;
0;12;;0,043142459;;43,14245934;NCD;12;GAS;2;i;z001;
0;13;;0,049899124;;49,89912387;NCD;12;GAS;2;i;z001;
0;14;;0,045075802;;45,07580241;NCD;12;GAS;2;i;z001;
0;15;;0,044158611;;44,15861059;NCD;12;GAS;2;i;z001;
0;16;;0,046989736;;46,98973588;NCD;12;GAS;2;i;z001;
0;17;;0,03993564;;39,93564039;NCD;12;GAS;2;i;z001;
0;18;;0,035913674;;35,91367376;NCD;12;GAS;2;i;z001;
0;19;;0,046290388;;46,29038768;NCD;12;GAS;2;i;z001;
0;20;;0,049199301;;49,19930071;NCD;12;GAS;2;i;z001;
0;21;;0,047572217;;47,57221729;NCD;12;GAS;2;i;z001;
0;22;;0,046121866;;46,12186617;NCD;12;GAS;2;i;z001;
0;23;;0,046793219;;46,7932186;NCD;12;GAS;2;i;z001;
0;24;;0,047087432;;47,08743151;NCD;12;GAS;2;i;z001;
0;25;;0,051741623;;51,74162264;NCD;12;GAS;2;i;z001;
0;26;;0,057856772;;57,85677172;NCD;12;GAS;2;i;z001;
0;27;;0,052964893;;52,96489298;NCD;12;GAS;2;i;z001;
0;28;;0,051674923;;51,67492325;NCD;12;GAS;2;i;z001;
0;29;;0,049190363;;49,19036255;NCD;12;GAS;2;i;z001;
0;30;;0,05276269;;52,76268992;NCD;12;GAS;2;i;z001;
0;31;;0,043260085;;43,26008543;NCD;12;GAS;2;i;z001;
0;32;;0,049574409;;49,57440899;NCD;12;GAS;2;i;z001;
0;33;;0,052435347;;52,43534733;NCD;12;GAS;2;i;z001;
0;34;;0,047919406;;47,91940576;NCD;12;GAS;2;i;z001;
0;35;;0,053717132;;53,71713241;NCD;12;GAS;2;i;z001;
0;36;;0,058904989;;58,90498869;NCD;12;GAS;2;i;z001;
0;37;;0,04894782;;48,94781967;NCD;12;GAS;2;i;z001;
0;38;;0,056238624;;56,23862354;NCD;12;GAS;2;i;z001;
0;39;;0,05316455;;53,16454983;NCD;12;GAS;2;i;z001;
0;40;;0,053294993;;53,29499254;NCD;12;GAS;2;i;z001;
0;41;;0,055754681;;55,75468103;NCD;12;GAS;2;i;z001;
0;42;;0,043403441;;43,40344142;NCD;12;GAS;2;i;z001;
0;43;;0,051505049;;51,50504938;NCD;12;GAS;2;i;z001;
0;44;;0,05248881;;52,48881036;NCD;12;GAS;2;i;z001;
0;45;;0,048828709;;48,82870924;NCD;12;GAS;2;i;z001;
0;46;;0,057202738;;57,20273757;NCD;12;GAS;2;i;z001;
0;47;;0,048674198;;48,67419804;NCD;12;GAS;2;i;z001;
0;48;;0,053141324;;53,14132449;NCD;12;GAS;2;i;z001;
0;49;;0,048462248;;48,46224836;NCD;12;GAS;2;i;z001;
0;50;;0,048738382;;48,73838213;NCD;12;GAS;2;i;z001;
0;51;;0,051274938;;51,27493815;NCD;12;GAS;2;i;z001;
0;52;;0,048170275;;48,1702755;NCD;12;GAS;2;i;z001;
0;53;;0,052435351;;52,43535058;NCD;12;GAS;2;i;z001;
0;54;;0,059766802;;59,76680199;NCD;12;GAS;2;i;z001;
0;55;;0,058894494;;58,89449445;NCD;12;GAS;2;i;z001;
0;56;;0,040821097;;40,8210973;NCD;12;GAS;2;i;z001;
0;57;;0,048007835;;48,00783452;NCD;12;GAS;2;i;z001;
0;58;;0,045988892;;45,98889188;NCD;12;GAS;2;i;z001;
0;59;;0,053834269;;53,83426922;NCD;12;GAS;2;i;z001;
0;60;;0,05610002;;56,10001972;NCD;12;GAS;2;i;z001;
0;61;;0,054777769;;54,77776928;NCD;12;GAS;2;i;z001;
0;62;;0,059188015;;59,18801508;NCD;12;GAS;2;i;z001;
0;63;;0,05493095;;54,9309502;NCD;12;GAS;2;i;z001;
0;64;;0,050565462;;50,56546164;NCD;12;GAS;2;i;z001;
0;65;;0,038323868;;38,32386804;NCD;12;GAS;2;i;z001;
0;66;;0,048184637;;48,18463666;NCD;12;GAS;2;i;z001;
0;67;;0,061094055;;61,09405488;NCD;12;GAS;2;i;z001;
0;68;;0,041228147;;41,22814688;NCD;12;GAS;2;i;z001;
0;69;;0,05081192;;50,81192;NCD;12;GAS;2;i;z001;
0;70;;0,048810603;;48,81060297;NCD;12;GAS;2;i;z001;
0;71;;0,056586682;;56,58668214;NCD;12;GAS;2;i;z001;
0;72;;0,046995742;;46,99574247;NCD;12;GAS;2;i;z001;
0;73;;0,062972599;;62,97259855;NCD;12;GAS;2;i;z001;
0;74;;0,052202826;;52,20282596;NCD;12;GAS;2;i;z001;
0;75;;0,050357246;;50,35724597;NCD;12;GAS;2;i;z001;
0;1;;0,035277574;;35,27757361;NCD;12;GAS;2;i;z004;
0;2;;0,033448301;;33,44830051;NCD;12;GAS;2;i;z004;
0;3;;0,032732539;;32,73253911;NCD;12;GAS;2;i;z004;
0;4;;0,03398969;;33,98969027;NCD;12;GAS;2;i;z004;
0;5;;0,041447071;;41,447071;NCD;12;GAS;2;i;z004;
0;6;;0,038290915;;38,29091526;NCD;12;GAS;2;i;z004;
0;7;;0,038918208;;38,91820792;NCD;12;GAS;2;i;z004;
0;8;;0,045392628;;45,3926285;NCD;12;GAS;2;i;z004;
0;9;;0,035943072;;35,94307249;NCD;12;GAS;2;i;z004;
0;10;;0,038820054;;38,82005449;NCD;12;GAS;2;i;z004;
0;11;;0,036929251;;36,92925056;NCD;12;GAS;2;i;z004;
0;12;;0,050679162;;50,67916157;NCD;12;GAS;2;i;z004;
0;13;;0,044497307;;44,49730706;NCD;12;GAS;2;i;z004;
0;14;;0,043048883;;43,04888306;NCD;12;GAS;2;i;z004;
0;15;;0,042940647;;42,94064678;NCD;12;GAS;2;i;z004;
0;16;;0,039402364;;39,4023645;NCD;12;GAS;2;i;z004;
0;17;;0,037587015;;37,58701496;NCD;12;GAS;2;i;z004;
0;18;;0,046915836;;46,91583571;NCD;12;GAS;2;i;z004;
0;19;;0,042196984;;42,1969839;NCD;12;GAS;2;i;z004;
0;20;;0,040802563;;40,80256342;NCD;12;GAS;2;i;z004;
0;21;;0,044332034;;44,3320338;NCD;12;GAS;2;i;z004;
0;22;;0,043522205;;43,52220503;NCD;12;GAS;2;i;z004;
0;23;;0,047999125;;47,99912519;NCD;12;GAS;2;i;z004;
0;24;;0,046664959;;46,66495947;NCD;12;GAS;2;i;z004;
0;25;;0,047619663;;47,61966274;NCD;12;GAS;2;i;z004;
0;26;;0,039214897;;39,2148966;NCD;12;GAS;2;i;z004;
0;27;;0,049675592;;49,67559152;NCD;12;GAS;2;i;z004;
0;28;;0,048672041;;48,672041;NCD;12;GAS;2;i;z004;
0;29;;0,047453848;;47,45384802;NCD;12;GAS;2;i;z004;
0;30;;0,042358005;;42,3580048;NCD;12;GAS;2;i;z004;
0;31;;0,039814808;;39,81480825;NCD;12;GAS;2;i;z004;
0;32;;0,048092941;;48,09294147;NCD;12;GAS;2;i;z004;
0;33;;0,045441004;;45,44100375;NCD;12;GAS;2;i;z004;
0;34;;0,044385415;;44,38541542;NCD;12;GAS;2;i;z004;
0;35;;0,043204204;;43,20420414;NCD;12;GAS;2;i;z004;
0;36;;0,047358846;;47,3588462;NCD;12;GAS;2;i;z004;
0;37;;0,04964883;;49,64883009;NCD;12;GAS;2;i;z004;
0;38;;0,041686108;;41,68610804;NCD;12;GAS;2;i;z004;
0;39;;0,043757998;;43,75799836;NCD;12;GAS;2;i;z004;
0;40;;0,047501295;;47,50129466;NCD;12;GAS;2;i;z004;
0;41;;0,037290174;;37,29017422;NCD;12;GAS;2;i;z004;
0;42;;0,047753504;;47,75350415;NCD;12;GAS;2;i;z004;
0;43;;0,039138347;;39,13834681;NCD;12;GAS;2;i;z004;
0;44;;0,042756045;;42,75604525;NCD;12;GAS;2;i;z004;
0;45;;0,04415608;;44,15607991;NCD;12;GAS;2;i;z004;
0;46;;0,039124465;;39,12446529;NCD;12;GAS;2;i;z004;
0;47;;0,044291123;;44,29112307;NCD;12;GAS;2;i;z004;
0;48;;0,048103623;;48,10362262;NCD;12;GAS;2;i;z004;
0;49;;0,048395807;;48,39580693;NCD;12;GAS;2;i;z004;
0;50;;0,04705648;;47,05648;NCD;12;GAS;2;i;z004;
0;51;;0,048692925;;48,69292513;NCD;12;GAS;2;i;z004;
0;52;;0,040688017;;40,68801678;NCD;12;GAS;2;i;z004;
0;53;;0,039882188;;39,88218829;NCD;12;GAS;2;i;z004;
0;54;;0,049424999;;49,42499933;NCD;12;GAS;2;i;z004;
0;55;;0,051144557;;51,14455671;NCD;12;GAS;2;i;z004;
0;56;;0,0519743;;51,97429998;NCD;12;GAS;2;i;z004;
0;57;;0,046863257;;46,86325711;NCD;12;GAS;2;i;z004;
0;58;;0,048829794;;48,82979402;NCD;12;GAS;2;i;z004;
0;59;;0,058553573;;58,55357296;NCD;12;GAS;2;i;z004;
0;60;;0,046561551;;46,56155143;NCD;12;GAS;2;i;z004;
0;61;;0,048643623;;48,64362347;NCD;12;GAS;2;i;z004;
0;62;;0,049056478;;49,05647789;NCD;12;GAS;2;i;z004;
0;63;;0,04743593;;47,43593014;NCD;12;GAS;2;i;z004;
0;64;;0,050265168;;50,26516832;NCD;12;GAS;2;i;z004;
0;65;;0,044428962;;44,42896248;NCD;12;GAS;2;i;z004;
0;66;;0,049595965;;49,59596492;NCD;12;GAS;2;i;z004;
0;67;;0,051179501;;51,17950065;NCD;12;GAS;2;i;z004;
0;68;;0,057567234;;57,56723417;NCD;12;GAS;2;i;z004;
0;69;;0,046511682;;46,51168221;NCD;12;GAS;2;i;z004;
0;70;;0,056105245;;56,10524547;NCD;12;GAS;2;i;z004;
0;71;;0,049265966;;49,26596597;NCD;12;GAS;2;i;z004;
0;72;;0,051682907;;51,68290652;NCD;12;GAS;2;i;z004;
0;73;;0,053107122;;53,10712182;NCD;12;GAS;2;i;z004;
0;74;;0,049391227;;49,39122665;NCD;12;GAS;2;i;z004;
0;75;;0,054785217;;54,78521738;NCD;12;GAS;2;i;z004;
0;76;;0,044265812;;44,26581198;NCD;12;GAS;2;i;z004;
0;77;;0,05847587;;58,47586961;NCD;12;GAS;2;i;z004;
0;78;;0,046915849;;46,91584873;NCD;12;GAS;2;i;z004;
0;79;;0,045069525;;45,06952511;NCD;12;GAS;2;i;z004;
0;80;;0,043825299;;43,82529856;NCD;12;GAS;2;i;z004;
0;81;;0,057908481;;57,90848108;NCD;12;GAS;2;i;z004;
0;82;;0,051774208;;51,77420792;NCD;12;GAS;2;i;z004;
0;83;;0,041121167;;41,12116744;NCD;12;GAS;2;i;z004;
0;84;;0,058746635;;58,74663489;NCD;12;GAS;2;i;z004;
0;85;;0,045159624;;45,15962392;NCD;12;GAS;2;i;z004;
0;86;;0,058709779;;58,70977939;NCD;12;GAS;2;i;z004;
0;87;;0,054417003;;54,41700341;NCD;12;GAS;2;i;z004;
0;88;;0,066599661;;66,59966087;NCD;12;GAS;2;i;z004;
0;1;;0,036052884;;36,05288356;NCD;12;GAS;3;d;z;
0;2;;0,045361027;;45,36102684;NCD;12;GAS;3;d;z;
0;3;;0,039270002;;39,27000216;NCD;12;GAS;3;d;z;
0;4;;0,037337479;;37,33747935;NCD;12;GAS;3;d;z;
0;5;;0,036914508;;36,91450803;NCD;12;GAS;3;d;z;
0;6;;0,043757987;;43,75798744;NCD;12;GAS;3;d;z;
0;7;;0,048537781;;48,53778125;NCD;12;GAS;3;d;z;
0;8;;0,039789719;;39,7897185;NCD;12;GAS;3;d;z;
0;9;;0,043757987;;43,75798744;NCD;12;GAS;3;d;z;
0;10;;0,042445519;;42,44551902;NCD;12;GAS;3;d;z;
0;11;;0,047246063;;47,24606298;NCD;12;GAS;3;d;z;
0;12;;0,051051;;51,0509999;NCD;12;GAS;3;d;z;
0;13;;0,04404183;;44,04183021;NCD;12;GAS;3;d;z;
0;14;;0,049536382;;49,53638193;NCD;12;GAS;3;d;z;
0;15;;0,047556872;;47,55687161;NCD;12;GAS;3;d;z;
0;16;;0,041540382;;41,54038151;NCD;12;GAS;3;d;z;
0;17;;0,040765151;;40,7651511;NCD;12;GAS;3;d;z;
0;18;;0,040643669;;40,64366934;NCD;12;GAS;3;d;z;
0;19;;0,049507059;;49,50705877;NCD;12;GAS;3;d;z;
0;20;;0,05065043;;50,65042997;NCD;12;GAS;3;d;z;
0;21;;0,047128155;;47,12815471;NCD;12;GAS;3;d;z;
0;22;;0,047393726;;47,39372642;NCD;12;GAS;3;d;z;
0;23;;0,051942734;;51,94273404;NCD;12;GAS;3;d;z;
0;24;;0,051682699;;51,68269908;NCD;12;GAS;3;d;z;
0;25;;0,052863242;;52,86324212;NCD;12;GAS;3;d;z;
0;26;;0,050081495;;50,08149482;NCD;12;GAS;3;d;z;
0;27;;0,046245495;;46,2454952;NCD;12;GAS;3;d;z;
0;28;;0,047166744;;47,16674449;NCD;12;GAS;3;d;z;
0;29;;0,052282385;;52,28238465;NCD;12;GAS;3;d;z;
0;30;;0,046181069;;46,18106883;NCD;12;GAS;3;d;z;
0;31;;0,05418127;;54,18126969;NCD;12;GAS;3;d;z;
0;32;;0,046563;;46,56300007;NCD;12;GAS;3;d;z;
0;33;;0,051327552;;51,32755215;NCD;12;GAS;3;d;z;
0;34;;0,050251865;;50,25186463;NCD;12;GAS;3;d;z;
0;35;;0,048015373;;48,01537297;NCD;12;GAS;3;d;z;
0;36;;0,054074876;;54,07487596;NCD;12;GAS;3;d;z;
0;37;;0,056204325;;56,20432531;NCD;12;GAS;3;d;z;
0;38;;0,049367984;;49,36798359;NCD;12;GAS;3;d;z;
0;39;;0,043196997;;43,19699656;NCD;12;GAS;3;d;z;
0;40;;0,048828704;;48,82870426;NCD;12;GAS;3;d;z;
0;41;;0,051778262;;51,77826225;NCD;12;GAS;3;d;z;
0;42;;0,049212339;;49,21233888;NCD;12;GAS;3;d;z;
0;43;;0,058167381;;58,16738131;NCD;12;GAS;3;d;z;
0;44;;0,053524928;;53,52492798;NCD;12;GAS;3;d;z;
0;45;;0,053497854;;53,49785394;NCD;12;GAS;3;d;z;
0;46;;0,054978009;;54,97800885;NCD;12;GAS;3;d;z;
0;47;;0,049368013;;49,3680127;NCD;12;GAS;3;d;z;
0;48;;0,056660996;;56,66099605;NCD;12;GAS;3;d;z;
0;49;;0,054152959;;54,15295898;NCD;12;GAS;3;d;z;
0;50;;0,057222001;;57,22200149;NCD;12;GAS;3;d;z;
0;51;;0,053265335;;53,26533481;NCD;12;GAS;3;d;z;
0;52;;0,052092022;;52,09202169;NCD;12;GAS;3;d;z;
0;53;;0,046653335;;46,65333482;NCD;12;GAS;3;d;z;
0;54;;0,052528996;;52,52899639;NCD;12;GAS;3;d;z;
0;55;;0,052245264;;52,24526414;NCD;12;GAS;3;d;z;
0;56;;0,058866209;;58,86620948;NCD;12;GAS;3;d;z;
0;1;;0,033603557;;33,60355739;NCD;12;GAS;3;i;z;
0;2;;0,031025674;;31,02567395;NCD;12;GAS;3;i;z;
0;3;;0,034316273;;34,31627294;NCD;12;GAS;3;i;z;
0;4;;0,026671588;;26,67158764;NCD;12;GAS;3;i;z;
0;5;;0,032104545;;32,10454465;NCD;12;GAS;3;i;z;
0;6;;0,038795368;;38,79536801;NCD;12;GAS;3;i;z;
0;7;;0,041145449;;41,14544948;NCD;12;GAS;3;i;z;
0;8;;0,037348179;;37,34817917;NCD;12;GAS;3;i;z;
0;9;;0,037744448;;37,74444764;NCD;12;GAS;3;i;z;
0;10;;0,045281497;;45,28149699;NCD;12;GAS;3;i;z;
0;11;;0,03649524;;36,49524012;NCD;12;GAS;3;i;z;
0;12;;0,043267826;;43,26782622;NCD;12;GAS;3;i;z;
0;13;;0,043005187;;43,00518714;NCD;12;GAS;3;i;z;
0;14;;0,042817319;;42,81731913;NCD;12;GAS;3;i;z;
0;15;;0,042128294;;42,12829395;NCD;12;GAS;3;i;z;
0;16;;0,043381;;43,38100043;NCD;12;GAS;3;i;z;
0;17;;0,047729329;;47,72932876;NCD;12;GAS;3;i;z;
0;18;;0,051372558;;51,37255802;NCD;12;GAS;3;i;z;
0;19;;0,047504972;;47,50497227;NCD;12;GAS;3;i;z;
0;20;;0,049452627;;49,45262706;NCD;12;GAS;3;i;z;
0;21;;0,049550238;;49,55023769;NCD;12;GAS;3;i;z;
0;22;;0,04946731;;49,46731033;NCD;12;GAS;3;i;z;
0;23;;0,047740428;;47,74042811;NCD;12;GAS;3;i;z;
0;24;;0,039629031;;39,62903079;NCD;12;GAS;3;i;z;
0;25;;0,048762137;;48,76213661;NCD;12;GAS;3;i;z;
0;26;;0,040972896;;40,97289623;NCD;12;GAS;3;i;z;
0;27;;0,045571735;;45,57173537;NCD;12;GAS;3;i;z;
0;28;;0,046163194;;46,16319397;NCD;12;GAS;3;i;z;
0;29;;0,047644169;;47,64416887;NCD;12;GAS;3;i;z;
0;30;;0,041629281;;41,62928124;NCD;12;GAS;3;i;z;
0;31;;0,048405095;;48,40509478;NCD;12;GAS;3;i;z;
0;32;;0,039684887;;39,68488659;NCD;12;GAS;3;i;z;
0;33;;0,051051;;51,0509999;NCD;12;GAS;3;i;z;
0;34;;0,05218413;;52,18413039;NCD;12;GAS;3;i;z;
0;35;;0,044227501;;44,22750073;NCD;12;GAS;3;i;z;
0;36;;0,051039977;;51,03997712;NCD;12;GAS;3;i;z;
0;37;;0,043196997;;43,19699656;NCD;12;GAS;3;i;z;
0;38;;0,049026529;;49,02652922;NCD;12;GAS;3;i;z;
0;39;;0,049315003;;49,31500345;NCD;12;GAS;3;i;z;
0;40;;0,051573893;;51,57389265;NCD;12;GAS;3;i;z;
0;41;;0,048840974;;48,84097385;NCD;12;GAS;3;i;z;
0;42;;0,053706875;;53,70687522;NCD;12;GAS;3;i;z;
0;43;;0,044323566;;44,32356615;NCD;12;GAS;3;i;z;
0;44;;0,052957093;;52,95709257;NCD;12;GAS;3;i;z;
0;45;;0,053294993;;53,29499254;NCD;12;GAS;3;i;z;
0;46;;0,043773085;;43,77308549;NCD;12;GAS;3;i;z;
0;47;;0,057221994;;57,22199421;NCD;12;GAS;3;i;z;
0;48;;0,045490943;;45,4909426;NCD;12;GAS;3;i;z;
0;49;;0,057877255;;57,87725468;NCD;12;GAS;3;i;z;
0;50;;0,051149916;;51,1499158;NCD;12;GAS;3;i;z;
0;51;;0,050672992;;50,67299232;NCD;12;GAS;3;i;z;
0;52;;0,046905722;;46,90572191;NCD;12;GAS;3;i;z;
0;53;;0,053708948;;53,70894757;NCD;12;GAS;3;i;z;
0;54;;0,048957474;;48,95747361;NCD;12;GAS;3;i;z;
0;55;;0,053168912;;53,16891215;NCD;12;GAS;3;i;z;
0;56;;0,051051;;51,0509999;NCD;12;GAS;3;i;z;
0;57;;0,052928787;;52,92878695;NCD;12;GAS;3;i;z;
0;58;;0,054745051;;54,74505092;NCD;12;GAS;3;i;z;
0;1;;0,017492872;;17,49287163;NCD;12;GAS;3;i;z001;
0;2;;0,016660862;;16,66086221;NCD;12;GAS;3;i;z001;
0;3;;0,018512976;;18,51297566;NCD;12;GAS;3;i;z001;
0;4;;0,019073996;;19,07399565;NCD;12;GAS;3;i;z001;
0;5;;0,023717656;;23,71765611;NCD;12;GAS;3;i;z001;
0;6;;0,023330363;;23,3303634;NCD;12;GAS;3;i;z001;
0;7;;0,026366994;;26,36699355;NCD;12;GAS;3;i;z001;
0;8;;0,024991291;;24,99129075;NCD;12;GAS;3;i;z001;
0;9;;0,025379131;;25,37913144;NCD;12;GAS;3;i;z001;
0;10;;0,019433937;;19,43393701;NCD;12;GAS;3;i;z001;
0;11;;0,022695153;;22,69515338;NCD;12;GAS;3;i;z001;
0;12;;0,026927999;;26,92799899;NCD;12;GAS;3;i;z001;
0;13;;0,028436653;;28,43665264;NCD;12;GAS;3;i;z001;
0;14;;0,024594595;;24,59459486;NCD;12;GAS;3;i;z001;
0;15;;0,025688135;;25,68813528;NCD;12;GAS;3;i;z001;
0;16;;0,023880341;;23,88034101;NCD;12;GAS;3;i;z001;
0;17;;0,025031149;;25,03114918;NCD;12;GAS;3;i;z001;
0;18;;0,028058251;;28,05825091;NCD;12;GAS;3;i;z001;
0;19;;0,024873157;;24,87315651;NCD;12;GAS;3;i;z001;
0;20;;0,023709186;;23,70918635;NCD;12;GAS;3;i;z001;
0;21;;0,028812862;;28,81286195;NCD;12;GAS;3;i;z001;
0;22;;0,025326159;;25,32615913;NCD;12;GAS;3;i;z001;
0;23;;0,032628903;;32,62890288;NCD;12;GAS;3;i;z001;
0;24;;0,027489;;27,48899988;NCD;12;GAS;3;i;z001;
0;25;;0,023561995;;23,56199548;NCD;12;GAS;3;i;z001;
0;26;;0,033939065;;33,93906541;NCD;12;GAS;3;i;z001;
0;27;;0,031231342;;31,23134221;NCD;12;GAS;3;i;z001;
0;28;;0,028271053;;28,27105295;NCD;12;GAS;3;i;z001;
0;29;;0,031540388;;31,54038838;NCD;12;GAS;3;i;z001;
0;30;;0,027489004;;27,48900442;NCD;12;GAS;3;i;z001;
0;31;;0,027921014;;27,92101443;NCD;12;GAS;3;i;z001;
0;32;;0,025584218;;25,58421806;NCD;12;GAS;3;i;z001;
0;33;;0,025280171;;25,28017058;NCD;12;GAS;3;i;z001;
0;34;;0,035213389;;35,213389;NCD;12;GAS;3;i;z001;
0;35;;0,037751238;;37,75123834;NCD;12;GAS;3;i;z001;
0;36;;0,034782002;;34,78200233;NCD;12;GAS;3;i;z001;
0;37;;0,034608397;;34,60839744;NCD;12;GAS;3;i;z001;
0;38;;0,032528059;;32,52805939;NCD;12;GAS;3;i;z001;
0;39;;0,027597558;;27,59755808;NCD;12;GAS;3;i;z001;
0;40;;0,035904002;;35,90400229;NCD;12;GAS;3;i;z001;
0;41;;0,034120627;;34,12062672;NCD;12;GAS;3;i;z001;
0;42;;0,031582986;;31,58298608;NCD;12;GAS;3;i;z001;
0;43;;0,023561995;;23,56199548;NCD;12;GAS;3;i;z001;
0;44;;0,032101198;;32,10119825;NCD;12;GAS;3;i;z001;
0;45;;0,032386235;;32,38623477;NCD;12;GAS;3;i;z001;
0;46;;0,035844273;;35,84427345;NCD;12;GAS;3;i;z001;
0;47;;0,034911147;;34,91114749;NCD;12;GAS;3;i;z001;
0;48;;0,036607985;;36,60798542;NCD;12;GAS;3;i;z001;
0;49;;0,032786739;;32,78673887;NCD;12;GAS;3;i;z001;
0;50;;0,0280898;;28,08979968;NCD;12;GAS;3;i;z001;
0;51;;0,036465004;;36,46500409;NCD;12;GAS;3;i;z001;
0;52;;0,034808831;;34,80883088;NCD;12;GAS;3;i;z001;
0;53;;0,037587015;;37,58701496;NCD;12;GAS;3;i;z001;
0;54;;0,040610636;;40,61063649;NCD;12;GAS;3;i;z001;
0;55;;0,035577596;;35,57759649;NCD;12;GAS;3;i;z001;
0;56;;0,03801708;;38,01707986;NCD;12;GAS;3;i;z001;
0;57;;0,043592711;;43,59271094;NCD;12;GAS;3;i;z001;
0;58;;0,042496938;;42,49693757;NCD;12;GAS;3;i;z001;
0;59;;0,035618021;;35,61802104;NCD;12;GAS;3;i;z001;
0;60;;0,03351686;;33,51686048;NCD;12;GAS;3;i;z001;
0;61;;0,031316185;;31,31618457;NCD;12;GAS;3;i;z001;
0;62;;0,036786064;;36,78606388;NCD;12;GAS;3;i;z001;
0;63;;0,042299704;;42,29970434;NCD;12;GAS;3;i;z001;
0;64;;0,037556102;;37,55610191;NCD;12;GAS;3;i;z001;
0;65;;0,032682482;;32,68248177;NCD;12;GAS;3;i;z001;
0;66;;0,035903999;;35,90399865;NCD;12;GAS;3;i;z001;
0;67;;0,038879584;;38,87958356;NCD;12;GAS;3;i;z001;
0;68;;0,042075;;42,07500024;NCD;12;GAS;3;i;z001;
0;69;;0,031741559;;31,74155894;NCD;12;GAS;3;i;z001;
0;70;;0,044318993;;44,31899288;NCD;12;GAS;3;i;z001;
0;71;;0,030753072;;30,75307199;NCD;12;GAS;3;i;z001;
0;72;;0,046003213;;46,00321262;NCD;12;GAS;3;i;z001;
0;73;;0,042446358;;42,44635806;NCD;12;GAS;3;i;z001;
0;74;;0,032109311;;32,10931136;NCD;12;GAS;3;i;z001;
0;75;;0,045050208;;45,05020805;NCD;12;GAS;3;i;z001;
0;76;;0,04234004;;42,34004044;NCD;12;GAS;3;i;z001;
0;77;;0,043217093;;43,21709286;NCD;12;GAS;3;i;z001;
0;78;;0,045979993;;45,97999295;NCD;12;GAS;3;i;z001;
0;79;;0,036673323;;36,67332319;NCD;12;GAS;3;i;z001;
0;80;;0,033858722;;33,85872243;NCD;12;GAS;3;i;z001;
0;81;;0,035372351;;35,37235098;NCD;12;GAS;3;i;z001;
0;82;;0,046786597;;46,78659714;NCD;12;GAS;3;i;z001;
0;83;;0,048458398;;48,45839816;NCD;12;GAS;3;i;z001;
0;84;;0,049929018;;49,92901813;NCD;12;GAS;3;i;z001;
0;85;;0,039716814;;39,71681448;NCD;12;GAS;3;i;z001;
0;86;;0,028197868;;28,19786786;NCD;12;GAS;3;i;z001;
0;87;;0,038658243;;38,65824278;NCD;12;GAS;3;i;z001;
0;88;;0,046544504;;46,54450431;NCD;12;GAS;3;i;z001;
0;89;;0,043758002;;43,75800199;NCD;12;GAS;3;i;z001;
0;90;;0,046019383;;46,01938271;NCD;12;GAS;3;i;z001;
0;91;;0,043360558;;43,36055837;NCD;12;GAS;3;i;z001;
0;92;;0,042650777;;42,6507769;NCD;12;GAS;3;i;z001;
0;93;;0,046739496;;46,7394958;NCD;12;GAS;3;i;z001;
0;94;;0,040929564;;40,9295638;NCD;12;GAS;3;i;z001;
0;95;;0,04185834;;41,85833977;NCD;12;GAS;3;i;z001;
0;96;;0,046367371;;46,36737127;NCD;12;GAS;3;i;z001;
0;97;;0,044598099;;44,59809906;NCD;12;GAS;3;i;z001;
0;98;;0,041917608;;41,91760802;NCD;12;GAS;3;i;z001;
0;99;;0,044830294;;44,83029358;NCD;12;GAS;3;i;z001;
0;100;;0,042929066;;42,92906598;NCD;12;GAS;3;i;z001;
0;101;;0,053294993;;53,29499254;NCD;12;GAS;3;i;z001;
0;102;;0,041617503;;41,61750311;NCD;12;GAS;3;i;z001;
0;103;;0,04785852;;47,85852015;NCD;12;GAS;3;i;z001;
0;104;;0,051612005;;51,61200534;NCD;12;GAS;3;i;z001;
0;105;;0,048372753;;48,37275293;NCD;12;GAS;3;i;z001;
0;106;;0,047627267;;47,62726749;NCD;12;GAS;3;i;z001;
0;107;;0,045804554;;45,80455435;NCD;12;GAS;3;i;z001;
0;108;;0,048465556;;48,46555639;NCD;12;GAS;3;i;z001;
0;1;;0,014205713;;14,20571252;NCD;12;GAS;3;i;z002;
0;2;;0,020231064;;20,23106351;NCD;12;GAS;3;i;z002;
0;3;;0,017068513;;17,06851267;NCD;12;GAS;3;i;z002;
0;4;;0,018003416;;18,00341592;NCD;12;GAS;3;i;z002;
0;5;;0,020231048;;20,23104808;NCD;12;GAS;3;i;z002;
0;6;;0,018912333;;18,91233328;NCD;12;GAS;3;i;z002;
0;7;;0,022611167;;22,61116684;NCD;12;GAS;3;i;z002;
0;8;;0,018130611;;18,13061112;NCD;12;GAS;3;i;z002;
0;9;;0,020040522;;20,04052216;NCD;12;GAS;3;i;z002;
0;10;;0,017852752;;17,85275213;NCD;12;GAS;3;i;z002;
0;11;;0,0245946;;24,5946;NCD;12;GAS;3;i;z002;
0;12;;0,023768131;;23,76813132;NCD;12;GAS;3;i;z002;
0;13;;0,022711305;;22,71130545;NCD;12;GAS;3;i;z002;
0;14;;0,023332493;;23,33249275;NCD;12;GAS;3;i;z002;
0;15;;0,021035384;;21,03538443;NCD;12;GAS;3;i;z002;
0;16;;0,024197914;;24,1979144;NCD;12;GAS;3;i;z002;
0;17;;0,018802845;;18,8028445;NCD;12;GAS;3;i;z002;
0;18;;0,025805959;;25,80595901;NCD;12;GAS;3;i;z002;
0;19;;0,023982032;;23,98203153;NCD;12;GAS;3;i;z002;
0;20;;0,022370561;;22,37056111;NCD;12;GAS;3;i;z002;
0;21;;0,026119519;;26,11951875;NCD;12;GAS;3;i;z002;
0;22;;0,021664729;;21,66472912;NCD;12;GAS;3;i;z002;
0;23;;0,027488975;;27,48897532;NCD;12;GAS;3;i;z002;
0;24;;0,021878997;;21,87899736;NCD;12;GAS;3;i;z002;
0;25;;0,024123001;;24,12300091;NCD;12;GAS;3;i;z002;
0;26;;0,024684;;24,68399975;NCD;12;GAS;3;i;z002;
0;27;;0,021576281;;21,57628096;NCD;12;GAS;3;i;z002;
0;28;;0,022323241;;22,32324103;NCD;12;GAS;3;i;z002;
0;29;;0,024924333;;24,92433309;NCD;12;GAS;3;i;z002;
0;30;;0,021666191;;21,66619051;NCD;12;GAS;3;i;z002;
0;31;;0,025809947;;25,80994686;NCD;12;GAS;3;i;z002;
0;32;;0,025844126;;25,84412592;NCD;12;GAS;3;i;z002;
0;33;;0,026962983;;26,96298279;NCD;12;GAS;3;i;z002;
0;34;;0,028350218;;28,35021772;NCD;12;GAS;3;i;z002;
0;35;;0,021879008;;21,87900827;NCD;12;GAS;3;i;z002;
0;36;;0,02805001;;28,05000986;NCD;12;GAS;3;i;z002;
0;37;;0,019635016;;19,63501563;NCD;12;GAS;3;i;z002;
0;38;;0,02112782;;21,1278197;NCD;12;GAS;3;i;z002;
0;39;;0,025466817;;25,46681723;NCD;12;GAS;3;i;z002;
0;40;;0,025339574;;25,33957428;NCD;12;GAS;3;i;z002;
0;41;;0,02238435;;22,38434962;NCD;12;GAS;3;i;z002;
0;42;;0,03003648;;30,03648004;NCD;12;GAS;3;i;z002;
0;43;;0,030294002;;30,2940025;NCD;12;GAS;3;i;z002;
0;44;;0,026493964;;26,49396411;NCD;12;GAS;3;i;z002;
0;45;;0,027049496;;27,04949561;NCD;12;GAS;3;i;z002;
0;46;;0,026828355;;26,82835468;NCD;12;GAS;3;i;z002;
0;47;;0,031287867;;31,28786656;NCD;12;GAS;3;i;z002;
0;48;;0,029732997;;29,73299706;NCD;12;GAS;3;i;z002;
0;49;;0,022092254;;22,0922538;NCD;12;GAS;3;i;z002;
0;50;;0,03286618;;32,86618043;NCD;12;GAS;3;i;z002;
0;51;;0,029732997;;29,73299706;NCD;12;GAS;3;i;z002;
0;52;;0,028776732;;28,77673159;NCD;12;GAS;3;i;z002;
0;53;;0,02695238;;26,95238025;NCD;12;GAS;3;i;z002;
0;54;;0,02809933;;28,09933008;NCD;12;GAS;3;i;z002;
0;55;;0,029724827;;29,72482651;NCD;12;GAS;3;i;z002;
0;56;;0,02596657;;25,9665703;NCD;12;GAS;3;i;z002;
0;57;;0,023561995;;23,56199548;NCD;12;GAS;3;i;z002;
0;58;;0,020327301;;20,32730063;NCD;12;GAS;3;i;z002;
0;59;;0,025094045;;25,09404542;NCD;12;GAS;3;i;z002;
0;60;;0,026927999;;26,92799899;NCD;12;GAS;3;i;z002;
0;61;;0,031528783;;31,52878269;NCD;12;GAS;3;i;z002;
0;62;;0,031114881;;31,11488056;NCD;12;GAS;3;i;z002;
0;63;;0,034096932;;34,09693174;NCD;12;GAS;3;i;z002;
0;64;;0,032537995;;32,53799514;NCD;12;GAS;3;i;z002;
0;65;;0,024322422;;24,3224215;NCD;12;GAS;3;i;z002;
0;66;;0,031857674;;31,85767427;NCD;12;GAS;3;i;z002;
0;67;;0,027489004;;27,48900442;NCD;12;GAS;3;i;z002;
0;68;;0,030503337;;30,50333711;NCD;12;GAS;3;i;z002;
0;69;;0,028386135;;28,38613474;NCD;12;GAS;3;i;z002;
0;70;;0,031915118;;31,91511819;NCD;12;GAS;3;i;z002;
0;71;;0,033046134;;33,04613352;NCD;12;GAS;3;i;z002;
0;72;;0,037056552;;37,05655155;NCD;12;GAS;3;i;z002;
0;73;;0,03832743;;38,32742996;NCD;12;GAS;3;i;z002;
0;74;;0,033097158;;33,09715806;NCD;12;GAS;3;i;z002;
0;75;;0,029522857;;29,52285657;NCD;12;GAS;3;i;z002;
0;76;;0,033242318;;33,24231842;NCD;12;GAS;3;i;z002;
0;77;;0,022590649;;22,59064887;NCD;12;GAS;3;i;z002;
0;78;;0,029732997;;29,73299706;NCD;12;GAS;3;i;z002;
0;79;;0,025171933;;25,17193348;NCD;12;GAS;3;i;z002;
0;80;;0,035810166;;35,810166;NCD;12;GAS;3;i;z002;
0;81;;0,032445965;;32,44596527;NCD;12;GAS;3;i;z002;
0;82;;0,038488783;;38,48878281;NCD;12;GAS;3;i;z002;
0;83;;0,037737033;;37,73703275;NCD;12;GAS;3;i;z002;
0;84;;0,043758017;;43,75801655;NCD;12;GAS;3;i;z002;
0;85;;0,035904028;;35,90402775;NCD;12;GAS;3;i;z002;
0;86;;0,034364834;;34,36483429;NCD;12;GAS;3;i;z002;
0;87;;0,042519039;;42,51903889;NCD;12;GAS;3;i;z002;
0;88;;0,028669902;;28,66990246;NCD;12;GAS;3;i;z002;
0;89;;0,02748649;;27,48649041;NCD;12;GAS;3;i;z002;
0;90;;0,034781988;;34,78198778;NCD;12;GAS;3;i;z002;
0;91;;0,034853278;;34,85327842;NCD;12;GAS;3;i;z002;
0;92;;0,030517799;;30,5177993;NCD;12;GAS;3;i;z002;
0;93;;0,04408873;;44,0887305;NCD;12;GAS;3;i;z002;
0;94;;0,041119977;;41,11997662;NCD;12;GAS;3;i;z002;
0;95;;0,049116648;;49,11664793;NCD;12;GAS;3;i;z002;
0;96;;0,036880363;;36,88036301;NCD;12;GAS;3;i;z002;
0;97;;0,037671091;;37,67109084;NCD;12;GAS;3;i;z002;
0;98;;0,037357989;;37,35798924;NCD;12;GAS;3;i;z002;
0;99;;0,045912292;;45,9122917;NCD;12;GAS;3;i;z002;
0;100;;0,037346687;;37,34668737;NCD;12;GAS;3;i;z002;
0;101;;0,040352154;;40,35215428;NCD;12;GAS;3;i;z002;
0;102;;0,040952989;;40,95298937;NCD;12;GAS;3;i;z002;
0;103;;0,035665706;;35,66570613;NCD;12;GAS;3;i;z002;
0;104;;0,042303549;;42,30354878;NCD;12;GAS;3;i;z002;
0;105;;0,03020404;;30,20404001;NCD;12;GAS;3;i;z002;
0;106;;0,046692964;;46,69296449;NCD;12;GAS;3;i;z002;
0;107;;0,038851108;;38,85110808;NCD;12;GAS;3;i;z002;
0;108;;0,035342993;;35,34299321;NCD;12;GAS;3;i;z002;
0;109;;0,039304996;;39,30499597;NCD;12;GAS;3;i;z002;
0;110;;0,038099195;;38,09919487;NCD;12;GAS;3;i;z002;
0;111;;0,041647252;;41,6472524;NCD;12;GAS;3;i;z002;
0;112;;0,044908749;;44,90874931;NCD;12;GAS;3;i;z002;
0;113;;0,042900851;;42,90085138;NCD;12;GAS;3;i;z002;
0;114;;0,04129196;;41,29195971;NCD;12;GAS;3;i;z002;
0;115;;0,038608085;;38,60808461;NCD;12;GAS;3;i;z002;
0;116;;0,039077967;;39,07796731;NCD;12;GAS;3;i;z002;
0;117;;0,044767624;;44,76762421;NCD;12;GAS;3;i;z002;
0;118;;0,034426379;;34,42637874;NCD;12;GAS;3;i;z002;
0;119;;0,048132732;;48,13273216;NCD;12;GAS;3;i;z002;
0;120;;0,051877026;;51,87702587;NCD;12;GAS;3;i;z002;
0;121;;0,048193226;;48,19322596;NCD;12;GAS;3;i;z002;
0;122;;0,04876811;;48,76811015;NCD;12;GAS;3;i;z002;
0;123;;0,047841431;;47,84143133;NCD;12;GAS;3;i;z002;
0;124;;0,040661711;;40,6617114;NCD;12;GAS;3;i;z002;
0;125;;0,045845186;;45,84518566;NCD;12;GAS;3;i;z002;
0;126;;0,048444484;;48,44448369;NCD;12;GAS;3;i;z002;
0;127;;0,056613203;;56,61320346;NCD;12;GAS;3;i;z002;
0;1;;0,037808541;;37,80854068;NCD;12;GAS;3;i;z003;
0;2;;0,039325089;;39,32508942;NCD;12;GAS;3;i;z003;
0;3;;0,054068032;;54,06803233;NCD;12;GAS;3;i;z003;
0;4;;0,04668116;;46,68115962;NCD;12;GAS;3;i;z003;
0;5;;0,054402299;;54,40229924;NCD;12;GAS;3;i;z003;
0;6;;0,05672999;;56,72999;NCD;12;GAS;3;i;z003;
0;7;;0,056660998;;56,66099787;NCD;12;GAS;3;i;z003;
0;8;;0,059847574;;59,84757409;NCD;12;GAS;3;i;z003;
0;9;;0,059191489;;59,19148862;NCD;12;GAS;3;i;z003;
0;10;;0,058776714;;58,77671354;NCD;12;GAS;3;i;z003;
0;11;;0,055539;;55,53899973;NCD;12;GAS;3;i;z003;
0;12;;0,054978009;;54,97800885;NCD;12;GAS;3;i;z003;
0;13;;0,062886163;;62,88616252;NCD;12;GAS;3;i;z003;
0;14;;0,057389962;;57,38996233;NCD;12;GAS;3;i;z003;
0;15;;0,065423262;;65,42326239;NCD;12;GAS;3;i;z003;
0;16;;0,059711071;;59,71107073;NCD;12;GAS;3;i;z003;
0;17;;0,064586771;;64,5867709;NCD;12;GAS;3;i;z003;
0;18;;0,06573544;;65,73543952;NCD;12;GAS;3;i;z003;
0;19;;0,066759007;;66,75900659;NCD;12;GAS;3;i;z003;
0;20;;0,057401348;;57,4013482;NCD;12;GAS;3;i;z003;
0;21;;0,065732361;;65,73236087;NCD;12;GAS;3;i;z003;
0;22;;0,069872086;;69,87208569;NCD;12;GAS;3;i;z003;
0;23;;0,06975414;;69,75414002;NCD;12;GAS;3;i;z003;
0;24;;0,064086475;;64,08647455;NCD;12;GAS;3;i;z003;
0;25;;0,065016232;;65,01623169;NCD;12;GAS;3;i;z003;
0;26;;0,066198001;;66,19800115;NCD;12;GAS;3;i;z003;
0;27;;0,073739625;;73,73962521;NCD;12;GAS;3;i;z003;
0;28;;0,065076019;;65,07601938;NCD;12;GAS;3;i;z003;
0;29;;0,065546219;;65,54621851;NCD;12;GAS;3;i;z003;
0;30;;0,069836234;;69,83623435;NCD;12;GAS;3;i;z003;
0;31;;0,057703983;;57,7039827;NCD;12;GAS;3;i;z003;
0;32;;0,065387957;;65,38795732;NCD;12;GAS;3;i;z003;
0;33;;0,064217485;;64,21748548;NCD;12;GAS;3;i;z003;
0;34;;0,070853738;;70,85373777;NCD;12;GAS;3;i;z003;
0;35;;0,070124114;;70,1241141;NCD;12;GAS;3;i;z003;
0;36;;0,074225612;;74,22561227;NCD;12;GAS;3;i;z003;
0;37;;0,076042477;;76,04247716;NCD;12;GAS;3;i;z003;
0;1;;0,026317536;;26,31753572;NCD;12;GAS;4;d;z;
0;2;;0,021322801;;21,32280093;NCD;12;GAS;4;d;z;
0;3;;0,029123762;;29,12376203;NCD;12;GAS;4;d;z;
0;4;;0,02849351;;28,49350968;NCD;12;GAS;4;d;z;
0;5;;0,029253088;;29,25308837;NCD;12;GAS;4;d;z;
0;6;;0,037786784;;37,78678448;NCD;12;GAS;4;d;z;
0;7;;0,026655343;;26,65534292;NCD;12;GAS;4;d;z;
0;8;;0,034220107;;34,22010683;NCD;12;GAS;4;d;z;
0;9;;0,040952989;;40,95298937;NCD;12;GAS;4;d;z;
0;10;;0,032615291;;32,61529117;NCD;12;GAS;4;d;z;
0;11;;0,034279891;;34,2798913;NCD;12;GAS;4;d;z;
0;12;;0,041060783;;41,06078258;NCD;12;GAS;4;d;z;
0;13;;0,039499045;;39,4990446;NCD;12;GAS;4;d;z;
0;14;;0,04082576;;40,82575976;NCD;12;GAS;4;d;z;
0;15;;0,033414192;;33,4141921;NCD;12;GAS;4;d;z;
0;16;;0,040582216;;40,58221562;NCD;12;GAS;4;d;z;
0;17;;0,041649667;;41,64966669;NCD;12;GAS;4;d;z;
0;18;;0,04405288;;44,05288047;NCD;12;GAS;4;d;z;
0;19;;0,038223352;;38,22335166;NCD;12;GAS;4;d;z;
0;20;;0,040391998;;40,39199848;NCD;12;GAS;4;d;z;
0;21;;0,041475601;;41,4756015;NCD;12;GAS;4;d;z;
0;22;;0,042075;;42,07500024;NCD;12;GAS;4;d;z;
0;23;;0,040287059;;40,28705881;NCD;12;GAS;4;d;z;
0;24;;0,038366655;;38,36665547;NCD;12;GAS;4;d;z;
0;25;;0,043515886;;43,51588569;NCD;12;GAS;4;d;z;
0;26;;0,034381565;;34,38156486;NCD;12;GAS;4;d;z;
0;27;;0,037719586;;37,71958594;NCD;12;GAS;4;d;z;
0;28;;0,03321264;;33,21263964;NCD;12;GAS;4;d;z;
0;29;;0,042075;;42,07500024;NCD;12;GAS;4;d;z;
0;30;;0,039323562;;39,3235622;NCD;12;GAS;4;d;z;
0;31;;0,043881344;;43,88134391;NCD;12;GAS;4;d;z;
0;32;;0,038112985;;38,11298522;NCD;12;GAS;4;d;z;
0;33;;0,038574367;;38,57436709;NCD;12;GAS;4;d;z;
0;34;;0,038401038;;38,40103785;NCD;12;GAS;4;d;z;
0;35;;0,044318993;;44,31899288;NCD;12;GAS;4;d;z;
0;36;;0,042300726;;42,30072586;NCD;12;GAS;4;d;z;
0;37;;0,046999014;;46,99901371;NCD;12;GAS;4;d;z;
0;38;;0,0418791;;41,87909977;NCD;12;GAS;4;d;z;
0;39;;0,041323831;;41,32383134;NCD;12;GAS;4;d;z;
0;40;;0,048733534;;48,73353365;NCD;12;GAS;4;d;z;
0;41;;0,044944148;;44,9441476;NCD;12;GAS;4;d;z;
0;42;;0,040685816;;40,68581587;NCD;12;GAS;4;d;z;
0;43;;0,047628451;;47,62845113;NCD;12;GAS;4;d;z;
0;44;;0,034228905;;34,22890515;NCD;12;GAS;4;d;z;
0;45;;0,035903999;;35,90399865;NCD;12;GAS;4;d;z;
0;46;;0,053582597;;53,58259682;NCD;12;GAS;4;d;z;
0;47;;0,050492254;;50,49225365;NCD;12;GAS;4;d;z;
0;48;;0,040449887;;40,44988659;NCD;12;GAS;4;d;z;
0;49;;0,046697134;;46,69713427;NCD;12;GAS;4;d;z;
0;50;;0,044318993;;44,31899288;NCD;12;GAS;4;d;z;
0;51;;0,038919171;;38,91917058;NCD;12;GAS;4;d;z;
0;52;;0,047828482;;47,82848217;NCD;12;GAS;4;d;z;
0;53;;0,042734151;;42,73415068;NCD;12;GAS;4;d;z;
0;54;;0,048246009;;48,2460091;NCD;12;GAS;4;d;z;
0;55;;0,056944233;;56,94423273;NCD;12;GAS;4;d;z;
0;56;;0,038081962;;38,08196196;NCD;12;GAS;4;d;z;
0;57;;0,039453503;;39,45350269;NCD;12;GAS;4;d;z;
0;58;;0,033689917;;33,68991707;NCD;12;GAS;4;d;z;
0;59;;0,049675588;;49,67558827;NCD;12;GAS;4;d;z;
0;60;;0,050731997;;50,73199744;NCD;12;GAS;4;d;z;
0;61;;0,046346903;;46,34690282;NCD;12;GAS;4;d;z;
0;62;;0,050247369;;50,24736856;NCD;12;GAS;4;d;z;
0;63;;0,043954816;;43,95481628;NCD;12;GAS;4;d;z;
0;64;;0,042075;;42,07500024;NCD;12;GAS;4;d;z;
0;65;;0,038221388;;38,22138836;NCD;12;GAS;4;d;z;
0;66;;0,050734698;;50,73469812;NCD;12;GAS;4;d;z;
0;67;;0,06086561;;60,86561043;NCD;12;GAS;4;d;z;
0;68;;0,037586999;;37,5869995;NCD;12;GAS;4;d;z;
0;69;;0,048858295;;48,85829483;NCD;12;GAS;4;d;z;
0;70;;0,046268371;;46,2683713;NCD;12;GAS;4;d;z;
0;71;;0,046702414;;46,70241354;NCD;12;GAS;4;d;z;
0;72;;0,047592266;;47,59226636;NCD;12;GAS;4;d;z;
0;73;;0,037022537;;37,02253746;NCD;12;GAS;4;d;z;
0;74;;0,044318993;;44,31899288;NCD;12;GAS;4;d;z;
0;75;;0,037727459;;37,72745892;NCD;12;GAS;4;d;z;
0;76;;0,043449808;;43,44980785;NCD;12;GAS;4;d;z;
0;77;;0,045659621;;45,6596209;NCD;12;GAS;4;d;z;
0;78;;0,046001995;;46,00199463;NCD;12;GAS;4;d;z;
0;79;;0,053801794;;53,8017942;NCD;12;GAS;4;d;z;
0;80;;0,042113975;;42,11397544;NCD;12;GAS;4;d;z;
0;81;;0,046990717;;46,99071748;NCD;12;GAS;4;d;z;
0;82;;0,050652325;;50,65232543;NCD;12;GAS;4;d;z;
0;83;;0,048580072;;48,58007186;NCD;12;GAS;4;d;z;
0;84;;0,048142093;;48,1420931;NCD;12;GAS;4;d;z;
0;85;;0,05617625;;56,17625027;NCD;12;GAS;4;d;z;
0;86;;0,046344332;;46,34433154;NCD;12;GAS;4;d;z;
0;87;;0,043359997;;43,35999683;NCD;12;GAS;4;d;z;
0;88;;0,05930585;;59,30585012;NCD;12;GAS;4;d;z;
0;89;;0,047327886;;47,32788559;NCD;12;GAS;4;d;z;
0;1;;0,011780998;;11,78099774;NCD;12;GAS;4;d;z001;
0;2;;0,021650891;;21,65089145;NCD;12;GAS;4;d;z001;
0;3;;0,023561995;;23,56199548;NCD;12;GAS;4;d;z001;
0;4;;0,021817785;;21,81778534;NCD;12;GAS;4;d;z001;
0;5;;0,029347439;;29,34743933;NCD;12;GAS;4;d;z001;
0;6;;0,027237763;;27,23776339;NCD;12;GAS;4;d;z001;
0;7;;0,026127033;;26,12703332;NCD;12;GAS;4;d;z001;
0;8;;0,028601102;;28,60110209;NCD;12;GAS;4;d;z001;
0;9;;0,029436943;;29,43694267;NCD;12;GAS;4;d;z001;
0;10;;0,029359388;;29,35938794;NCD;12;GAS;4;d;z001;
0;11;;0,03214092;;32,14091957;NCD;12;GAS;4;d;z001;
0;12;;0,02580606;;25,80606027;NCD;12;GAS;4;d;z001;
0;13;;0,029268086;;29,26808573;NCD;12;GAS;4;d;z001;
0;14;;0,026476879;;26,47687873;NCD;12;GAS;4;d;z001;
0;15;;0,031357162;;31,35716234;NCD;12;GAS;4;d;z001;
0;16;;0,03532409;;35,32408951;NCD;12;GAS;4;d;z001;
0;17;;0,036120168;;36,12016818;NCD;12;GAS;4;d;z001;
0;18;;0,034340565;;34,3405646;NCD;12;GAS;4;d;z001;
0;19;;0,042636006;;42,63600567;NCD;12;GAS;4;d;z001;
0;20;;0,033782105;;33,78210477;NCD;12;GAS;4;d;z001;
0;21;;0,037626915;;37,62691536;NCD;12;GAS;4;d;z001;
0;22;;0,036096381;;36,09638066;NCD;12;GAS;4;d;z001;
0;23;;0,040779564;;40,77956441;NCD;12;GAS;4;d;z001;
0;24;;0,03315157;;33,15156953;NCD;12;GAS;4;d;z001;
0;25;;0,037467612;;37,46761232;NCD;12;GAS;4;d;z001;
0;26;;0,032166558;;32,1665583;NCD;12;GAS;4;d;z001;
0;27;;0,035408856;;35,40885578;NCD;12;GAS;4;d;z001;
0;28;;0,033719703;;33,71970325;NCD;12;GAS;4;d;z001;
0;29;;0,031807827;;31,80782668;NCD;12;GAS;4;d;z001;
0;30;;0,044879998;;44,87999831;NCD;12;GAS;4;d;z001;
0;31;;0,026195925;;26,19592512;NCD;12;GAS;4;d;z001;
0;32;;0,031623546;;31,62354628;NCD;12;GAS;4;d;z001;
0;33;;0,041585473;;41,58547334;NCD;12;GAS;4;d;z001;
0;34;;0,043339763;;43,33976346;NCD;12;GAS;4;d;z001;
0;35;;0,040941291;;40,94129121;NCD;12;GAS;4;d;z001;
0;36;;0,029651751;;29,6517509;NCD;12;GAS;4;d;z001;
0;37;;0,051049201;;51,04920069;NCD;12;GAS;4;d;z001;
0;38;;0,034795011;;34,79501145;NCD;12;GAS;4;d;z001;
0;39;;0,034781988;;34,78198778;NCD;12;GAS;4;d;z001;
0;40;;0,042843976;;42,84397588;NCD;12;GAS;4;d;z001;
0;41;;0,035506806;;35,5068056;NCD;12;GAS;4;d;z001;
0;42;;0,048274703;;48,2747029;NCD;12;GAS;4;d;z001;
0;43;;0,048807007;;48,80700726;NCD;12;GAS;4;d;z001;
0;44;;0,033599324;;33,59932414;NCD;12;GAS;4;d;z001;
0;45;;0,044734498;;44,73449829;NCD;12;GAS;4;d;z001;
0;46;;0,031775398;;31,77539779;NCD;12;GAS;4;d;z001;
0;47;;0,031128299;;31,12829865;NCD;12;GAS;4;d;z001;
0;48;;0,041626308;;41,62630815;NCD;12;GAS;4;d;z001;
0;49;;0,045661402;;45,66140244;NCD;12;GAS;4;d;z001;
0;50;;0,045464109;;45,46410882;NCD;12;GAS;4;d;z001;
0;51;;0,046584988;;46,58498805;NCD;12;GAS;4;d;z001;
0;52;;0,049929004;;49,92900358;NCD;12;GAS;4;d;z001;
0;53;;0,041720738;;41,72073786;NCD;12;GAS;4;d;z001;
0;54;;0,039931777;;39,93177671;NCD;12;GAS;4;d;z001;
0;55;;0,043152536;;43,15253589;NCD;12;GAS;4;d;z001;
0;56;;0,036691194;;36,69119379;NCD;12;GAS;4;d;z001;
0;57;;0,043152536;;43,15253589;NCD;12;GAS;4;d;z001;
0;58;;0,057698567;;57,6985675;NCD;12;GAS;4;d;z001;
0;59;;0,033855553;;33,85555315;NCD;12;GAS;4;d;z001;
0;60;;0,048807007;;48,80700726;NCD;12;GAS;4;d;z001;
0;61;;0,055696875;;55,69687514;NCD;12;GAS;4;d;z001;
0;62;;0,044601097;;44,6010968;NCD;12;GAS;4;d;z001;
0;63;;0,035560778;;35,56077807;NCD;12;GAS;4;d;z001;
0;64;;0,046506099;;46,50609917;NCD;12;GAS;4;d;z001;
0;65;;0,050080911;;50,08091121;NCD;12;GAS;4;d;z001;
0;66;;0,053326003;;53,32600315;NCD;12;GAS;4;d;z001;
0;67;;0,043633155;;43,63315511;NCD;12;GAS;4;d;z001;
0;68;;0,043654301;;43,65430139;NCD;12;GAS;4;d;z001;
0;69;;0,052347511;;52,34751077;NCD;12;GAS;4;d;z001;
0;70;;0,04922285;;49,2228504;NCD;12;GAS;4;d;z001;
0;71;;0,057325206;;57,32520551;NCD;12;GAS;4;d;z001;
0;72;;0,034586344;;34,58634402;NCD;12;GAS;4;d;z001;
0;73;;0,03837907;;38,37906984;NCD;12;GAS;4;d;z001;
0;74;;0,046689376;;46,68937576;NCD;12;GAS;4;d;z001;
0;75;;0,051720605;;51,72060512;NCD;12;GAS;4;d;z001;
0;76;;0,051470632;;51,47063247;NCD;12;GAS;4;d;z001;
0;77;;0,040580009;;40,58000942;NCD;12;GAS;4;d;z001;
0;78;;0,051214605;;51,21460531;NCD;12;GAS;4;d;z001;
0;79;;0,051785343;;51,78534299;NCD;12;GAS;4;d;z001;
0;80;;0,04465791;;44,65791048;NCD;12;GAS;4;d;z001;
0;81;;0,038797324;;38,79732407;NCD;12;GAS;4;d;z001;
0;82;;0,057746605;;57,74660454;NCD;12;GAS;4;d;z001;
0;83;;0,052040122;;52,04012166;NCD;12;GAS;4;d;z001;
0;84;;0,056198667;;56,19866668;NCD;12;GAS;4;d;z001;
0;85;;0,056071055;;56,07105497;NCD;12;GAS;4;d;z001;
0;86;;0,05781103;;57,81102981;NCD;12;GAS;4;d;z001;
0;87;;0,063231921;;63,23192087;NCD;12;GAS;4;d;z001;
0;88;;0,054607556;;54,60755634;NCD;12;GAS;4;d;z001;
0;89;;0,051299701;;51,29970059;NCD;12;GAS;4;d;z001;
0;90;;0,047166493;;47,1664933;NCD;12;GAS;4;d;z001;
0;1;;0,019010422;;19,01042151;NCD;12;GAS;4;d;z002;
0;2;;0,021510769;;21,51076931;NCD;12;GAS;4;d;z002;
0;3;;0,023330885;;23,3308849;NCD;12;GAS;4;d;z002;
0;4;;0,026961773;;26,96177328;NCD;12;GAS;4;d;z002;
0;5;;0,022393705;;22,39370465;NCD;12;GAS;4;d;z002;
0;6;;0,030050143;;30,05014286;NCD;12;GAS;4;d;z002;
0;7;;0,029771836;;29,7718355;NCD;12;GAS;4;d;z002;
0;8;;0,0245946;;24,5946;NCD;12;GAS;4;d;z002;
0;9;;0,028452305;;28,45230527;NCD;12;GAS;4;d;z002;
0;10;;0,029732997;;29,73299706;NCD;12;GAS;4;d;z002;
0;11;;0,030036497;;30,03649716;NCD;12;GAS;4;d;z002;
0;12;;0,032437914;;32,43791355;NCD;12;GAS;4;d;z002;
0;13;;0,03523427;;35,23426956;NCD;12;GAS;4;d;z002;
0;14;;0,033421275;;33,42127504;NCD;12;GAS;4;d;z002;
0;15;;0,03575932;;35,75932011;NCD;12;GAS;4;d;z002;
0;16;;0,037186496;;37,1864962;NCD;12;GAS;4;d;z002;
0;17;;0,027597558;;27,59755808;NCD;12;GAS;4;d;z002;
0;18;;0,032008285;;32,00828495;NCD;12;GAS;4;d;z002;
0;19;;0,03646499;;36,46498953;NCD;12;GAS;4;d;z002;
0;20;;0,033693794;;33,69379372;NCD;12;GAS;4;d;z002;
0;21;;0,032291759;;32,29175875;NCD;12;GAS;4;d;z002;
0;22;;0,033261946;;33,26194625;NCD;12;GAS;4;d;z002;
0;23;;0,031359527;;31,35952694;NCD;12;GAS;4;d;z002;
0;24;;0,031362653;;31,36265311;NCD;12;GAS;4;d;z002;
0;25;;0,041418691;;41,41869104;NCD;12;GAS;4;d;z002;
0;26;;0,035604179;;35,60417867;NCD;12;GAS;4;d;z002;
0;27;;0,032876144;;32,87614426;NCD;12;GAS;4;d;z002;
0;28;;0,04164722;;41,64721986;NCD;12;GAS;4;d;z002;
0;29;;0,03702601;;37,02600952;NCD;12;GAS;4;d;z002;
0;30;;0,036694435;;36,69443528;NCD;12;GAS;4;d;z002;
0;31;;0,04340907;;43,40907015;NCD;12;GAS;4;d;z002;
0;32;;0,030378763;;30,37876293;NCD;12;GAS;4;d;z002;
0;33;;0,05063028;;50,63028019;NCD;12;GAS;4;d;z002;
0;34;;0,026531843;;26,5318428;NCD;12;GAS;4;d;z002;
0;35;;0,037773956;;37,77395643;NCD;12;GAS;4;d;z002;
0;36;;0,039891028;;39,8910276;NCD;12;GAS;4;d;z002;
0;37;;0,046563015;;46,56301462;NCD;12;GAS;4;d;z002;
0;38;;0,042274648;;42,27464801;NCD;12;GAS;4;d;z002;
0;39;;0,050329079;;50,32907894;NCD;12;GAS;4;d;z002;
0;40;;0,044318993;;44,31899288;NCD;12;GAS;4;d;z002;
0;41;;0,042778422;;42,778422;NCD;12;GAS;4;d;z002;
0;42;;0,029869915;;29,86991459;NCD;12;GAS;4;d;z002;
0;43;;0,034781988;;34,78198778;NCD;12;GAS;4;d;z002;
0;44;;0,044760548;;44,76054788;NCD;12;GAS;4;d;z002;
0;45;;0,047430866;;47,43086581;NCD;12;GAS;4;d;z002;
0;46;;0,047789058;;47,78905775;NCD;12;GAS;4;d;z002;
0;47;;0,043413991;;43,41399114;NCD;12;GAS;4;d;z002;
0;48;;0,040392013;;40,39201303;NCD;12;GAS;4;d;z002;
0;49;;0,03537506;;35,37506;NCD;12;GAS;4;d;z002;
0;50;;0,049374658;;49,37465791;NCD;12;GAS;4;d;z002;
0;51;;0,048099794;;48,09979386;NCD;12;GAS;4;d;z002;
0;52;;0,038018349;;38,01834927;NCD;12;GAS;4;d;z002;
0;53;;0,045221568;;45,22156785;NCD;12;GAS;4;d;z002;
0;54;;0,049187808;;49,18780816;NCD;12;GAS;4;d;z002;
0;55;;0,045608754;;45,60875426;NCD;12;GAS;4;d;z002;
0;56;;0,043779892;;43,77989228;NCD;12;GAS;4;d;z002;
0;57;;0,044978064;;44,97806414;NCD;12;GAS;4;d;z002;
0;58;;0,047909706;;47,90970612;NCD;12;GAS;4;d;z002;
0;59;;0,038674927;;38,67492651;NCD;12;GAS;4;d;z002;
0;60;;0,044879998;;44,87999831;NCD;12;GAS;4;d;z002;
0;61;;0,04388893;;43,88892971;NCD;12;GAS;4;d;z002;
0;62;;0,038628594;;38,62859444;NCD;12;GAS;4;d;z002;
0;63;;0,041544256;;41,54425551;NCD;12;GAS;4;d;z002;
0;64;;0,051264241;;51,26424143;NCD;12;GAS;4;d;z002;
0;65;;0,050591498;;50,59149796;NCD;12;GAS;4;d;z002;
0;66;;0,045488784;;45,48878423;NCD;12;GAS;4;d;z002;
0;67;;0,052644753;;52,64475305;NCD;12;GAS;4;d;z002;
0;68;;0,043863379;;43,86337902;NCD;12;GAS;4;d;z002;
0;69;;0,056455385;;56,45538507;NCD;12;GAS;4;d;z002;
0;70;;0,042475461;;42,47546083;NCD;12;GAS;4;d;z002;
0;71;;0,047600741;;47,6007412;NCD;12;GAS;4;d;z002;
0;72;;0,038074748;;38,07474826;NCD;12;GAS;4;d;z002;
0;73;;0,043403438;;43,40343816;NCD;12;GAS;4;d;z002;
0;74;;0,054543651;;54,54365102;NCD;12;GAS;4;d;z002;
0;75;;0,046797745;;46,79774478;NCD;12;GAS;4;d;z002;
0;76;;0,035467228;;35,46722794;NCD;12;GAS;4;d;z002;
0;77;;0,048906254;;48,90625352;NCD;12;GAS;4;d;z002;
0;78;;0,039697259;;39,69725929;NCD;12;GAS;4;d;z002;
0;79;;0,043062857;;43,06285664;NCD;12;GAS;4;d;z002;
0;80;;0,045779645;;45,7796446;NCD;12;GAS;4;d;z002;
0;81;;0,045724142;;45,72414191;NCD;12;GAS;4;d;z002;
0;82;;0,045880493;;45,88049329;NCD;12;GAS;4;d;z002;
0;83;;0,046250178;;46,25017782;NCD;12;GAS;4;d;z002;
0;84;;0,039389262;;39,3892621;NCD;12;GAS;4;d;z002;
0;85;;0,051730279;;51,73027937;NCD;12;GAS;4;d;z002;
0;86;;0,060482721;;60,48272126;NCD;12;GAS;4;d;z002;
0;1;;0,020231033;;20,23103264;NCD;12;GAS;4;i;z;
0;2;;0,018816525;;18,81652515;NCD;12;GAS;4;i;z;
0;3;;0,023834258;;23,83425825;NCD;12;GAS;4;i;z;
0;4;;0,023007858;;23,00785759;NCD;12;GAS;4;i;z;
0;5;;0,02829312;;28,29312035;NCD;12;GAS;4;i;z;
0;6;;0,027597545;;27,59754506;NCD;12;GAS;4;i;z;
0;7;;0,037197575;;37,19757513;NCD;12;GAS;4;i;z;
0;8;;0,033268471;;33,26847078;NCD;12;GAS;4;i;z;
0;9;;0,035485055;;35,48505497;NCD;12;GAS;4;i;z;
0;10;;0,022411716;;22,41171573;NCD;12;GAS;4;i;z;
0;11;;0,033793152;;33,79315174;NCD;12;GAS;4;i;z;
0;12;;0,029176677;;29,17667654;NCD;12;GAS;4;i;z;
0;13;;0,034608383;;34,60838309;NCD;12;GAS;4;i;z;
0;14;;0,040952989;;40,95298937;NCD;12;GAS;4;i;z;
0;15;;0,028517437;;28,51743698;NCD;12;GAS;4;i;z;
0;16;;0,041239281;;41,2392806;NCD;12;GAS;4;i;z;
0;17;;0,040114425;;40,11442498;NCD;12;GAS;4;i;z;
0;18;;0,030729191;;30,72919102;NCD;12;GAS;4;i;z;
0;19;;0,037586986;;37,58698585;NCD;12;GAS;4;i;z;
0;20;;0,036408673;;36,408673;NCD;12;GAS;4;i;z;
0;21;;0,035766386;;35,76638603;NCD;12;GAS;4;i;z;
0;22;;0,041391564;;41,39156429;NCD;12;GAS;4;i;z;
0;23;;0,039239495;;39,23949543;NCD;12;GAS;4;i;z;
0;24;;0,038604106;;38,60410585;NCD;12;GAS;4;i;z;
0;25;;0,045395288;;45,39528823;NCD;12;GAS;4;i;z;
0;26;;0,03662948;;36,62948026;NCD;12;GAS;4;i;z;
0;27;;0,039710636;;39,71063643;NCD;12;GAS;4;i;z;
0;28;;0,043370505;;43,37050456;NCD;12;GAS;4;i;z;
0;29;;0,041850285;;41,85028489;NCD;12;GAS;4;i;z;
0;30;;0,040276656;;40,27665601;NCD;12;GAS;4;i;z;
0;31;;0,040141904;;40,14190384;NCD;12;GAS;4;i;z;
0;32;;0,046563015;;46,56301462;NCD;12;GAS;4;i;z;
0;33;;0,039482796;;39,48279559;NCD;12;GAS;4;i;z;
0;34;;0,044540994;;44,54099419;NCD;12;GAS;4;i;z;
0;35;;0,031851791;;31,85179085;NCD;12;GAS;4;i;z;
0;36;;0,048629453;;48,62945308;NCD;12;GAS;4;i;z;
0;37;;0,041358658;;41,35865766;NCD;12;GAS;4;i;z;
0;38;;0,049150361;;49,15036133;NCD;12;GAS;4;i;z;
0;39;;0,03620141;;36,20141044;NCD;12;GAS;4;i;z;
0;40;;0,041871076;;41,87107616;NCD;12;GAS;4;i;z;
0;41;;0,042075;;42,07500024;NCD;12;GAS;4;i;z;
0;42;;0,034764759;;34,76475888;NCD;12;GAS;4;i;z;
0;43;;0,048730379;;48,73037932;NCD;12;GAS;4;i;z;
0;44;;0,041776738;;41,77673838;NCD;12;GAS;4;i;z;
0;45;;0,035136215;;35,13621493;NCD;12;GAS;4;i;z;
0;46;;0,047986246;;47,98624627;NCD;12;GAS;4;i;z;
0;47;;0,047709181;;47,70918102;NCD;12;GAS;4;i;z;
0;48;;0,043967301;;43,96730109;NCD;12;GAS;4;i;z;
0;49;;0,040001872;;40,00187209;NCD;12;GAS;4;i;z;
0;50;;0,050383198;;50,38319835;NCD;12;GAS;4;i;z;
0;51;;0,040392013;;40,39201303;NCD;12;GAS;4;i;z;
0;52;;0,040149015;;40,14901459;NCD;12;GAS;4;i;z;
0;53;;0,050824524;;50,82452429;NCD;12;GAS;4;i;z;
0;54;;0,038630531;;38,6305313;NCD;12;GAS;4;i;z;
0;55;;0,044991395;;44,99139521;NCD;12;GAS;4;i;z;
0;56;;0,040165429;;40,16542854;NCD;12;GAS;4;i;z;
0;57;;0,047591482;;47,5914821;NCD;12;GAS;4;i;z;
0;58;;0,058213967;;58,2139674;NCD;12;GAS;4;i;z;
0;59;;0,04442633;;44,42633032;NCD;12;GAS;4;i;z;
0;60;;0,052949595;;52,94959451;NCD;12;GAS;4;i;z;
0;61;;0,051862524;;51,86252379;NCD;12;GAS;4;i;z;
0;62;;0,053157967;;53,15796735;NCD;12;GAS;4;i;z;
0;63;;0,054630509;;54,6305095;NCD;12;GAS;4;i;z;
0;64;;0,038708997;;38,70899673;NCD;12;GAS;4;i;z;
0;65;;0,055538985;;55,53898518;NCD;12;GAS;4;i;z;
0;66;;0,058344;;58,34399963;NCD;12;GAS;4;i;z;
0;67;;0,052957369;;52,95736918;NCD;12;GAS;4;i;z;
0;68;;0,055408396;;55,40839609;NCD;12;GAS;4;i;z;
0;69;;0,036753139;;36,75313917;NCD;12;GAS;4;i;z;
0;70;;0,050367762;;50,36776171;NCD;12;GAS;4;i;z;
0;71;;0,050969004;;50,96900425;NCD;12;GAS;4;i;z;
0;72;;0,047570762;;47,57076214;NCD;12;GAS;4;i;z;
0;73;;0,053965318;;53,96531769;NCD;12;GAS;4;i;z;
0;74;;0,055764613;;55,76461298;NCD;12;GAS;4;i;z;
0;75;;0,043137631;;43,13763076;NCD;12;GAS;4;i;z;
0;76;;0,050234916;;50,23491633;NCD;12;GAS;4;i;z;
0;77;;0,054742798;;54,74279845;NCD;12;GAS;4;i;z;
0;78;;0,058168867;;58,16886653;NCD;12;GAS;4;i;z;
0;79;;0,046341075;;46,34107457;NCD;12;GAS;4;i;z;
0;80;;0,039078992;;39,07899168;NCD;12;GAS;4;i;z;
0;81;;0,053369606;;53,36960649;NCD;12;GAS;4;i;z;
0;82;;0,065959915;;65,95991517;NCD;12;GAS;4;i;z;
0;83;;0,043582102;;43,58210152;NCD;12;GAS;4;i;z;
0;1;;0,022205807;;22,20580685;HFD;16;GAS;1;i;z;
0;2;;0,023522328;;23,52232804;HFD;16;GAS;1;i;z;
0;3;;0,022943808;;22,94380815;HFD;16;GAS;1;i;z;
0;4;;0,027531341;;27,53134118;HFD;16;GAS;1;i;z;
0;5;;0,023001001;;23,00100095;HFD;16;GAS;1;i;z;
0;6;;0,03015843;;30,15842998;HFD;16;GAS;1;i;z;
0;7;;0,024306957;;24,30695667;HFD;16;GAS;1;i;z;
0;8;;0,023234377;;23,23437719;HFD;16;GAS;1;i;z;
0;9;;0,029732968;;29,73296796;HFD;16;GAS;1;i;z;
0;10;;0,032199916;;32,19991622;HFD;16;GAS;1;i;z;
0;11;;0,031760206;;31,76020642;HFD;16;GAS;1;i;z;
0;12;;0,03337392;;33,37392023;HFD;16;GAS;1;i;z;
0;13;;0,032727165;;32,72716518;HFD;16;GAS;1;i;z;
0;14;;0,023015913;;23,01591275;HFD;16;GAS;1;i;z;
0;15;;0,033354398;;33,35439845;HFD;16;GAS;1;i;z;
0;16;;0,037185747;;37,18574696;HFD;16;GAS;1;i;z;
0;17;;0,028049995;;28,04999531;HFD;16;GAS;1;i;z;
0;18;;0,036237319;;36,23731855;HFD;16;GAS;1;i;z;
0;19;;0,027414578;;27,41457764;HFD;16;GAS;1;i;z;
0;20;;0,025902041;;25,9020415;HFD;16;GAS;1;i;z;
0;21;;0,03116454;;31,16454;HFD;16;GAS;1;i;z;
0;22;;0,033342416;;33,34241582;HFD;16;GAS;1;i;z;
0;23;;0,029099286;;29,09928615;HFD;16;GAS;1;i;z;
0;24;;0,035227193;;35,22719266;HFD;16;GAS;1;i;z;
0;25;;0,033589886;;33,58988642;HFD;16;GAS;1;i;z;
0;26;;0,028049981;;28,04998076;HFD;16;GAS;1;i;z;
0;27;;0,03334469;;33,3446895;HFD;16;GAS;1;i;z;
0;28;;0,031959406;;31,95940574;HFD;16;GAS;1;i;z;
0;29;;0,026938035;;26,93803494;HFD;16;GAS;1;i;z;
0;30;;0,024393026;;24,39302631;HFD;16;GAS;1;i;z;
0;31;;0,035701624;;35,70162425;HFD;16;GAS;1;i;z;
0;32;;0,031977001;;31,97700062;HFD;16;GAS;1;i;z;
0;33;;0,031977019;;31,97701881;HFD;16;GAS;1;i;z;
0;34;;0,029171992;;29,17199163;HFD;16;GAS;1;i;z;
0;35;;0,026927999;;26,92799899;HFD;16;GAS;1;i;z;
0;36;;0,035539802;;35,539802;HFD;16;GAS;1;i;z;
0;37;;0,030197258;;30,19725809;HFD;16;GAS;1;i;z;
0;38;;0,034906531;;34,90653066;HFD;16;GAS;1;i;z;
0;39;;0,033759307;;33,75930679;HFD;16;GAS;1;i;z;
0;40;;0,036413677;;36,41367731;HFD;16;GAS;1;i;z;
0;41;;0,038788829;;38,78882868;HFD;16;GAS;1;i;z;
0;42;;0,033762718;;33,76271751;HFD;16;GAS;1;i;z;
0;43;;0,034716572;;34,71657215;HFD;16;GAS;1;i;z;
0;44;;0,035273709;;35,27370893;HFD;16;GAS;1;i;z;
0;45;;0,033563149;;33,56314916;HFD;16;GAS;1;i;z;
0;46;;0,032228996;;32,22899644;HFD;16;GAS;1;i;z;
0;47;;0,031976997;;31,97699698;HFD;16;GAS;1;i;z;
0;48;;0,035290349;;35,29034939;HFD;16;GAS;1;i;z;
0;49;;0,036985755;;36,98575481;HFD;16;GAS;1;i;z;
0;50;;0,030294002;;30,2940025;HFD;16;GAS;1;i;z;
0;51;;0,032537995;;32,53799514;HFD;16;GAS;1;i;z;
0;52;;0,038179774;;38,17977372;HFD;16;GAS;1;i;z;
0;53;;0,044479705;;44,47970453;HFD;16;GAS;1;i;z;
0;54;;0,028071022;;28,07102204;HFD;16;GAS;1;i;z;
0;55;;0,037312168;;37,31216766;HFD;16;GAS;1;i;z;
0;56;;0,037025999;;37,02599861;HFD;16;GAS;1;i;z;
0;57;;0,037357426;;37,35742611;HFD;16;GAS;1;i;z;
0;58;;0,042713946;;42,7139457;HFD;16;GAS;1;i;z;
0;59;;0,045904853;;45,90485334;HFD;16;GAS;1;i;z;
0;60;;0,040265319;;40,26531937;HFD;16;GAS;1;i;z;
0;61;;0,041256601;;41,25660099;HFD;16;GAS;1;i;z;
0;62;;0,048170256;;48,17025597;HFD;16;GAS;1;i;z;
0;63;;0,034826993;;34,82699299;HFD;16;GAS;1;i;z;
0;64;;0,033098999;;33,09899876;HFD;16;GAS;1;i;z;
0;65;;0,039266331;;39,26633091;HFD;16;GAS;1;i;z;
0;66;;0,039891002;;39,89100157;HFD;16;GAS;1;i;z;
0;67;;0,039830993;;39,83099305;HFD;16;GAS;1;i;z;
0;68;;0,036400514;;36,4005136;HFD;16;GAS;1;i;z;
0;69;;0,038386313;;38,38631257;HFD;16;GAS;1;i;z;
0;70;;0,039722447;;39,72244701;HFD;16;GAS;1;i;z;
0;71;;0,044641778;;44,64177756;HFD;16;GAS;1;i;z;
0;72;;0,033659999;;33,65999873;HFD;16;GAS;1;i;z;
0;73;;0,043243175;;43,24317473;HFD;16;GAS;1;i;z;
0;74;;0,038613263;;38,61326312;HFD;16;GAS;1;i;z;
0;75;;0,037559022;;37,55902172;HFD;16;GAS;1;i;z;
0;76;;0,036668663;;36,66866252;HFD;16;GAS;1;i;z;
0;77;;0,050865709;;50,86570909;HFD;16;GAS;1;i;z;
0;78;;0,034723685;;34,72368479;HFD;16;GAS;1;i;z;
0;79;;0,030449319;;30,44931883;HFD;16;GAS;1;i;z;
0;80;;0,040719604;;40,71960423;HFD;16;GAS;1;i;z;
0;81;;0,038362839;;38,36283874;HFD;16;GAS;1;i;z;
0;82;;0,031879517;;31,87951732;HFD;16;GAS;1;i;z;
0;83;;0,033558794;;33,55879425;HFD;16;GAS;1;i;z;
0;84;;0,043758002;;43,75800199;HFD;16;GAS;1;i;z;
0;85;;0,036644744;;36,64474414;HFD;16;GAS;1;i;z;
0;86;;0,03197699;;31,9769897;HFD;16;GAS;1;i;z;
0;87;;0,036945895;;36,94589514;HFD;16;GAS;1;i;z;
0;88;;0,031415984;;31,41598427;HFD;16;GAS;1;i;z;
0;89;;0,034221011;;34,22101145;HFD;16;GAS;1;i;z;
0;90;;0,033119543;;33,11954309;HFD;16;GAS;1;i;z;
0;91;;0,039710316;;39,71031608;HFD;16;GAS;1;i;z;
0;92;;0,035903999;;35,90399865;HFD;16;GAS;1;i;z;
0;93;;0,041593552;;41,59355179;HFD;16;GAS;1;i;z;
0;94;;0,052595086;;52,5950857;HFD;16;GAS;1;i;z;
0;95;;0,040158427;;40,15842667;HFD;16;GAS;1;i;z;
0;96;;0,042338248;;42,33824808;HFD;16;GAS;1;i;z;
0;97;;0,041513995;;41,5139948;HFD;16;GAS;1;i;z;
0;98;;0,046834901;;46,83490142;HFD;16;GAS;1;i;z;
0;99;;0,037655;;37,65500046;HFD;16;GAS;1;i;z;
0;100;;0,038892637;;38,89263672;HFD;16;GAS;1;i;z;
0;101;;0,033157633;;33,15763272;HFD;16;GAS;1;i;z;
0;102;;0,034419088;;34,41908774;HFD;16;GAS;1;i;z;
0;103;;0,042655456;;42,65545568;HFD;16;GAS;1;i;z;
0;104;;0,030610405;;30,61040481;HFD;16;GAS;1;i;z;
0;105;;0,057033905;;57,03390453;HFD;16;GAS;1;i;z;
0;106;;0,064705979;;64,70597881;HFD;16;GAS;1;i;z;
0;1;;0,022214497;;22,21449667;HFD;16;GAS;1;i;z;
0;2;;0,026568095;;26,56809477;HFD;16;GAS;1;i;z;
0;3;;0,016829988;;16,82998845;HFD;16;GAS;1;i;z;
0;4;;0,020785216;;20,78521597;HFD;16;GAS;1;i;z;
0;5;;0,025806003;;25,80600267;HFD;16;GAS;1;i;z;
0;6;;0,028561466;;28,56146632;HFD;16;GAS;1;i;z;
0;7;;0,026898303;;26,89830272;HFD;16;GAS;1;i;z;
0;8;;0,022764726;;22,76472587;HFD;16;GAS;1;i;z;
0;9;;0,02709578;;27,09577956;HFD;16;GAS;1;i;z;
0;10;;0,024123001;;24,12300091;HFD;16;GAS;1;i;z;
0;11;;0,026119509;;26,11950887;HFD;16;GAS;1;i;z;
0;12;;0,026902245;;26,9022453;HFD;16;GAS;1;i;z;
0;13;;0,030200684;;30,2006836;HFD;16;GAS;1;i;z;
0;14;;0,025746972;;25,74697211;HFD;16;GAS;1;i;z;
0;15;;0,028561482;;28,56148176;HFD;16;GAS;1;i;z;
0;16;;0,027978812;;27,97881248;HFD;16;GAS;1;i;z;
0;17;;0,028526989;;28,52698931;HFD;16;GAS;1;i;z;
0;18;;0,027768105;;27,76810541;HFD;16;GAS;1;i;z;
0;19;;0,03302136;;33,02136035;HFD;16;GAS;1;i;z;
0;20;;0,030854979;;30,85497883;HFD;16;GAS;1;i;z;
0;21;;0,033165046;;33,16504561;HFD;16;GAS;1;i;z;
0;22;;0,034034343;;34,03434325;HFD;16;GAS;1;i;z;
0;23;;0,032240903;;32,24090324;HFD;16;GAS;1;i;z;
0;24;;0,031360858;;31,3608579;HFD;16;GAS;1;i;z;
0;25;;0,033036712;;33,03671158;HFD;16;GAS;1;i;z;
0;26;;0,032591521;;32,59152067;HFD;16;GAS;1;i;z;
0;27;;0,034935539;;34,93553943;HFD;16;GAS;1;i;z;
0;28;;0,037249617;;37,24961674;HFD;16;GAS;1;i;z;
0;29;;0,033731657;;33,73165709;HFD;16;GAS;1;i;z;
0;30;;0,035493244;;35,49324385;HFD;16;GAS;1;i;z;
0;31;;0,039640112;;39,64011231;HFD;16;GAS;1;i;z;
0;32;;0,038999062;;38,99906242;HFD;16;GAS;1;i;z;
0;33;;0,03720749;;37,20748958;HFD;16;GAS;1;i;z;
0;34;;0,033396226;;33,39622555;HFD;16;GAS;1;i;z;
0;35;;0,034501045;;34,50104512;HFD;16;GAS;1;i;z;
0;36;;0,033610347;;33,61034706;HFD;16;GAS;1;i;z;
0;37;;0,041119914;;41,11991369;HFD;16;GAS;1;i;z;
0;38;;0,039270002;;39,27000216;HFD;16;GAS;1;i;z;
0;39;;0,038147991;;38,14799129;HFD;16;GAS;1;i;z;
0;40;;0,04315532;;43,15531965;HFD;16;GAS;1;i;z;
0;41;;0,031927709;;31,92770931;HFD;16;GAS;1;i;z;
0;42;;0,033839495;;33,83949535;HFD;16;GAS;1;i;z;
0;43;;0,041610151;;41,6101507;HFD;16;GAS;1;i;z;
0;44;;0,0300199;;30,01989987;HFD;16;GAS;1;i;z;
0;45;;0,03799293;;37,99293008;HFD;16;GAS;1;i;z;
0;46;;0,035915075;;35,91507465;HFD;16;GAS;1;i;z;
0;47;;0,038220236;;38,22023551;HFD;16;GAS;1;i;z;
0;48;;0,040679986;;40,67998597;HFD;16;GAS;1;i;z;
0;49;;0,041273634;;41,27363353;HFD;16;GAS;1;i;z;
0;50;;0,035013465;;35,01346523;HFD;16;GAS;1;i;z;
0;51;;0,040891138;;40,89113823;HFD;16;GAS;1;i;z;
0;52;;0,03966871;;39,66870951;HFD;16;GAS;1;i;z;
0;53;;0,038833928;;38,83392849;HFD;16;GAS;1;i;z;
0;54;;0,045670207;;45,6702066;HFD;16;GAS;1;i;z;
0;55;;0,038875333;;38,87533316;HFD;16;GAS;1;i;z;
0;56;;0,045168507;;45,1685069;HFD;16;GAS;1;i;z;
0;57;;0,039272014;;39,27201362;HFD;16;GAS;1;i;z;
0;58;;0,038762562;;38,76256236;HFD;16;GAS;1;i;z;
0;59;;0,033742013;;33,74201349;HFD;16;GAS;1;i;z;
0;60;;0,044879998;;44,87999831;HFD;16;GAS;1;i;z;
0;61;;0,04152332;;41,52331975;HFD;16;GAS;1;i;z;
0;62;;0,036550609;;36,5506087;HFD;16;GAS;1;i;z;
0;63;;0,049397421;;49,39742061;HFD;16;GAS;1;i;z;
0;64;;0,024553976;;24,55397562;HFD;16;GAS;1;i;z;
0;65;;0,033038583;;33,03858269;HFD;16;GAS;1;i;z;
0;66;;0,042739463;;42,73946304;HFD;16;GAS;1;i;z;
0;67;;0,03702598;;37,02598042;HFD;16;GAS;1;i;z;
0;68;;0,048604596;;48,60459565;HFD;16;GAS;1;i;z;
0;69;;0,036752815;;36,75281544;HFD;16;GAS;1;i;z;
0;70;;0,040487243;;40,4872427;HFD;16;GAS;1;i;z;
0;71;;0,035934231;;35,93423075;HFD;16;GAS;1;i;z;
0;72;;0,043886485;;43,88648547;HFD;16;GAS;1;i;z;
0;73;;0,036694434;;36,69443406;HFD;16;GAS;1;i;z;
0;74;;0,039270002;;39,27000216;HFD;16;GAS;1;i;z;
0;75;;0,048065505;;48,06550482;HFD;16;GAS;1;i;z;
0;76;;0,049162954;;49,16295434;HFD;16;GAS;1;i;z;
0;77;;0,047684999;;47,68499912;HFD;16;GAS;1;i;z;
0;78;;0,03884301;;38,84301015;HFD;16;GAS;1;i;z;
0;79;;0,049342542;;49,34254237;HFD;16;GAS;1;i;z;
0;80;;0,04093679;;40,9367902;HFD;16;GAS;1;i;z;
0;81;;0,036465004;;36,46500409;HFD;16;GAS;1;i;z;
0;82;;0,034221011;;34,22101145;HFD;16;GAS;1;i;z;
0;83;;0,033939058;;33,93905814;HFD;16;GAS;1;i;z;
0;84;;0,042075;;42,07500024;HFD;16;GAS;1;i;z;
0;85;;0,040197223;;40,19722282;HFD;16;GAS;1;i;z;
0;86;;0,044448805;;44,44880484;HFD;16;GAS;1;i;z;
0;87;;0,035155184;;35,15518385;HFD;16;GAS;1;i;z;
0;88;;0,046293848;;46,29384789;HFD;16;GAS;1;i;z;
0;89;;0,045441004;;45,44100375;HFD;16;GAS;1;i;z;
0;90;;0,044338033;;44,33803282;HFD;16;GAS;1;i;z;
0;91;;0,043969667;;43,96966676;HFD;16;GAS;1;i;z;
0;92;;0,045758161;;45,75816119;HFD;16;GAS;1;i;z;
0;93;;0,042172849;;42,17284881;HFD;16;GAS;1;i;z;
0;94;;0,043757987;;43,75798744;HFD;16;GAS;1;i;z;
0;95;;0,047056486;;47,05648569;HFD;16;GAS;1;i;z;
0;96;;0,044332458;;44,33245792;HFD;16;GAS;1;i;z;
0;97;;0,040348578;;40,34857771;HFD;16;GAS;1;i;z;
0;98;;0,048506682;;48,5066823;HFD;16;GAS;1;i;z;
0;99;;0,045578865;;45,57886541;HFD;16;GAS;1;i;z;
0;100;;0,041054182;;41,05418227;HFD;16;GAS;1;i;z;
0;101;;0,045362211;;45,36221097;HFD;16;GAS;1;i;z;
0;102;;0,042277818;;42,27781799;HFD;16;GAS;1;i;z;
0;103;;0,049020238;;49,02023788;HFD;16;GAS;1;i;z;
0;104;;0,048438141;;48,43814076;HFD;16;GAS;1;i;z;
0;105;;0,047713646;;47,71364588;HFD;16;GAS;1;i;z;
0;106;;0,050357649;;50,35764927;HFD;16;GAS;1;i;z;
0;107;;0,052754913;;52,75491301;HFD;16;GAS;1;i;z;
0;108;;0,046013812;;46,01381223;HFD;16;GAS;1;i;z;
0;109;;0,0513799;;51,37990042;HFD;16;GAS;1;i;z;
0;110;;0,038570425;;38,57042516;HFD;16;GAS;1;i;z;
0;111;;0,048412183;;48,41218283;HFD;16;GAS;1;i;z;
0;112;;0,050883833;;50,88383293;HFD;16;GAS;1;i;z;
0;113;;0,05255671;;52,55671024;HFD;16;GAS;1;i;z;
0;114;;0,041424712;;41,42471212;HFD;16;GAS;1;i;z;
0;115;;0,035327629;;35,32762929;HFD;16;GAS;1;i;z;
0;116;;0,054295524;;54,29552416;HFD;16;GAS;1;i;z;
0;117;;0,038274589;;38,27458927;HFD;16;GAS;1;i;z;
0;118;;0,04857314;;48,57313994;HFD;16;GAS;1;i;z;
0;1;;0,017609977;;17,60997669;HFD;16;GAS;1;i;z001;
0;2;;0,019398258;;19,398258;HFD;16;GAS;1;i;z001;
0;3;;0,02333248;;23,33247974;HFD;16;GAS;1;i;z001;
0;4;;0,025872296;;25,87229623;HFD;16;GAS;1;i;z001;
0;5;;0,018666896;;18,66689619;HFD;16;GAS;1;i;z001;
0;6;;0,021945154;;21,94515446;HFD;16;GAS;1;i;z001;
0;7;;0,024991301;;24,99130104;HFD;16;GAS;1;i;z001;
0;8;;0,019073996;;19,07399565;HFD;16;GAS;1;i;z001;
0;9;;0,026186113;;26,18611312;HFD;16;GAS;1;i;z001;
0;10;;0,026210692;;26,21069181;HFD;16;GAS;1;i;z001;
0;11;;0,023007858;;23,00785759;HFD;16;GAS;1;i;z001;
0;12;;0,020739475;;20,7394746;HFD;16;GAS;1;i;z001;
0;13;;0,022196002;;22,19600193;HFD;16;GAS;1;i;z001;
0;14;;0,025805999;;25,80599903;HFD;16;GAS;1;i;z001;
0;15;;0,025351849;;25,35184943;HFD;16;GAS;1;i;z001;
0;16;;0,030317658;;30,31765777;HFD;16;GAS;1;i;z001;
0;17;;0,028075975;;28,07597517;HFD;16;GAS;1;i;z001;
0;18;;0,028088087;;28,08808749;HFD;16;GAS;1;i;z001;
0;19;;0,026757099;;26,75709886;HFD;16;GAS;1;i;z001;
0;20;;0,030763636;;30,76363551;HFD;16;GAS;1;i;z001;
0;21;;0,031016692;;31,01669154;HFD;16;GAS;1;i;z001;
0;22;;0,029172002;;29,17200163;HFD;16;GAS;1;i;z001;
0;23;;0,024627789;;24,62778856;HFD;16;GAS;1;i;z001;
0;24;;0,028036069;;28,03606899;HFD;16;GAS;1;i;z001;
0;25;;0,030107354;;30,10735418;HFD;16;GAS;1;i;z001;
0;26;;0,032131662;;32,13166247;HFD;16;GAS;1;i;z001;
0;27;;0,03158654;;31,58653981;HFD;16;GAS;1;i;z001;
0;28;;0,029171992;;29,17199163;HFD;16;GAS;1;i;z001;
0;29;;0,026537692;;26,53769162;HFD;16;GAS;1;i;z001;
0;30;;0,0289212;;28,92119989;HFD;16;GAS;1;i;z001;
0;31;;0,026247754;;26,24775393;HFD;16;GAS;1;i;z001;
0;32;;0,025570121;;25,57012123;HFD;16;GAS;1;i;z001;
0;33;;0,036024303;;36,02430263;HFD;16;GAS;1;i;z001;
0;34;;0,033521109;;33,52110852;HFD;16;GAS;1;i;z001;
0;35;;0,02547966;;25,47966035;HFD;16;GAS;1;i;z001;
0;36;;0,026690472;;26,69047211;HFD;16;GAS;1;i;z001;
0;37;;0,037587015;;37,58701496;HFD;16;GAS;1;i;z001;
0;38;;0,032925044;;32,92504397;HFD;16;GAS;1;i;z001;
0;39;;0,035130596;;35,13059598;HFD;16;GAS;1;i;z001;
0;40;;0,034782046;;34,78204599;HFD;16;GAS;1;i;z001;
0;41;;0,030854993;;30,85499338;HFD;16;GAS;1;i;z001;
0;42;;0,035467235;;35,46723511;HFD;16;GAS;1;i;z001;
0;43;;0,029145583;;29,1455832;HFD;16;GAS;1;i;z001;
0;44;;0,034661255;;34,66125536;HFD;16;GAS;1;i;z001;
0;45;;0,033367959;;33,36795895;HFD;16;GAS;1;i;z001;
0;46;;0,033321709;;33,32170899;HFD;16;GAS;1;i;z001;
0;47;;0,034416398;;34,41639783;HFD;16;GAS;1;i;z001;
0;48;;0,034387606;;34,38760599;HFD;16;GAS;1;i;z001;
0;49;;0,030341642;;30,34164175;HFD;16;GAS;1;i;z001;
0;50;;0,032392512;;32,39251202;HFD;16;GAS;1;i;z001;
0;51;;0,029852885;;29,85288454;HFD;16;GAS;1;i;z001;
0;52;;0,040298486;;40,29848623;HFD;16;GAS;1;i;z001;
0;53;;0,033773726;;33,77372557;HFD;16;GAS;1;i;z001;
0;54;;0,038147999;;38,14799948;HFD;16;GAS;1;i;z001;
0;55;;0,028001233;;28,00123349;HFD;16;GAS;1;i;z001;
0;56;;0,033503925;;33,50392544;HFD;16;GAS;1;i;z001;
0;57;;0,033099001;;33,09900058;HFD;16;GAS;1;i;z001;
0;58;;0,0366295;;36,62949978;HFD;16;GAS;1;i;z001;
0;59;;0,029934893;;29,93489329;HFD;16;GAS;1;i;z001;
0;60;;0,037587;;37,58700041;HFD;16;GAS;1;i;z001;
0;61;;0,031006702;;31,00670199;HFD;16;GAS;1;i;z001;
0;62;;0,032023049;;32,02304886;HFD;16;GAS;1;i;z001;
0;63;;0,039097464;;39,09746393;HFD;16;GAS;1;i;z001;
0;64;;0,031789434;;31,78943432;HFD;16;GAS;1;i;z001;
0;65;;0,033359353;;33,35935296;HFD;16;GAS;1;i;z001;
0;66;;0,03646499;;36,46498953;HFD;16;GAS;1;i;z001;
0;67;;0,042075;;42,07500024;HFD;16;GAS;1;i;z001;
0;68;;0,033802525;;33,80252513;HFD;16;GAS;1;i;z001;
0;69;;0,03524539;;35,24539041;HFD;16;GAS;1;i;z001;
0;70;;0,038541968;;38,54196801;HFD;16;GAS;1;i;z001;
0;71;;0,04095385;;40,95385016;HFD;16;GAS;1;i;z001;
0;72;;0,036678952;;36,67895211;HFD;16;GAS;1;i;z001;
0;73;;0,033894835;;33,89483512;HFD;16;GAS;1;i;z001;
0;74;;0,033925434;;33,92543366;HFD;16;GAS;1;i;z001;
0;75;;0,035544566;;35,54456633;HFD;16;GAS;1;i;z001;
0;76;;0,03565937;;35,65937045;HFD;16;GAS;1;i;z001;
0;77;;0,043905204;;43,90520366;HFD;16;GAS;1;i;z001;
0;78;;0,044041739;;44,04173859;HFD;16;GAS;1;i;z001;
0;79;;0,032143916;;32,14391572;HFD;16;GAS;1;i;z001;
0;80;;0,04507099;;45,07099013;HFD;16;GAS;1;i;z001;
0;81;;0,041247725;;41,24772472;HFD;16;GAS;1;i;z001;
0;82;;0,044504636;;44,50463599;HFD;16;GAS;1;i;z001;
0;83;;0,042281641;;42,28164118;HFD;16;GAS;1;i;z001;
0;84;;0,034511776;;34,51177609;HFD;16;GAS;1;i;z001;
0;85;;0,040858771;;40,85877147;HFD;16;GAS;1;i;z001;
0;86;;0,040391998;;40,39199848;HFD;16;GAS;1;i;z001;
0;87;;0,047081034;;47,08103413;HFD;16;GAS;1;i;z001;
0;88;;0,039505029;;39,50502907;HFD;16;GAS;1;i;z001;
0;89;;0,035896924;;35,89692359;HFD;16;GAS;1;i;z001;
0;90;;0,033397921;;33,39792063;HFD;16;GAS;1;i;z001;
0;91;;0,037025995;;37,02599497;HFD;16;GAS;1;i;z001;
0;92;;0,043890306;;43,89030608;HFD;16;GAS;1;i;z001;
0;93;;0,041145448;;41,14544786;HFD;16;GAS;1;i;z001;
0;94;;0,034416631;;34,41663089;HFD;16;GAS;1;i;z001;
0;95;;0,045201145;;45,20114501;HFD;16;GAS;1;i;z001;
0;96;;0,048803581;;48,80358073;HFD;16;GAS;1;i;z001;
0;97;;0,045717258;;45,71725803;HFD;16;GAS;1;i;z001;
0;98;;0,049285448;;49,28544772;HFD;16;GAS;1;i;z001;
0;99;;0,034851187;;34,85118737;HFD;16;GAS;1;i;z001;
0;100;;0,043300481;;43,30048078;HFD;16;GAS;1;i;z001;
0;101;;0,037919198;;37,9191981;HFD;16;GAS;1;i;z001;
0;102;;0,043985996;;43,98599592;HFD;16;GAS;1;i;z001;
0;103;;0,039831;;39,83100032;HFD;16;GAS;1;i;z001;
0;104;;0,046981862;;46,98186246;HFD;16;GAS;1;i;z001;
0;105;;0,048992698;;48,99269771;HFD;16;GAS;1;i;z001;
0;106;;0,047390214;;47,39021353;HFD;16;GAS;1;i;z001;
0;107;;0,046617149;;46,61714905;HFD;16;GAS;1;i;z001;
0;108;;0,041449868;;41,44986845;HFD;16;GAS;1;i;z001;
0;109;;0,045735268;;45,7352679;HFD;16;GAS;1;i;z001;
0;110;;0,044156106;;44,15610594;HFD;16;GAS;1;i;z001;
0;111;;0,036094155;;36,09415489;HFD;16;GAS;1;i;z001;
0;112;;0,050956576;;50,95657648;HFD;16;GAS;1;i;z001;
0;113;;0,042075;;42,07500024;HFD;16;GAS;1;i;z001;
0;114;;0,048218906;;48,21890639;HFD;16;GAS;1;i;z001;
0;115;;0,047422;;47,42199952;HFD;16;GAS;1;i;z001;
0;116;;0,05049588;;50,4958795;HFD;16;GAS;1;i;z001;
0;117;;0,043789709;;43,7897095;HFD;16;GAS;1;i;z001;
0;118;;0,046496465;;46,49646459;HFD;16;GAS;1;i;z001;
0;119;;0,058138282;;58,13828232;HFD;16;GAS;1;i;z001;
0;1;;0,012412539;;12,41253926;HFD;16;GAS;1;i;z002;
0;2;;0,016839286;;16,83928605;HFD;16;GAS;1;i;z002;
0;3;;0,017976087;;17,97608706;HFD;16;GAS;1;i;z002;
0;4;;0,021329309;;21,32930933;HFD;16;GAS;1;i;z002;
0;5;;0,024296974;;24,2969742;HFD;16;GAS;1;i;z002;
0;6;;0,023368908;;23,36890808;HFD;16;GAS;1;i;z002;
0;7;;0,025805988;;25,80598812;HFD;16;GAS;1;i;z002;
0;8;;0,021691703;;21,69170253;HFD;16;GAS;1;i;z002;
0;9;;0,024586938;;24,58693764;HFD;16;GAS;1;i;z002;
0;10;;0,027489004;;27,48900442;HFD;16;GAS;1;i;z002;
0;11;;0,028750828;;28,750828;HFD;16;GAS;1;i;z002;
0;12;;0,026092231;;26,09223066;HFD;16;GAS;1;i;z002;
0;13;;0,024759508;;24,75950806;HFD;16;GAS;1;i;z002;
0;14;;0,033099001;;33,09900058;HFD;16;GAS;1;i;z002;
0;15;;0,0245946;;24,5946;HFD;16;GAS;1;i;z002;
0;16;;0,024569498;;24,56949808;HFD;16;GAS;1;i;z002;
0;17;;0,026366994;;26,36699355;HFD;16;GAS;1;i;z002;
0;18;;0,026863154;;26,8631536;HFD;16;GAS;1;i;z002;
0;19;;0,027508197;;27,50819687;HFD;16;GAS;1;i;z002;
0;20;;0,022702943;;22,70294318;HFD;16;GAS;1;i;z002;
0;21;;0,028930937;;28,93093659;HFD;16;GAS;1;i;z002;
0;22;;0,023612699;;23,61269888;HFD;16;GAS;1;i;z002;
0;23;;0,035343002;;35,34300231;HFD;16;GAS;1;i;z002;
0;24;;0,03020848;;30,20848027;HFD;16;GAS;1;i;z002;
0;25;;0,024805951;;24,80595128;HFD;16;GAS;1;i;z002;
0;26;;0,030254409;;30,25440934;HFD;16;GAS;1;i;z002;
0;27;;0,030277805;;30,2778051;HFD;16;GAS;1;i;z002;
0;28;;0,029171992;;29,17199163;HFD;16;GAS;1;i;z002;
0;29;;0,021500536;;21,50053624;HFD;16;GAS;1;i;z002;
0;30;;0,03271661;;32,71661006;HFD;16;GAS;1;i;z002;
0;31;;0,028975075;;28,97507467;HFD;16;GAS;1;i;z002;
0;32;;0,031416013;;31,41601337;HFD;16;GAS;1;i;z002;
0;33;;0,028086441;;28,08644123;HFD;16;GAS;1;i;z002;
0;34;;0,028460782;;28,46078219;HFD;16;GAS;1;i;z002;
0;35;;0,02935376;;29,35376011;HFD;16;GAS;1;i;z002;
0;36;;0,030855008;;30,85500794;HFD;16;GAS;1;i;z002;
0;37;;0,027768105;;27,76810541;HFD;16;GAS;1;i;z002;
0;38;;0,031992379;;31,99237917;HFD;16;GAS;1;i;z002;
0;39;;0,033583392;;33,58339241;HFD;16;GAS;1;i;z002;
0;40;;0,029797409;;29,79740931;HFD;16;GAS;1;i;z002;
0;41;;0,033229648;;33,22964762;HFD;16;GAS;1;i;z002;
0;42;;0,028611001;;28,61100074;HFD;16;GAS;1;i;z002;
0;43;;0,029530222;;29,53022151;HFD;16;GAS;1;i;z002;
0;44;;0,030469451;;30,46945052;HFD;16;GAS;1;i;z002;
0;45;;0,031415984;;31,41598427;HFD;16;GAS;1;i;z002;
0;46;;0,029732997;;29,73299706;HFD;16;GAS;1;i;z002;
0;47;;0,030480358;;30,4803577;HFD;16;GAS;1;i;z002;
0;48;;0,03197699;;31,9769897;HFD;16;GAS;1;i;z002;
0;49;;0,03482354;;34,82353989;HFD;16;GAS;1;i;z002;
0;50;;0,029733001;;29,7330007;HFD;16;GAS;1;i;z002;
0;51;;0,039199484;;39,19948355;HFD;16;GAS;1;i;z002;
0;52;;0,032081214;;32,08121419;HFD;16;GAS;1;i;z002;
0;53;;0,029732997;;29,73299706;HFD;16;GAS;1;i;z002;
0;54;;0,03728858;;37,28858046;HFD;16;GAS;1;i;z002;
0;55;;0,038365799;;38,36579882;HFD;16;GAS;1;i;z002;
0;56;;0,036465004;;36,46500409;HFD;16;GAS;1;i;z002;
0;57;;0,038615306;;38,61530636;HFD;16;GAS;1;i;z002;
0;58;;0,031723231;;31,72323132;HFD;16;GAS;1;i;z002;
0;59;;0,029225573;;29,2255735;HFD;16;GAS;1;i;z002;
0;60;;0,031676232;;31,67623193;HFD;16;GAS;1;i;z002;
0;61;;0,033313201;;33,31320069;HFD;16;GAS;1;i;z002;
0;62;;0,033131653;;33,13165295;HFD;16;GAS;1;i;z002;
0;63;;0,031001321;;31,00132067;HFD;16;GAS;1;i;z002;
0;64;;0,036782491;;36,78249141;HFD;16;GAS;1;i;z002;
0;65;;0,036430594;;36,43059376;HFD;16;GAS;1;i;z002;
0;66;;0,033480929;;33,48092888;HFD;16;GAS;1;i;z002;
0;67;;0,030888429;;30,88842905;HFD;16;GAS;1;i;z002;
0;68;;0,035858299;;35,85829901;HFD;16;GAS;1;i;z002;
0;69;;0,038875323;;38,87532287;HFD;16;GAS;1;i;z002;
0;70;;0,035425213;;35,42521318;HFD;16;GAS;1;i;z002;
0;71;;0,039831001;;39,83100123;HFD;16;GAS;1;i;z002;
0;72;;0,036840747;;36,84074715;HFD;16;GAS;1;i;z002;
0;73;;0,036656977;;36,65697707;HFD;16;GAS;1;i;z002;
0;74;;0,03965603;;39,65602977;HFD;16;GAS;1;i;z002;
0;75;;0,037288586;;37,2885856;HFD;16;GAS;1;i;z002;
0;76;;0,028631799;;28,63179904;HFD;16;GAS;1;i;z002;
0;77;;0,03716296;;37,16295981;HFD;16;GAS;1;i;z002;
0;78;;0,041145448;;41,14544786;HFD;16;GAS;1;i;z002;
0;79;;0,033955783;;33,95578337;HFD;16;GAS;1;i;z002;
0;80;;0,034848985;;34,84898454;HFD;16;GAS;1;i;z002;
0;81;;0,03385514;;33,85513972;HFD;16;GAS;1;i;z002;
0;82;;0,041391721;;41,39172129;HFD;16;GAS;1;i;z002;
0;83;;0,034431893;;34,43189301;HFD;16;GAS;1;i;z002;
0;84;;0,033659991;;33,65999146;HFD;16;GAS;1;i;z002;
0;85;;0,033232119;;33,23211944;HFD;16;GAS;1;i;z002;
0;86;;0,045038796;;45,03879598;HFD;16;GAS;1;i;z002;
0;87;;0,035959466;;35,95946629;HFD;16;GAS;1;i;z002;
0;88;;0,039756093;;39,75609289;HFD;16;GAS;1;i;z002;
0;89;;0,029282104;;29,28210434;HFD;16;GAS;1;i;z002;
0;90;;0,042288831;;42,28883056;HFD;16;GAS;1;i;z002;
0;91;;0,040286902;;40,28690226;HFD;16;GAS;1;i;z002;
0;92;;0,047166725;;47,16672497;HFD;16;GAS;1;i;z002;
0;93;;0,045465038;;45,46503799;HFD;16;GAS;1;i;z002;
0;94;;0,033237642;;33,23764176;HFD;16;GAS;1;i;z002;
0;95;;0,043651073;;43,65107297;HFD;16;GAS;1;i;z002;
0;96;;0,02935377;;29,35376987;HFD;16;GAS;1;i;z002;
0;97;;0,040438429;;40,4384286;HFD;16;GAS;1;i;z002;
0;98;;0,048931005;;48,93100536;HFD;16;GAS;1;i;z002;
0;99;;0,049675598;;49,67559803;HFD;16;GAS;1;i;z002;
0;1;;0,017119843;;17,11984275;HFD;16;GAS;1;i;z003;
0;2;;0,020076588;;20,07658758;HFD;16;GAS;1;i;z003;
0;3;;0,018100464;;18,10046416;HFD;16;GAS;1;i;z003;
0;4;;0,019892821;;19,89282098;HFD;16;GAS;1;i;z003;
0;5;;0,017902419;;17,90241948;HFD;16;GAS;1;i;z003;
0;6;;0,021564991;;21,56499084;HFD;16;GAS;1;i;z003;
0;7;;0,018565646;;18,56564566;HFD;16;GAS;1;i;z003;
0;8;;0,023007847;;23,0078473;HFD;16;GAS;1;i;z003;
0;9;;0,019341976;;19,34197561;HFD;16;GAS;1;i;z003;
0;10;;0,023404528;;23,40452776;HFD;16;GAS;1;i;z003;
0;11;;0,020195963;;20,19596286;HFD;16;GAS;1;i;z003;
0;12;;0,021049982;;21,04998244;HFD;16;GAS;1;i;z003;
0;13;;0,022516724;;22,51672396;HFD;16;GAS;1;i;z003;
0;14;;0,022611177;;22,61117713;HFD;16;GAS;1;i;z003;
0;15;;0,023801239;;23,80123908;HFD;16;GAS;1;i;z003;
0;16;;0,021317996;;21,31799556;HFD;16;GAS;1;i;z003;
0;17;;0,021067365;;21,06736549;HFD;16;GAS;1;i;z003;
0;18;;0,023176015;;23,17601531;HFD;16;GAS;1;i;z003;
0;19;;0,024063387;;24,06338747;HFD;16;GAS;1;i;z003;
0;20;;0,021369191;;21,36919079;HFD;16;GAS;1;i;z003;
0;21;;0,024123001;;24,12300091;HFD;16;GAS;1;i;z003;
0;22;;0,021827164;;21,82716371;HFD;16;GAS;1;i;z003;
0;23;;0,02485839;;24,85838983;HFD;16;GAS;1;i;z003;
0;24;;0,022440014;;22,44001371;HFD;16;GAS;1;i;z003;
0;25;;0,027903073;;27,90307286;HFD;16;GAS;1;i;z003;
0;26;;0,023993132;;23,99313176;HFD;16;GAS;1;i;z003;
0;27;;0,025806003;;25,80600267;HFD;16;GAS;1;i;z003;
0;28;;0,023404538;;23,40453805;HFD;16;GAS;1;i;z003;
0;29;;0,024684006;;24,68400635;HFD;16;GAS;1;i;z003;
0;30;;0,021074502;;21,07450244;HFD;16;GAS;1;i;z003;
0;31;;0,023470845;;23,470845;HFD;16;GAS;1;i;z003;
0;32;;0,023561995;;23,56199548;HFD;16;GAS;1;i;z003;
0;33;;0,026730855;;26,73085451;HFD;16;GAS;1;i;z003;
0;34;;0,026653259;;26,65325936;HFD;16;GAS;1;i;z003;
0;35;;0,021009413;;21,00941333;HFD;16;GAS;1;i;z003;
0;36;;0,021769113;;21,76911281;HFD;16;GAS;1;i;z003;
0;37;;0,020756997;;20,7569974;HFD;16;GAS;1;i;z003;
0;38;;0,027095786;;27,09578607;HFD;16;GAS;1;i;z003;
0;39;;0,029353763;;29,35376336;HFD;16;GAS;1;i;z003;
0;40;;0,027488975;;27,48897532;HFD;16;GAS;1;i;z003;
0;41;;0,026447238;;26,44723805;HFD;16;GAS;1;i;z003;
0;42;;0,022352903;;22,35290297;HFD;16;GAS;1;i;z003;
0;43;;0,026293442;;26,29344221;HFD;16;GAS;1;i;z003;
0;44;;0,025527666;;25,52766631;HFD;16;GAS;1;i;z003;
0;45;;0,024601889;;24,60188853;HFD;16;GAS;1;i;z003;
0;46;;0,02419793;;24,19792983;HFD;16;GAS;1;i;z003;
0;47;;0,027719874;;27,71987429;HFD;16;GAS;1;i;z003;
0;48;;0,028610986;;28,61098619;HFD;16;GAS;1;i;z003;
0;49;;0,028561487;;28,5614869;HFD;16;GAS;1;i;z003;
0;50;;0,030403635;;30,40363522;HFD;16;GAS;1;i;z003;
0;51;;0,023799039;;23,79903915;HFD;16;GAS;1;i;z003;
0;52;;0,029136031;;29,13603075;HFD;16;GAS;1;i;z003;
0;53;;0,027271226;;27,27122644;HFD;16;GAS;1;i;z003;
0;54;;0,025211004;;25,21100377;HFD;16;GAS;1;i;z003;
0;55;;0,029556039;;29,55603877;HFD;16;GAS;1;i;z003;
0;56;;0,026367023;;26,36702266;HFD;16;GAS;1;i;z003;
0;57;;0,028381196;;28,3811957;HFD;16;GAS;1;i;z003;
0;58;;0,022931046;;22,931046;HFD;16;GAS;1;i;z003;
0;59;;0,02825864;;28,25863979;HFD;16;GAS;1;i;z003;
0;60;;0,025802267;;25,80226711;HFD;16;GAS;1;i;z003;
0;61;;0,028576975;;28,57697482;HFD;16;GAS;1;i;z003;
0;62;;0,02709578;;27,09577956;HFD;16;GAS;1;i;z003;
0;63;;0,029566395;;29,56639483;HFD;16;GAS;1;i;z003;
0;64;;0,025337771;;25,33777055;HFD;16;GAS;1;i;z003;
0;65;;0,030684641;;30,68464064;HFD;16;GAS;1;i;z003;
0;66;;0,026799581;;26,79958072;HFD;16;GAS;1;i;z003;
0;67;;0,028198873;;28,19887294;HFD;16;GAS;1;i;z003;
0;68;;0,026291972;;26,2919724;HFD;16;GAS;1;i;z003;
0;69;;0,028340742;;28,34074238;HFD;16;GAS;1;i;z003;
0;70;;0,031596286;;31,59628558;HFD;16;GAS;1;i;z003;
0;71;;0,026181342;;26,18134241;HFD;16;GAS;1;i;z003;
0;72;;0,031977019;;31,97701881;HFD;16;GAS;1;i;z003;
0;73;;0,033375463;;33,37546283;HFD;16;GAS;1;i;z003;
0;74;;0,029532862;;29,53286157;HFD;16;GAS;1;i;z003;
0;75;;0,030192112;;30,19211179;HFD;16;GAS;1;i;z003;
0;76;;0,030851183;;30,85118263;HFD;16;GAS;1;i;z003;
0;77;;0,031172578;;31,17257798;HFD;16;GAS;1;i;z003;
0;78;;0,024331756;;24,3317561;HFD;16;GAS;1;i;z003;
0;79;;0,028774488;;28,77448827;HFD;16;GAS;1;i;z003;
0;80;;0,030032197;;30,03219734;HFD;16;GAS;1;i;z003;
0;81;;0,033424477;;33,4244773;HFD;16;GAS;1;i;z003;
0;82;;0,03537506;;35,37506;HFD;16;GAS;1;i;z003;
0;83;;0,032076309;;32,07630907;HFD;16;GAS;1;i;z003;
0;84;;0,030153872;;30,15387178;HFD;16;GAS;1;i;z003;
0;85;;0,034551293;;34,55129301;HFD;16;GAS;1;i;z003;
0;86;;0,031911798;;31,91179786;HFD;16;GAS;1;i;z003;
0;87;;0,035667039;;35,66703878;HFD;16;GAS;1;i;z003;
0;88;;0,032558466;;32,55846556;HFD;16;GAS;1;i;z003;
0;89;;0,035259783;;35,25978337;HFD;16;GAS;1;i;z003;
0;90;;0,031750697;;31,75069716;HFD;16;GAS;1;i;z003;
0;91;;0,027096994;;27,09699399;HFD;16;GAS;1;i;z003;
0;92;;0,028835032;;28,83503158;HFD;16;GAS;1;i;z003;
0;93;;0,035752231;;35,752231;HFD;16;GAS;1;i;z003;
0;94;;0,03702601;;37,02600952;HFD;16;GAS;1;i;z003;
0;95;;0,029014376;;29,01437602;HFD;16;GAS;1;i;z003;
0;96;;0,033932505;;33,93250497;HFD;16;GAS;1;i;z003;
0;97;;0,027973756;;27,97375603;HFD;16;GAS;1;i;z003;
0;98;;0,030855008;;30,85500794;HFD;16;GAS;1;i;z003;
0;99;;0,035342993;;35,34299321;HFD;16;GAS;1;i;z003;
0;100;;0,035220869;;35,22086897;HFD;16;GAS;1;i;z003;
0;101;;0,033549346;;33,54934627;HFD;16;GAS;1;i;z003;
0;102;;0,036432536;;36,43253592;HFD;16;GAS;1;i;z003;
0;103;;0,030583708;;30,58370837;HFD;16;GAS;1;i;z003;
0;104;;0,034404192;;34,40419217;HFD;16;GAS;1;i;z003;
0;105;;0,033098993;;33,0989933;HFD;16;GAS;1;i;z003;
0;106;;0,032837186;;32,83718645;HFD;16;GAS;1;i;z003;
0;107;;0,030460066;;30,46006573;HFD;16;GAS;1;i;z003;
0;108;;0,034910442;;34,91044243;HFD;16;GAS;1;i;z003;
0;109;;0,034434074;;34,43407439;HFD;16;GAS;1;i;z003;
0;110;;0,03238684;;32,38684037;HFD;16;GAS;1;i;z003;
0;111;;0,029354861;;29,35486068;HFD;16;GAS;1;i;z003;
0;112;;0,039292199;;39,29219897;HFD;16;GAS;1;i;z003;
0;113;;0,036465004;;36,46500409;HFD;16;GAS;1;i;z003;
0;114;;0,035680945;;35,68094488;HFD;16;GAS;1;i;z003;
0;115;;0,032538024;;32,53802424;HFD;16;GAS;1;i;z003;
0;116;;0,034055798;;34,05579793;HFD;16;GAS;1;i;z003;
0;117;;0,038843592;;38,84359161;HFD;16;GAS;1;i;z003;
0;118;;0,035510154;;35,51015358;HFD;16;GAS;1;i;z003;
0;119;;0,034645046;;34,64504625;HFD;16;GAS;1;i;z003;
0;120;;0,036810967;;36,81096698;HFD;16;GAS;1;i;z003;
0;121;;0,029751528;;29,75152828;HFD;16;GAS;1;i;z003;
0;122;;0,031091728;;31,09172841;HFD;16;GAS;1;i;z003;
0;123;;0,036420961;;36,42096111;HFD;16;GAS;1;i;z003;
0;124;;0,038817589;;38,81758923;HFD;16;GAS;1;i;z003;
0;125;;0,03829255;;38,29255023;HFD;16;GAS;1;i;z003;
0;126;;0,029682537;;29,68253746;HFD;16;GAS;1;i;z003;
0;127;;0,040391998;;40,39199848;HFD;16;GAS;1;i;z003;
0;128;;0,035342993;;35,34299321;HFD;16;GAS;1;i;z003;
0;129;;0,032817176;;32,81717628;HFD;16;GAS;1;i;z003;
0;130;;0,031980942;;31,98094214;HFD;16;GAS;1;i;z003;
0;131;;0,030448498;;30,4484979;HFD;16;GAS;1;i;z003;
0;132;;0,036539273;;36,53927334;HFD;16;GAS;1;i;z003;
0;133;;0,039270002;;39,27000216;HFD;16;GAS;1;i;z003;
0;134;;0,038905088;;38,90508767;HFD;16;GAS;1;i;z003;
0;135;;0,042116489;;42,11648881;HFD;16;GAS;1;i;z003;
0;136;;0,029035728;;29,03572821;HFD;16;GAS;1;i;z003;
0;137;;0,033660006;;33,66000601;HFD;16;GAS;1;i;z003;
0;138;;0,035097241;;35,09724144;HFD;16;GAS;1;i;z003;
0;139;;0,032700173;;32,7001732;HFD;16;GAS;1;i;z003;
0;140;;0,027497594;;27,49759417;HFD;16;GAS;1;i;z003;
0;141;;0,04226785;;42,26785002;HFD;16;GAS;1;i;z003;
0;142;;0,039719653;;39,71965279;HFD;16;GAS;1;i;z003;
0;143;;0,036375736;;36,37573632;HFD;16;GAS;1;i;z003;
0;144;;0,042471339;;42,47133899;HFD;16;GAS;1;i;z003;
0;145;;0,039646204;;39,64620425;HFD;16;GAS;1;i;z003;
0;146;;0,032594655;;32,59465458;HFD;16;GAS;1;i;z003;
0;147;;0,035328649;;35,32864934;HFD;16;GAS;1;i;z003;
0;148;;0,040181116;;40,18111591;HFD;16;GAS;1;i;z003;
0;149;;0,041514009;;41,51400935;HFD;16;GAS;1;i;z003;
0;150;;0,035576344;;35,57634421;HFD;16;GAS;1;i;z003;
0;151;;0,03546709;;35,4670897;HFD;16;GAS;1;i;z003;
0;152;;0,031964029;;31,96402912;HFD;16;GAS;1;i;z003;
0;153;;0,029546818;;29,54681847;HFD;16;GAS;1;i;z003;
0;154;;0,041481392;;41,48139171;HFD;16;GAS;1;i;z003;
0;155;;0,042255269;;42,25526914;HFD;16;GAS;1;i;z003;
0;156;;0,035703168;;35,70316842;HFD;16;GAS;1;i;z003;
0;157;;0,030577769;;30,5777692;HFD;16;GAS;1;i;z003;
0;158;;0,041948367;;41,94836721;HFD;16;GAS;1;i;z003;
0;159;;0,037633026;;37,6330259;HFD;16;GAS;1;i;z003;
0;160;;0,032145936;;32,14593599;HFD;16;GAS;1;i;z003;
0;161;;0,036839648;;36,83964796;HFD;16;GAS;1;i;z003;
0;162;;0,032286308;;32,2863077;HFD;16;GAS;1;i;z003;
0;163;;0,034485302;;34,48530221;HFD;16;GAS;1;i;z003;
0;164;;0,042134556;;42,13455624;HFD;16;GAS;1;i;z003;
0;165;;0,035124792;;35,1247917;HFD;16;GAS;1;i;z003;
0;166;;0,038544777;;38,54477674;HFD;16;GAS;1;i;z003;
0;167;;0,030775035;;30,7750351;HFD;16;GAS;1;i;z003;
0;168;;0,036358163;;36,35816347;HFD;16;GAS;1;i;z003;
0;169;;0,041725335;;41,72533486;HFD;16;GAS;1;i;z003;
0;170;;0,04147192;;41,47192008;HFD;16;GAS;1;i;z003;
0;171;;0,034220997;;34,22099689;HFD;16;GAS;1;i;z003;
0;172;;0,045722442;;45,72244184;HFD;16;GAS;1;i;z003;
0;173;;0,040953018;;40,95301847;HFD;16;GAS;1;i;z003;
0;174;;0,03857874;;38,57874007;HFD;16;GAS;1;i;z003;
0;175;;0,03161485;;31,61484978;HFD;16;GAS;1;i;z003;
0;176;;0,034147486;;34,14748624;HFD;16;GAS;1;i;z003;
0;177;;0,041088677;;41,08867721;HFD;16;GAS;1;i;z003;
0;1;;0,013521003;;13,52100266;HFD;16;GAS;1;i;z004;
0;2;;0,016278335;;16,27833459;HFD;16;GAS;1;i;z004;
0;3;;0,019783427;;19,78342668;HFD;16;GAS;1;i;z004;
0;4;;0,019634987;;19,63498653;HFD;16;GAS;1;i;z004;
0;5;;0,020195992;;20,19599197;HFD;16;GAS;1;i;z004;
0;6;;0,02188329;;21,88329031;HFD;16;GAS;1;i;z004;
0;7;;0,022808163;;22,80816325;HFD;16;GAS;1;i;z004;
0;8;;0,019666221;;19,66622147;HFD;16;GAS;1;i;z004;
0;9;;0,021991124;;21,99112409;HFD;16;GAS;1;i;z004;
0;10;;0,022439985;;22,4399846;HFD;16;GAS;1;i;z004;
0;11;;0,021779019;;21,77901942;HFD;16;GAS;1;i;z004;
0;12;;0,024389505;;24,38950536;HFD;16;GAS;1;i;z004;
0;13;;0,024684006;;24,68400635;HFD;16;GAS;1;i;z004;
0;14;;0,025746972;;25,74697211;HFD;16;GAS;1;i;z004;
0;15;;0,026974724;;26,97472391;HFD;16;GAS;1;i;z004;
0;16;;0,021252785;;21,25278532;HFD;16;GAS;1;i;z004;
0;17;;0,027371404;;27,37140437;HFD;16;GAS;1;i;z004;
0;18;;0,026150854;;26,15085389;HFD;16;GAS;1;i;z004;
0;19;;0,027958641;;27,95864107;HFD;16;GAS;1;i;z004;
0;20;;0,025388488;;25,38848829;HFD;16;GAS;1;i;z004;
0;21;;0,027086992;;27,08699196;HFD;16;GAS;1;i;z004;
0;22;;0,022879339;;22,87933875;HFD;16;GAS;1;i;z004;
0;23;;0,027004073;;27,00407271;HFD;16;GAS;1;i;z004;
0;24;;0,026481311;;26,48131099;HFD;16;GAS;1;i;z004;
0;25;;0,023932496;;23,9324962;HFD;16;GAS;1;i;z004;
0;26;;0,025677;;25,67699955;HFD;16;GAS;1;i;z004;
0;27;;0,032364402;;32,36440192;HFD;16;GAS;1;i;z004;
0;28;;0,028574223;;28,5742231;HFD;16;GAS;1;i;z004;
0;29;;0,034782002;;34,78200233;HFD;16;GAS;1;i;z004;
0;30;;0,023833442;;23,83344174;HFD;16;GAS;1;i;z004;
0;31;;0,027809245;;27,80924493;HFD;16;GAS;1;i;z004;
0;32;;0,026926968;;26,92696785;HFD;16;GAS;1;i;z004;
0;33;;0,030743863;;30,74386329;HFD;16;GAS;1;i;z004;
0;34;;0,032615304;;32,61530419;HFD;16;GAS;1;i;z004;
0;35;;0,027295215;;27,29521495;HFD;16;GAS;1;i;z004;
0;36;;0,026775355;;26,77535532;HFD;16;GAS;1;i;z004;
0;37;;0,031637817;;31,63781707;HFD;16;GAS;1;i;z004;
0;38;;0,023561995;;23,56199548;HFD;16;GAS;1;i;z004;
0;39;;0,033979333;;33,97933262;HFD;16;GAS;1;i;z004;
0;40;;0,026367023;;26,36702266;HFD;16;GAS;1;i;z004;
0;41;;0,027630408;;27,63040764;HFD;16;GAS;1;i;z004;
0;42;;0,033659977;;33,65997691;HFD;16;GAS;1;i;z004;
0;43;;0,029693688;;29,69368798;HFD;16;GAS;1;i;z004;
0;44;;0,026881836;;26,88183632;HFD;16;GAS;1;i;z004;
0;45;;0,027553368;;27,55336783;HFD;16;GAS;1;i;z004;
0;46;;0,034946192;;34,94619212;HFD;16;GAS;1;i;z004;
0;47;;0,033389291;;33,38929076;HFD;16;GAS;1;i;z004;
0;48;;0,032006579;;32,00657905;HFD;16;GAS;1;i;z004;
0;49;;0,040553557;;40,55355669;HFD;16;GAS;1;i;z004;
0;50;;0,035326068;;35,32606778;HFD;16;GAS;1;i;z004;
0;51;;0,023135132;;23,13513152;HFD;16;GAS;1;i;z004;
0;52;;0,030944744;;30,94474376;HFD;16;GAS;1;i;z004;
0;53;;0,036443309;;36,44330915;HFD;16;GAS;1;i;z004;
0;54;;0,03153701;;31,53700962;HFD;16;GAS;1;i;z004;
0;55;;0,041316887;;41,31688716;HFD;16;GAS;1;i;z004;
0;56;;0,032871956;;32,8719559;HFD;16;GAS;1;i;z004;
0;57;;0,037210924;;37,21092419;HFD;16;GAS;1;i;z004;
0;58;;0,036883771;;36,883771;HFD;16;GAS;1;i;z004;
0;59;;0,035832753;;35,83275288;HFD;16;GAS;1;i;z004;
0;60;;0,040953048;;40,95304757;HFD;16;GAS;1;i;z004;
0;61;;0,03596773;;35,96773011;HFD;16;GAS;1;i;z004;
0;62;;0,038071401;;38,07140085;HFD;16;GAS;1;i;z004;
0;63;;0,033306357;;33,30635703;HFD;16;GAS;1;i;z004;
0;64;;0,039240713;;39,24071335;HFD;16;GAS;1;i;z004;
0;65;;0,029732997;;29,73299706;HFD;16;GAS;1;i;z004;
0;66;;0,030357314;;30,35731388;HFD;16;GAS;1;i;z004;
0;67;;0,034110292;;34,11029241;HFD;16;GAS;1;i;z004;
0;68;;0,032627403;;32,62740341;HFD;16;GAS;1;i;z004;
0;69;;0,032408348;;32,40834838;HFD;16;GAS;1;i;z004;
0;70;;0,036098519;;36,09851851;HFD;16;GAS;1;i;z004;
0;71;;0,034744174;;34,74417354;HFD;16;GAS;1;i;z004;
0;72;;0,034954088;;34,95408783;HFD;16;GAS;1;i;z004;
0;73;;0,032294154;;32,29415381;HFD;16;GAS;1;i;z004;
0;74;;0,026927841;;26,92784095;HFD;16;GAS;1;i;z004;
0;75;;0,036333423;;36,33342269;HFD;16;GAS;1;i;z004;
0;76;;0,037883914;;37,88391353;HFD;16;GAS;1;i;z004;
0;77;;0,035816624;;35,81662355;HFD;16;GAS;1;i;z004;
0;78;;0,041377472;;41,37747159;HFD;16;GAS;1;i;z004;
0;79;;0,028611001;;28,61100074;HFD;16;GAS;1;i;z004;
0;80;;0,033599665;;33,59966528;HFD;16;GAS;1;i;z004;
0;81;;0,035417135;;35,41713502;HFD;16;GAS;1;i;z004;
0;82;;0,036465004;;36,46500409;HFD;16;GAS;1;i;z004;
0;83;;0,033710969;;33,71096935;HFD;16;GAS;1;i;z004;
0;84;;0,026421914;;26,42191352;HFD;16;GAS;1;i;z004;
0;85;;0,040662963;;40,66296271;HFD;16;GAS;1;i;z004;
0;86;;0,031550756;;31,55075602;HFD;16;GAS;1;i;z004;
0;87;;0,036430909;;36,43090915;HFD;16;GAS;1;i;z004;
0;88;;0,037700202;;37,70020228;HFD;16;GAS;1;i;z004;
0;89;;0,040894565;;40,89456511;HFD;16;GAS;1;i;z004;
0;90;;0,044491093;;44,49109263;HFD;16;GAS;1;i;z004;
0;91;;0,038094118;;38,09411782;HFD;16;GAS;1;i;z004;
0;92;;0,038237536;;38,23753596;HFD;16;GAS;1;i;z004;
0;93;;0,0324172;;32,41720014;HFD;16;GAS;1;i;z004;
0;94;;0,038275538;;38,27553769;HFD;16;GAS;1;i;z004;
0;95;;0,037116515;;37,11651545;HFD;16;GAS;1;i;z004;
0;96;;0,040391984;;40,39198393;HFD;16;GAS;1;i;z004;
0;97;;0,046131148;;46,13114835;HFD;16;GAS;1;i;z004;
0;98;;0,042077136;;42,0771361;HFD;16;GAS;1;i;z004;
0;99;;0,034243301;;34,24330148;HFD;16;GAS;1;i;z004;
0;100;;0,035217376;;35,21737648;HFD;16;GAS;1;i;z004;
0;101;;0,035342997;;35,34299685;HFD;16;GAS;1;i;z004;
0;102;;0,038476001;;38,47600149;HFD;16;GAS;1;i;z004;
0;103;;0,040159686;;40,15968578;HFD;16;GAS;1;i;z004;
0;104;;0,033536409;;33,53640893;HFD;16;GAS;1;i;z004;
0;105;;0,035708858;;35,70885774;HFD;16;GAS;1;i;z004;
0;106;;0,033901189;;33,90118859;HFD;16;GAS;1;i;z004;
0;107;;0,034475624;;34,47562442;HFD;16;GAS;1;i;z004;
0;108;;0,038107188;;38,10718795;HFD;16;GAS;1;i;z004;
0;109;;0,041647161;;41,64716129;HFD;16;GAS;1;i;z004;
0;110;;0,04284222;;42,84222006;HFD;16;GAS;1;i;z004;
0;111;;0,030698101;;30,69810135;HFD;16;GAS;1;i;z004;
0;112;;0,040036108;;40,03610825;HFD;16;GAS;1;i;z004;
0;113;;0,041255457;;41,25545707;HFD;16;GAS;1;i;z004;
0;114;;0,046001998;;46,00199827;HFD;16;GAS;1;i;z004;
0;115;;0,038887471;;38,88747056;HFD;16;GAS;1;i;z004;
0;116;;0,032538024;;32,53802424;HFD;16;GAS;1;i;z004;
0;117;;0,040667011;;40,66701118;HFD;16;GAS;1;i;z004;
0;118;;0,046479264;;46,47926414;HFD;16;GAS;1;i;z004;
0;119;;0,03580475;;35,80475;HFD;16;GAS;1;i;z004;
0;120;;0,03197699;;31,9769897;HFD;16;GAS;1;i;z004;
0;121;;0,037768061;;37,76806112;HFD;16;GAS;1;i;z004;
0;122;;0,046973564;;46,97356419;HFD;16;GAS;1;i;z004;
0;123;;0,038791016;;38,79101582;HFD;16;GAS;1;i;z004;
0;1;;0,030233129;;30,23312931;HFD;16;GAS;3;d;z;
0;2;;0,030048459;;30,0484594;HFD;16;GAS;3;d;z;
0;3;;0,027125878;;27,12587796;HFD;16;GAS;3;d;z;
0;4;;0,035654895;;35,65489548;HFD;16;GAS;3;d;z;
0;5;;0,024572532;;24,57253245;HFD;16;GAS;3;d;z;
0;6;;0,035131607;;35,131607;HFD;16;GAS;3;d;z;
0;7;;0,033106986;;33,10698558;HFD;16;GAS;3;d;z;
0;8;;0,029878789;;29,87878897;HFD;16;GAS;3;d;z;
0;9;;0,03508107;;35,08107006;HFD;16;GAS;3;d;z;
0;10;;0,037369342;;37,36934166;HFD;16;GAS;3;d;z;
0;11;;0,034626539;;34,62653919;HFD;16;GAS;3;d;z;
0;12;;0,031583653;;31,58365336;HFD;16;GAS;3;d;z;
0;13;;0,039753064;;39,75306409;HFD;16;GAS;3;d;z;
0;14;;0,030210491;;30,21049144;HFD;16;GAS;3;d;z;
0;15;;0,03515478;;35,15478002;HFD;16;GAS;3;d;z;
0;16;;0,029198514;;29,19851374;HFD;16;GAS;3;d;z;
0;17;;0,033868082;;33,86808168;HFD;16;GAS;3;d;z;
0;18;;0,035702684;;35,70268355;HFD;16;GAS;3;d;z;
0;19;;0,032198891;;32,1988906;HFD;16;GAS;3;d;z;
0;20;;0,036718346;;36,71834638;HFD;16;GAS;3;d;z;
0;21;;0,039138012;;39,13801237;HFD;16;GAS;3;d;z;
0;22;;0,039990036;;39,99003552;HFD;16;GAS;3;d;z;
0;23;;0,041513995;;41,5139948;HFD;16;GAS;3;d;z;
0;24;;0,036827994;;36,8279942;HFD;16;GAS;3;d;z;
0;25;;0,038932851;;38,93285096;HFD;16;GAS;3;d;z;
0;26;;0,041513995;;41,5139948;HFD;16;GAS;3;d;z;
0;27;;0,043268697;;43,26869689;HFD;16;GAS;3;d;z;
0;28;;0,034397144;;34,39714386;HFD;16;GAS;3;d;z;
0;29;;0,041303567;;41,30356691;HFD;16;GAS;3;d;z;
0;30;;0,040894572;;40,89457161;HFD;16;GAS;3;d;z;
0;31;;0,042962435;;42,96243455;HFD;16;GAS;3;d;z;
0;32;;0,038090579;;38,090579;HFD;16;GAS;3;d;z;
0;33;;0,045896268;;45,89626786;HFD;16;GAS;3;d;z;
0;34;;0,043052678;;43,05267847;HFD;16;GAS;3;d;z;
0;35;;0,039453264;;39,4532637;HFD;16;GAS;3;d;z;
0;36;;0,037002405;;37,00240471;HFD;16;GAS;3;d;z;
0;37;;0,032719483;;32,71948321;HFD;16;GAS;3;d;z;
0;38;;0,04699991;;46,99991036;HFD;16;GAS;3;d;z;
0;39;;0,041610368;;41,61036753;HFD;16;GAS;3;d;z;
0;40;;0,045534155;;45,53415515;HFD;16;GAS;3;d;z;
0;41;;0,052845276;;52,84527561;HFD;16;GAS;3;d;z;
0;42;;0,046560987;;46,56098746;HFD;16;GAS;3;d;z;
0;43;;0,051972892;;51,97289194;HFD;16;GAS;3;d;z;
0;44;;0,041956478;;41,95647777;HFD;16;GAS;3;d;z;
0;45;;0,043757987;;43,75798744;HFD;16;GAS;3;d;z;
0;46;;0,049875671;;49,87567075;HFD;16;GAS;3;d;z;
0;47;;0,037665362;;37,66536224;HFD;16;GAS;3;d;z;
0;48;;0,037345322;;37,34532157;HFD;16;GAS;3;d;z;
0;49;;0,041145461;;41,14546087;HFD;16;GAS;3;d;z;
0;50;;0,05005216;;50,05216017;HFD;16;GAS;3;d;z;
0;51;;0,040992348;;40,99234767;HFD;16;GAS;3;d;z;
0;52;;0,038021251;;38,02125144;HFD;16;GAS;3;d;z;
0;53;;0,047458418;;47,45841768;HFD;16;GAS;3;d;z;
0;54;;0,049368001;;49,36800087;HFD;16;GAS;3;d;z;
0;55;;0,052173011;;52,17301077;HFD;16;GAS;3;d;z;
0;56;;0,045799301;;45,79930081;HFD;16;GAS;3;d;z;
0;57;;0,048056621;;48,05662062;HFD;16;GAS;3;d;z;
0;58;;0,050606022;;50,60602245;HFD;16;GAS;3;d;z;
0;59;;0,050046762;;50,04676242;HFD;16;GAS;3;d;z;
0;60;;0,044618519;;44,61851874;HFD;16;GAS;3;d;z;
0;61;;0,051505753;;51,5057527;HFD;16;GAS;3;d;z;
0;62;;0,054041525;;54,04152535;HFD;16;GAS;3;d;z;
0;63;;0,054616308;;54,61630753;HFD;16;GAS;3;d;z;
0;64;;0,054618573;;54,61857271;HFD;16;GAS;3;d;z;
0;65;;0,058905018;;58,9050178;HFD;16;GAS;3;d;z;
0;66;;0,058905;;58,90499961;HFD;16;GAS;3;d;z;
0;67;;0,058503369;;58,50336852;HFD;16;GAS;3;d;z;
0;68;;0,065612971;;65,61297107;HFD;16;GAS;3;d;z;
0;69;;0,054946641;;54,94664068;HFD;16;GAS;3;d;z;
0;70;;0,056099962;;56,09996151;HFD;16;GAS;3;d;z;
0;71;;0,052618419;;52,61841945;HFD;16;GAS;3;d;z;
0;72;;0,065570669;;65,57066912;HFD;16;GAS;3;d;z;
0;73;;0,055507893;;55,50789286;HFD;16;GAS;3;d;z;
0;1;;0,023213932;;23,21393217;HFD;16;GAS;3;d;z001;
0;2;;0,032537995;;32,53799514;HFD;16;GAS;3;d;z001;
0;3;;0,035460694;;35,46069393;HFD;16;GAS;3;d;z001;
0;4;;0,030124669;;30,1246691;HFD;16;GAS;3;d;z001;
0;5;;0,039545781;;39,5457811;HFD;16;GAS;3;d;z001;
0;6;;0,033660006;;33,66000601;HFD;16;GAS;3;d;z001;
0;7;;0,036751469;;36,75146898;HFD;16;GAS;3;d;z001;
0;8;;0,039830993;;39,83099305;HFD;16;GAS;3;d;z001;
0;9;;0,030382865;;30,38286533;HFD;16;GAS;3;d;z001;
0;10;;0,037902122;;37,90212162;HFD;16;GAS;3;d;z001;
0;11;;0,033687178;;33,68717776;HFD;16;GAS;3;d;z001;
0;12;;0,042046459;;42,04645872;HFD;16;GAS;3;d;z001;
0;13;;0,037368345;;37,36834455;HFD;16;GAS;3;d;z001;
0;14;;0,044983197;;44,98319701;HFD;16;GAS;3;d;z001;
0;15;;0,032528338;;32,52833779;HFD;16;GAS;3;d;z001;
0;16;;0,039624276;;39,62427612;HFD;16;GAS;3;d;z001;
0;17;;0,042437573;;42,43757342;HFD;16;GAS;3;d;z001;
0;18;;0,040953001;;40,95300073;HFD;16;GAS;3;d;z001;
0;19;;0,036277632;;36,27763156;HFD;16;GAS;3;d;z001;
0;20;;0,038134798;;38,13479791;HFD;16;GAS;3;d;z001;
0;21;;0,049675567;;49,67556712;HFD;16;GAS;3;d;z001;
0;22;;0,044234543;;44,2345426;HFD;16;GAS;3;d;z001;
0;23;;0,05118438;;51,18438019;HFD;16;GAS;3;d;z001;
0;24;;0,039869537;;39,86953659;HFD;16;GAS;3;d;z001;
0;25;;0,039831;;39,83100032;HFD;16;GAS;3;d;z001;
0;26;;0,045105869;;45,10586943;HFD;16;GAS;3;d;z001;
0;27;;0,044451261;;44,45126056;HFD;16;GAS;3;d;z001;
0;28;;0,037008755;;37,00875543;HFD;16;GAS;3;d;z001;
0;29;;0,046563;;46,56300007;HFD;16;GAS;3;d;z001;
0;30;;0,049071662;;49,07166199;HFD;16;GAS;3;d;z001;
0;31;;0,048437908;;48,43790845;HFD;16;GAS;3;d;z001;
0;32;;0,052055844;;52,05584431;HFD;16;GAS;3;d;z001;
0;33;;0,041063981;;41,0639808;HFD;16;GAS;3;d;z001;
0;34;;0,04678222;;46,78222048;HFD;16;GAS;3;d;z001;
0;35;;0,043025061;;43,02506097;HFD;16;GAS;3;d;z001;
0;36;;0,040211526;;40,21152605;HFD;16;GAS;3;d;z001;
0;37;;0,046043518;;46,04351787;HFD;16;GAS;3;d;z001;
0;38;;0,043926968;;43,9269682;HFD;16;GAS;3;d;z001;
0;39;;0,046105188;;46,105188;HFD;16;GAS;3;d;z001;
0;40;;0,047719497;;47,71949663;HFD;16;GAS;3;d;z001;
0;41;;0,053295022;;53,29502164;HFD;16;GAS;3;d;z001;
0;42;;0,042353482;;42,35348192;HFD;16;GAS;3;d;z001;
0;43;;0,051854569;;51,85456904;HFD;16;GAS;3;d;z001;
0;44;;0,0477163;;47,71630009;HFD;16;GAS;3;d;z001;
0;45;;0,051941806;;51,94180597;HFD;16;GAS;3;d;z001;
0;46;;0,052927457;;52,92745666;HFD;16;GAS;3;d;z001;
0;47;;0,040152673;;40,152673;HFD;16;GAS;3;d;z001;
0;48;;0,046819876;;46,81987581;HFD;16;GAS;3;d;z001;
0;49;;0,051717076;;51,71707598;HFD;16;GAS;3;d;z001;
0;50;;0,051050999;;51,05099899;HFD;16;GAS;3;d;z001;
0;51;;0,040952989;;40,95298937;HFD;16;GAS;3;d;z001;
0;52;;0,047788222;;47,78822224;HFD;16;GAS;3;d;z001;
0;53;;0,043955813;;43,95581348;HFD;16;GAS;3;d;z001;
0;54;;0,044577173;;44,57717296;HFD;16;GAS;3;d;z001;
0;55;;0,055947771;;55,94777091;HFD;16;GAS;3;d;z001;
0;56;;0,046452972;;46,4529722;HFD;16;GAS;3;d;z001;
0;57;;0,047020492;;47,02049232;HFD;16;GAS;3;d;z001;
0;58;;0,041670898;;41,67089763;HFD;16;GAS;3;d;z001;
0;59;;0,058485259;;58,48525866;HFD;16;GAS;3;d;z001;
0;60;;0,049417403;;49,41740285;HFD;16;GAS;3;d;z001;
0;61;;0,053855998;;53,85599798;HFD;16;GAS;3;d;z001;
0;62;;0,042534029;;42,53402881;HFD;16;GAS;3;d;z001;
0;63;;0,054374623;;54,37462253;HFD;16;GAS;3;d;z001;
0;64;;0,039028541;;39,02854087;HFD;16;GAS;3;d;z001;
0;65;;0,051864265;;51,86426502;HFD;16;GAS;3;d;z001;
0;66;;0,044318993;;44,31899288;HFD;16;GAS;3;d;z001;
0;67;;0,053485778;;53,48577753;HFD;16;GAS;3;d;z001;
0;68;;0,05446653;;54,46653027;HFD;16;GAS;3;d;z001;
0;69;;0,049563645;;49,56364514;HFD;16;GAS;3;d;z001;
0;70;;0,051611346;;51,61134613;HFD;16;GAS;3;d;z001;
0;71;;0,059188405;;59,18840488;HFD;16;GAS;3;d;z001;
0;72;;0,05113047;;51,13046988;HFD;16;GAS;3;d;z001;
0;73;;0,054298962;;54,29896178;HFD;16;GAS;3;d;z001;
0;74;;0,047594841;;47,59484112;HFD;16;GAS;3;d;z001;
0;75;;0,060624269;;60,62426886;HFD;16;GAS;3;d;z001;
0;76;;0,047076871;;47,07687065;HFD;16;GAS;3;d;z001;
0;77;;0,047613556;;47,61355635;HFD;16;GAS;3;d;z001;
0;78;;0,060027;;60,02699956;HFD;16;GAS;3;d;z001;
0;79;;0,057221987;;57,22198694;HFD;16;GAS;3;d;z001;
0;80;;0,044985229;;44,98522928;HFD;16;GAS;3;d;z001;
0;81;;0,060027;;60,02699956;HFD;16;GAS;3;d;z001;
0;82;;0,051354129;;51,3541291;HFD;16;GAS;3;d;z001;
0;83;;0,04139635;;41,39635013;HFD;16;GAS;3;d;z001;
0;1;;0,027439685;;27,43968547;HFD;16;GAS;3;d;z002;
0;2;;0,027153623;;27,15362288;HFD;16;GAS;3;d;z002;
0;3;;0,034936957;;34,93695659;HFD;16;GAS;3;d;z002;
0;4;;0,028976784;;28,97678361;HFD;16;GAS;3;d;z002;
0;5;;0,032364415;;32,36441493;HFD;16;GAS;3;d;z002;
0;6;;0,033677834;;33,67783407;HFD;16;GAS;3;d;z002;
0;7;;0,037368342;;37,36834158;HFD;16;GAS;3;d;z002;
0;8;;0,038478632;;38,47863212;HFD;16;GAS;3;d;z002;
0;9;;0,02917205;;29,17204984;HFD;16;GAS;3;d;z002;
0;10;;0,03280232;;32,8023202;HFD;16;GAS;3;d;z002;
0;11;;0,037766099;;37,76609906;HFD;16;GAS;3;d;z002;
0;12;;0,041307699;;41,30769851;HFD;16;GAS;3;d;z002;
0;13;;0,043971584;;43,9715838;HFD;16;GAS;3;d;z002;
0;14;;0,044879969;;44,87996921;HFD;16;GAS;3;d;z002;
0;15;;0,03836824;;38,36823952;HFD;16;GAS;3;d;z002;
0;16;;0,030240174;;30,24017412;HFD;16;GAS;3;d;z002;
0;17;;0,048246002;;48,24600182;HFD;16;GAS;3;d;z002;
0;18;;0,038708968;;38,70896762;HFD;16;GAS;3;d;z002;
0;19;;0,052340757;;52,3407573;HFD;16;GAS;3;d;z002;
0;20;;0,03097202;;30,97201959;HFD;16;GAS;3;d;z002;
0;21;;0,037697328;;37,69732843;HFD;16;GAS;3;d;z002;
0;22;;0,037377688;;37,37768816;HFD;16;GAS;3;d;z002;
0;23;;0,043720239;;43,72023885;HFD;16;GAS;3;d;z002;
0;24;;0,04125111;;41,25110992;HFD;16;GAS;3;d;z002;
0;25;;0,049738308;;49,73830777;HFD;16;GAS;3;d;z002;
0;26;;0,047284165;;47,28416461;HFD;16;GAS;3;d;z002;
0;27;;0,038209025;;38,20902473;HFD;16;GAS;3;d;z002;
0;28;;0,053317626;;53,3176263;HFD;16;GAS;3;d;z002;
0;29;;0,039274252;;39,27425177;HFD;16;GAS;3;d;z002;
0;30;;0,037621236;;37,62123591;HFD;16;GAS;3;d;z002;
0;31;;0,046617153;;46,61715262;HFD;16;GAS;3;d;z002;
0;32;;0,048950457;;48,95045659;HFD;16;GAS;3;d;z002;
0;33;;0,04235142;;42,35142036;HFD;16;GAS;3;d;z002;
0;34;;0,048491923;;48,49192255;HFD;16;GAS;3;d;z002;
0;35;;0,038273848;;38,27384761;HFD;16;GAS;3;d;z002;
0;36;;0,048419345;;48,41934463;HFD;16;GAS;3;d;z002;
0;37;;0,055032905;;55,03290524;HFD;16;GAS;3;d;z002;
0;38;;0,043658139;;43,65813925;HFD;16;GAS;3;d;z002;
0;39;;0,048395819;;48,39581851;HFD;16;GAS;3;d;z002;
0;40;;0,040916689;;40,91668933;HFD;16;GAS;3;d;z002;
0;41;;0,050013589;;50,0135886;HFD;16;GAS;3;d;z002;
0;42;;0,043090614;;43,09061372;HFD;16;GAS;3;d;z002;
0;43;;0,059153115;;59,15311453;HFD;16;GAS;3;d;z002;
0;44;;0,045784418;;45,78441808;HFD;16;GAS;3;d;z002;
0;45;;0,049639693;;49,63969292;HFD;16;GAS;3;d;z002;
0;46;;0,057550198;;57,55019839;HFD;16;GAS;3;d;z002;
0;47;;0,053178048;;53,17804781;HFD;16;GAS;3;d;z002;
0;48;;0,042706367;;42,70636716;HFD;16;GAS;3;d;z002;
0;49;;0,052172999;;52,17299895;HFD;16;GAS;3;d;z002;
0;50;;0,054568421;;54,56842071;HFD;16;GAS;3;d;z002;
0;51;;0,049043609;;49,04360876;HFD;16;GAS;3;d;z002;
0;52;;0,053949427;;53,94942724;HFD;16;GAS;3;d;z002;
0;53;;0,059677143;;59,67714269;HFD;16;GAS;3;d;z002;
0;54;;0,04865783;;48,65782982;HFD;16;GAS;3;d;z002;
0;55;;0,059443533;;59,44353265;HFD;16;GAS;3;d;z002;
0;56;;0,043293967;;43,29396708;HFD;16;GAS;3;d;z002;
0;57;;0,041593489;;41,59348944;HFD;16;GAS;3;d;z002;
0;58;;0,057866065;;57,86606474;HFD;16;GAS;3;d;z002;
0;59;;0,049212636;;49,21263563;HFD;16;GAS;3;d;z002;
0;60;;0,068047375;;68,04737489;HFD;16;GAS;3;d;z002;
0;61;;0,048654436;;48,65443567;HFD;16;GAS;3;d;z002;
0;62;;0,054417003;;54,41700341;HFD;16;GAS;3;d;z002;
0;63;;0,045709258;;45,70925761;HFD;16;GAS;3;d;z002;
0;64;;0,042901658;;42,90165802;HFD;16;GAS;3;d;z002;
0;65;;0,06016104;;60,16104036;HFD;16;GAS;3;d;z002;
0;66;;0,046914085;;46,91408501;HFD;16;GAS;3;d;z002;
0;67;;0,052173337;;52,17333745;HFD;16;GAS;3;d;z002;
0;68;;0,048533834;;48,53383448;HFD;16;GAS;3;d;z002;
0;1;;0,03510347;;35,10346959;HFD;16;GAS;3;d;z003;
0;2;;0,039878607;;39,87860709;HFD;16;GAS;3;d;z003;
0;3;;0,044549183;;44,54918346;HFD;16;GAS;3;d;z003;
0;4;;0,042538052;;42,5380522;HFD;16;GAS;3;d;z003;
0;5;;0,037093904;;37,09390393;HFD;16;GAS;3;d;z003;
0;6;;0,040939813;;40,93981273;HFD;16;GAS;3;d;z003;
0;7;;0,036465004;;36,46500409;HFD;16;GAS;3;d;z003;
0;8;;0,042457373;;42,45737285;HFD;16;GAS;3;d;z003;
0;9;;0,042681674;;42,68167397;HFD;16;GAS;3;d;z003;
0;10;;0,041396327;;41,39632735;HFD;16;GAS;3;d;z003;
0;11;;0,029171992;;29,17199163;HFD;16;GAS;3;d;z003;
0;12;;0,047828223;;47,82822259;HFD;16;GAS;3;d;z003;
0;13;;0,048631469;;48,63146949;HFD;16;GAS;3;d;z003;
0;14;;0,049725219;;49,72521875;HFD;16;GAS;3;d;z003;
0;15;;0,038177871;;38,17787137;HFD;16;GAS;3;d;z003;
0;16;;0,047918364;;47,91836425;HFD;16;GAS;3;d;z003;
0;17;;0,049072621;;49,0726211;HFD;16;GAS;3;d;z003;
0;18;;0,052173011;;52,17301077;HFD;16;GAS;3;d;z003;
0;19;;0,048066612;;48,06661188;HFD;16;GAS;3;d;z003;
0;20;;0,040883205;;40,88320536;HFD;16;GAS;3;d;z003;
0;21;;0,052864604;;52,86460395;HFD;16;GAS;3;d;z003;
0;22;;0,042148995;;42,14899513;HFD;16;GAS;3;d;z003;
0;23;;0,039830978;;39,83097849;HFD;16;GAS;3;d;z003;
0;24;;0,047684996;;47,68499639;HFD;16;GAS;3;d;z003;
0;25;;0,058036893;;58,03689313;HFD;16;GAS;3;d;z003;
0;26;;0,04993878;;49,93878002;HFD;16;GAS;3;d;z003;
0;27;;0,043780311;;43,78031132;HFD;16;GAS;3;d;z003;
0;28;;0,051051;;51,0509999;HFD;16;GAS;3;d;z003;
0;29;;0,048056018;;48,05601793;HFD;16;GAS;3;d;z003;
0;30;;0,051349635;;51,34963459;HFD;16;GAS;3;d;z003;
0;31;;0,046501135;;46,50113536;HFD;16;GAS;3;d;z003;
0;32;;0,054230688;;54,2306877;HFD;16;GAS;3;d;z003;
0;33;;0,055034993;;55,03499289;HFD;16;GAS;3;d;z003;
0;34;;0,064537015;;64,53701548;HFD;16;GAS;3;d;z003;
0;35;;0,047684996;;47,68499639;HFD;16;GAS;3;d;z003;
0;36;;0,056982911;;56,98291099;HFD;16;GAS;3;d;z003;
0;37;;0,046594636;;46,59463609;HFD;16;GAS;3;d;z003;
0;38;;0,061709987;;61,70998677;HFD;16;GAS;3;d;z003;
0;39;;0,056267174;;56,26717418;HFD;16;GAS;3;d;z003;
0;40;;0,061697767;;61,69776701;HFD;16;GAS;3;d;z003;
0;41;;0,061702408;;61,70240805;HFD;16;GAS;3;d;z003;
0;42;;0,06412636;;64,12636046;HFD;16;GAS;3;d;z003;
0;43;;0,048255673;;48,25567276;HFD;16;GAS;3;d;z003;
0;44;;0,057285074;;57,28507422;HFD;16;GAS;3;d;z003;
0;45;;0,051099184;;51,09918432;HFD;16;GAS;3;d;z003;
0;46;;0,039831037;;39,8310367;HFD;16;GAS;3;d;z003;
0;47;;0,047685001;;47,68500094;HFD;16;GAS;3;d;z003;
0;48;;0,043758017;;43,75801655;HFD;16;GAS;3;d;z003;
0;49;;0,066682682;;66,68268166;HFD;16;GAS;3;d;z003;
0;50;;0,054944233;;54,9442334;HFD;16;GAS;3;d;z003;
0;51;;0,051049352;;51,04935248;HFD;16;GAS;3;d;z003;
0;52;;0,058928786;;58,92878596;HFD;16;GAS;3;d;z003;
0;53;;0,051382618;;51,38261771;HFD;16;GAS;3;d;z003;
0;54;;0,063158419;;63,1584191;HFD;16;GAS;3;d;z003;
0;55;;0,062662045;;62,66204543;HFD;16;GAS;3;d;z003;
0;56;;0,062150196;;62,15019624;HFD;16;GAS;3;d;z003;
0;57;;0,051809635;;51,80963471;HFD;16;GAS;3;d;z003;
0;58;;0,059840289;;59,84028918;HFD;16;GAS;3;d;z003;
0;59;;0,063013876;;63,01387617;HFD;16;GAS;3;d;z003;
0;60;;0,066809062;;66,80906167;HFD;16;GAS;3;d;z003;
0;61;;0,063107771;;63,10777061;HFD;16;GAS;3;d;z003;
0;62;;0,06461902;;64,61901996;HFD;16;GAS;3;d;z003;
0;63;;0,074879803;;74,87980254;HFD;16;GAS;3;d;z003;
0;64;;0,057806879;;57,8068786;HFD;16;GAS;3;d;z003;
0;65;;0,066924282;;66,92428209;HFD;16;GAS;3;d;z003;
0;1;;0,013053975;;13,05397542;HFD;16;GAS;3;d;z004;
0;2;;0,013463999;;13,46399949;HFD;16;GAS;3;d;z004;
0;3;;0,016829988;;16,82998845;HFD;16;GAS;3;d;z004;
0;4;;0,021318003;;21,31800284;HFD;16;GAS;3;d;z004;
0;5;;0,021166965;;21,16696543;HFD;16;GAS;3;d;z004;
0;6;;0,020272478;;20,27247755;HFD;16;GAS;3;d;z004;
0;7;;0,021421115;;21,42111518;HFD;16;GAS;3;d;z004;
0;8;;0,019550719;;19,55071862;HFD;16;GAS;3;d;z004;
0;9;;0,019635001;;19,63500108;HFD;16;GAS;3;d;z004;
0;10;;0,025244997;;25,24499723;HFD;16;GAS;3;d;z004;
0;11;;0,02280908;;22,80907963;HFD;16;GAS;3;d;z004;
0;12;;0,024544096;;24,54409637;HFD;16;GAS;3;d;z004;
0;13;;0,021318032;;21,31803194;HFD;16;GAS;3;d;z004;
0;14;;0,020617262;;20,61726232;HFD;16;GAS;3;d;z004;
0;15;;0,021879008;;21,87900827;HFD;16;GAS;3;d;z004;
0;16;;0,018784225;;18,78422454;HFD;16;GAS;3;d;z004;
0;17;;0,019248094;;19,24809377;HFD;16;GAS;3;d;z004;
0;18;;0,020196021;;20,19602107;HFD;16;GAS;3;d;z004;
0;19;;0,025412449;;25,41244902;HFD;16;GAS;3;d;z004;
0;20;;0,021308601;;21,30860083;HFD;16;GAS;3;d;z004;
0;21;;0,023272798;;23,27279792;HFD;16;GAS;3;d;z004;
0;22;;0,029171999;;29,1719989;HFD;16;GAS;3;d;z004;
0;23;;0,019073981;;19,07398109;HFD;16;GAS;3;d;z004;
0;24;;0,026332285;;26,33228466;HFD;16;GAS;3;d;z004;
0;25;;0,021645652;;21,6456524;HFD;16;GAS;3;d;z004;
0;26;;0,024291102;;24,29110245;HFD;16;GAS;3;d;z004;
0;27;;0,026928006;;26,92800626;HFD;16;GAS;3;d;z004;
0;28;;0,021318003;;21,31800284;HFD;16;GAS;3;d;z004;
0;29;;0,028049981;;28,04998076;HFD;16;GAS;3;d;z004;
0;30;;0,030608203;;30,60820314;HFD;16;GAS;3;d;z004;
0;31;;0,024458648;;24,4586477;HFD;16;GAS;3;d;z004;
0;32;;0,026797697;;26,79769708;HFD;16;GAS;3;d;z004;
0;33;;0,028614423;;28,61442307;HFD;16;GAS;3;d;z004;
0;34;;0,036870405;;36,87040515;HFD;16;GAS;3;d;z004;
0;35;;0,025153987;;25,15398676;HFD;16;GAS;3;d;z004;
0;36;;0,034096457;;34,09645671;HFD;16;GAS;3;d;z004;
0;37;;0,02748899;;27,48898987;HFD;16;GAS;3;d;z004;
0;38;;0,029855548;;29,85554838;HFD;16;GAS;3;d;z004;
0;39;;0,031160553;;31,16055254;HFD;16;GAS;3;d;z004;
0;40;;0,02955601;;29,55601009;HFD;16;GAS;3;d;z004;
0;41;;0,030854997;;30,85499702;HFD;16;GAS;3;d;z004;
0;42;;0,045322003;;45,32200345;HFD;16;GAS;3;d;z004;
0;43;;0,032538024;;32,53802424;HFD;16;GAS;3;d;z004;
0;44;;0,033091597;;33,09159704;HFD;16;GAS;3;d;z004;
0;45;;0,035375047;;35,37504698;HFD;16;GAS;3;d;z004;
0;46;;0,035343022;;35,34302232;HFD;16;GAS;3;d;z004;
0;47;;0,041378445;;41,37844454;HFD;16;GAS;3;d;z004;
0;48;;0,02828228;;28,28227992;HFD;16;GAS;3;d;z004;
0;49;;0,027947503;;27,94750269;HFD;16;GAS;3;d;z004;
0;50;;0,035060173;;35,06017321;HFD;16;GAS;3;d;z004;
0;51;;0,032534789;;32,53478905;HFD;16;GAS;3;d;z004;
0;52;;0,030920201;;30,92020114;HFD;16;GAS;3;d;z004;
0;53;;0,029820805;;29,82080524;HFD;16;GAS;3;d;z004;
0;54;;0,03790439;;37,90439021;HFD;16;GAS;3;d;z004;
0;55;;0,038599268;;38,59926785;HFD;16;GAS;3;d;z004;
0;56;;0,043196982;;43,19698201;HFD;16;GAS;3;d;z004;
0;57;;0,03197699;;31,9769897;HFD;16;GAS;3;d;z004;
0;58;;0,029171992;;29,17199163;HFD;16;GAS;3;d;z004;
0;59;;0,036465004;;36,46500409;HFD;16;GAS;3;d;z004;
0;60;;0,020196021;;20,19602107;HFD;16;GAS;3;d;z004;
0;61;;0,037003155;;37,00315508;HFD;16;GAS;3;d;z004;
0;62;;0,043485314;;43,48531426;HFD;16;GAS;3;d;z004;
0;63;;0,039390736;;39,3907361;HFD;16;GAS;3;d;z004;
0;64;;0,036464997;;36,46499681;HFD;16;GAS;3;d;z004;
0;65;;0,038182886;;38,18288553;HFD;16;GAS;3;d;z004;
0;66;;0,037671165;;37,67116546;HFD;16;GAS;3;d;z004;
0;67;;0,035903999;;35,90399865;HFD;16;GAS;3;d;z004;
0;68;;0,038580828;;38,58082771;HFD;16;GAS;3;d;z004;
0;69;;0,03927;;39,27000034;HFD;16;GAS;3;d;z004;
0;70;;0,029610592;;29,61059234;HFD;16;GAS;3;d;z004;
0;71;;0,0322531;;32,25310008;HFD;16;GAS;3;d;z004;
0;72;;0,038147991;;38,14799129;HFD;16;GAS;3;d;z004;
0;73;;0,035609518;;35,60951806;HFD;16;GAS;3;d;z004;
0;74;;0,030323553;;30,32355311;HFD;16;GAS;3;d;z004;
0;75;;0,037860418;;37,86041812;HFD;16;GAS;3;d;z004;
0;76;;0,034221011;;34,22101145;HFD;16;GAS;3;d;z004;
0;77;;0,032731241;;32,7312411;HFD;16;GAS;3;d;z004;
0;78;;0,038461932;;38,46193234;HFD;16;GAS;3;d;z004;
0;79;;0,038943349;;38,94334909;HFD;16;GAS;3;d;z004;
0;80;;0,045441;;45,44100011;HFD;16;GAS;3;d;z004;
0;81;;0,031415984;;31,41598427;HFD;16;GAS;3;d;z004;
0;82;;0,034781988;;34,78198778;HFD;16;GAS;3;d;z004;
0;83;;0,033099001;;33,09900058;HFD;16;GAS;3;d;z004;
0;84;;0,037587015;;37,58701496;HFD;16;GAS;3;d;z004;
0;85;;0,037750979;;37,75097919;HFD;16;GAS;3;d;z004;
0;86;;0,045488806;;45,48880563;HFD;16;GAS;3;d;z004;
0;87;;0,026927999;;26,92799899;HFD;16;GAS;3;d;z004;
0;88;;0,030855008;;30,85500794;HFD;16;GAS;3;d;z004;
0;89;;0,034459088;;34,45908767;HFD;16;GAS;3;d;z004;
0;90;;0,043348905;;43,34890466;HFD;16;GAS;3;d;z004;
0;91;;0,040516176;;40,51617584;HFD;16;GAS;3;d;z004;
0;92;;0,033666241;;33,6662412;HFD;16;GAS;3;d;z004;
0;93;;0,036306242;;36,30624164;HFD;16;GAS;3;d;z004;
0;94;;0,034330263;;34,33026342;HFD;16;GAS;3;d;z004;
0;95;;0,033683399;;33,68339907;HFD;16;GAS;3;d;z004;
0;96;;0,04382017;;43,82016951;HFD;16;GAS;3;d;z004;
0;97;;0,029796768;;29,79676798;HFD;16;GAS;3;d;z004;
0;98;;0,032537995;;32,53799514;HFD;16;GAS;3;d;z004;
0;99;;0,04032266;;40,32265978;HFD;16;GAS;3;d;z004;
0;100;;0,044671495;;44,67149525;HFD;16;GAS;3;d;z004;
0;101;;0,051625355;;51,62535485;HFD;16;GAS;3;d;z004;
0;102;;0,030033666;;30,03366574;HFD;16;GAS;3;d;z004;
0;103;;0,034146659;;34,14665893;HFD;16;GAS;3;d;z004;
0;104;;0,046026318;;46,02631821;HFD;16;GAS;3;d;z004;
0;105;;0,035342993;;35,34299321;HFD;16;GAS;3;d;z004;
0;106;;0,045967103;;45,96710292;HFD;16;GAS;3;d;z004;
0;107;;0,035904028;;35,90402775;HFD;16;GAS;3;d;z004;
0;108;;0,040202185;;40,20218485;HFD;16;GAS;3;d;z004;
0;109;;0,051018637;;51,0186366;HFD;16;GAS;3;d;z004;
0;110;;0,052734016;;52,73401621;HFD;16;GAS;3;d;z004;
0;111;;0,041421384;;41,42138439;HFD;16;GAS;3;d;z004;
0;112;;0,042172809;;42,17280923;HFD;16;GAS;3;d;z004;
0;113;;0,056660996;;56,66099605;HFD;16;GAS;3;d;z004;
0;114;;0,044477826;;44,47782628;HFD;16;GAS;3;d;z004;
0;115;;0,04230323;;42,3032302;HFD;16;GAS;3;d;z004;
0;116;;0,034014069;;34,0140689;HFD;16;GAS;3;d;z004;
0;117;;0,040179983;;40,17998302;HFD;16;GAS;3;d;z004;
0;1;;0,024438742;;24,438742;HFD;16;GAS;5;d;z;
0;2;;0,032538001;;32,5380006;HFD;16;GAS;5;d;z;
0;3;;0,027775386;;27,77538559;HFD;16;GAS;5;d;z;
0;4;;0,034782002;;34,78200233;HFD;16;GAS;5;d;z;
0;5;;0,028350219;;28,35021934;HFD;16;GAS;5;d;z;
0;6;;0,038161408;;38,1614082;HFD;16;GAS;5;d;z;
0;7;;0,036233544;;36,23354437;HFD;16;GAS;5;d;z;
0;8;;0,036219697;;36,21969728;HFD;16;GAS;5;d;z;
0;9;;0,038503605;;38,50360497;HFD;16;GAS;5;d;z;
0;10;;0,024617154;;24,61715429;HFD;16;GAS;5;d;z;
0;11;;0,038147991;;38,14799129;HFD;16;GAS;5;d;z;
0;12;;0,032797008;;32,79700824;HFD;16;GAS;5;d;z;
0;13;;0,038081952;;38,08195167;HFD;16;GAS;5;d;z;
0;14;;0,038250663;;38,25066325;HFD;16;GAS;5;d;z;
0;15;;0,042636006;;42,63600567;HFD;16;GAS;5;d;z;
0;16;;0,032131648;;32,13164833;HFD;16;GAS;5;d;z;
0;17;;0,038324338;;38,32433792;HFD;16;GAS;5;d;z;
0;18;;0,038916476;;38,91647581;HFD;16;GAS;5;d;z;
0;19;;0,039891018;;39,89101783;HFD;16;GAS;5;d;z;
0;20;;0,036495204;;36,49520411;HFD;16;GAS;5;d;z;
0;21;;0,037391995;;37,39199453;HFD;16;GAS;5;d;z;
0;22;;0,041145427;;41,14542711;HFD;16;GAS;5;d;z;
0;23;;0,037147637;;37,14763662;HFD;16;GAS;5;d;z;
0;24;;0,042650764;;42,65076388;HFD;16;GAS;5;d;z;
0;25;;0,039858783;;39,85878258;HFD;16;GAS;5;d;z;
0;26;;0,036087436;;36,08743579;HFD;16;GAS;5;d;z;
0;27;;0,040391999;;40,39199939;HFD;16;GAS;5;d;z;
0;28;;0,031164137;;31,16413683;HFD;16;GAS;5;d;z;
0;29;;0,046202848;;46,202848;HFD;16;GAS;5;d;z;
0;30;;0,044825638;;44,82563779;HFD;16;GAS;5;d;z;
0;31;;0,036380862;;36,38086155;HFD;16;GAS;5;d;z;
0;32;;0,045441004;;45,44100375;HFD;16;GAS;5;d;z;
0;33;;0,041351839;;41,35183865;HFD;16;GAS;5;d;z;
0;34;;0,040559892;;40,55989232;HFD;16;GAS;5;d;z;
0;35;;0,044318997;;44,31899652;HFD;16;GAS;5;d;z;
0;36;;0,039538703;;39,53870329;HFD;16;GAS;5;d;z;
0;37;;0,042636006;;42,63600567;HFD;16;GAS;5;d;z;
0;38;;0,038187495;;38,18749514;HFD;16;GAS;5;d;z;
0;39;;0,044589781;;44,58978103;HFD;16;GAS;5;d;z;
0;40;;0,038787085;;38,78708484;HFD;16;GAS;5;d;z;
0;41;;0,047684996;;47,68499639;HFD;16;GAS;5;d;z;
0;42;;0,049338078;;49,33807762;HFD;16;GAS;5;d;z;
0;43;;0,035567612;;35,56761227;HFD;16;GAS;5;d;z;
0;44;;0,040463153;;40,46315348;HFD;16;GAS;5;d;z;
0;45;;0,039668064;;39,6680636;HFD;16;GAS;5;d;z;
0;46;;0,043902176;;43,90217594;HFD;16;GAS;5;d;z;
0;47;;0,034583253;;34,58325251;HFD;16;GAS;5;d;z;
0;48;;0,049367998;;49,36799814;HFD;16;GAS;5;d;z;
0;49;;0,047152056;;47,15205633;HFD;16;GAS;5;d;z;
0;50;;0,048961713;;48,96171319;HFD;16;GAS;5;d;z;
0;51;;0,047684996;;47,68499639;HFD;16;GAS;5;d;z;
0;52;;0,033876759;;33,87675901;HFD;16;GAS;5;d;z;
0;53;;0,040144603;;40,14460277;HFD;16;GAS;5;d;z;
0;54;;0,046341595;;46,34159471;HFD;16;GAS;5;d;z;
0;55;;0,041625789;;41,62578921;HFD;16;GAS;5;d;z;
0;56;;0,03946286;;39,4628603;HFD;16;GAS;5;d;z;
0;57;;0,049368013;;49,3680127;HFD;16;GAS;5;d;z;
0;58;;0,043400045;;43,40004504;HFD;16;GAS;5;d;z;
0;59;;0,043155746;;43,15574591;HFD;16;GAS;5;d;z;
0;60;;0,046563015;;46,56301462;HFD;16;GAS;5;d;z;
0;61;;0,042741595;;42,74159496;HFD;16;GAS;5;d;z;
0;62;;0,047097687;;47,09768685;HFD;16;GAS;5;d;z;
0;63;;0,051062774;;51,06277383;HFD;16;GAS;5;d;z;
0;64;;0,047335958;;47,3359582;HFD;16;GAS;5;d;z;
0;65;;0,037587001;;37,58700126;HFD;16;GAS;5;d;z;
0;66;;0,049861519;;49,86151929;HFD;16;GAS;5;d;z;
0;67;;0,048250664;;48,25066398;HFD;16;GAS;5;d;z;
0;68;;0,04057961;;40,57961029;HFD;16;GAS;5;d;z;
0;69;;0,042495717;;42,49571734;HFD;16;GAS;5;d;z;
0;70;;0,049559541;;49,55954052;HFD;16;GAS;5;d;z;
0;71;;0,045222334;;45,22233368;HFD;16;GAS;5;d;z;
0;72;;0,044795768;;44,79576758;HFD;16;GAS;5;d;z;
0;73;;0,04708677;;47,08677047;HFD;16;GAS;5;d;z;
0;74;;0,0476685;;47,66850023;HFD;16;GAS;5;d;z;
0;75;;0,037921078;;37,92107772;HFD;16;GAS;5;d;z;
0;76;;0,053294993;;53,29499254;HFD;16;GAS;5;d;z;
0;77;;0,050154995;;50,15499541;HFD;16;GAS;5;d;z;
0;78;;0,056660996;;56,66099605;HFD;16;GAS;5;d;z;
0;79;;0,042276123;;42,27612263;HFD;16;GAS;5;d;z;
0;80;;0,045481484;;45,48148351;HFD;16;GAS;5;d;z;
0;81;;0,050908386;;50,90838573;HFD;16;GAS;5;d;z;
0;82;;0,054670683;;54,67068301;HFD;16;GAS;5;d;z;
0;83;;0,055019489;;55,01948873;HFD;16;GAS;5;d;z;
0;84;;0,044406982;;44,40698218;HFD;16;GAS;5;d;z;
0;85;;0,04883956;;48,83955991;HFD;16;GAS;5;d;z;
0;86;;0,057696674;;57,69667354;HFD;16;GAS;5;d;z;
0;87;;0,049825839;;49,82583901;HFD;16;GAS;5;d;z;
0;88;;0,054742809;;54,74280874;HFD;16;GAS;5;d;z;
0;89;;0,046219364;;46,21936432;HFD;16;GAS;5;d;z;
0;90;;0,049824729;;49,82472949;HFD;16;GAS;5;d;z;
0;91;;0,048587053;;48,58705291;HFD;16;GAS;5;d;z;
0;92;;0,042977459;;42,97745874;HFD;16;GAS;5;d;z;
0;93;;0,060790936;;60,79093612;HFD;16;GAS;5;d;z;
0;94;;0,053635062;;53,63506153;HFD;16;GAS;5;d;z;
0;95;;0,04976037;;49,76036974;HFD;16;GAS;5;d;z;
0;96;;0,051051;;51,0509999;HFD;16;GAS;5;d;z;
0;97;;0,046709725;;46,70972539;HFD;16;GAS;5;d;z;
0;98;;0,058449332;;58,44933194;HFD;16;GAS;5;d;z;
0;99;;0,061807185;;61,80718524;HFD;16;GAS;5;d;z;
0;100;;0,04820075;;48,20075028;HFD;16;GAS;5;d;z;
0;101;;0,048767677;;48,76767679;HFD;16;GAS;5;d;z;
0;102;;0,045739731;;45,73973124;HFD;16;GAS;5;d;z;
0;103;;0,049279373;;49,2793726;HFD;16;GAS;5;d;z;
0;1;;0,03073431;;30,73431048;HFD;16;GAS;5;d;z001;
0;2;;0,036431896;;36,43189562;HFD;16;GAS;5;d;z001;
0;3;;0,031986545;;31,98654484;HFD;16;GAS;5;d;z001;
0;4;;0,029171992;;29,17199163;HFD;16;GAS;5;d;z001;
0;5;;0,038708997;;38,70899673;HFD;16;GAS;5;d;z001;
0;6;;0,039755607;;39,75560653;HFD;16;GAS;5;d;z001;
0;7;;0,030716349;;30,71634891;HFD;16;GAS;5;d;z001;
0;8;;0,038402221;;38,40222086;HFD;16;GAS;5;d;z001;
0;9;;0,033618848;;33,61884821;HFD;16;GAS;5;d;z001;
0;10;;0,037248033;;37,2480327;HFD;16;GAS;5;d;z001;
0;11;;0,039879172;;39,87917214;HFD;16;GAS;5;d;z001;
0;12;;0,040165074;;40,165074;HFD;16;GAS;5;d;z001;
0;13;;0,042588218;;42,58821831;HFD;16;GAS;5;d;z001;
0;14;;0,044392211;;44,39221136;HFD;16;GAS;5;d;z001;
0;15;;0,036331374;;36,3313735;HFD;16;GAS;5;d;z001;
0;16;;0,03971033;;39,71033013;HFD;16;GAS;5;d;z001;
0;17;;0,040392002;;40,39200212;HFD;16;GAS;5;d;z001;
0;18;;0,039377499;;39,37749927;HFD;16;GAS;5;d;z001;
0;19;;0,040522974;;40,52297378;HFD;16;GAS;5;d;z001;
0;20;;0,044287747;;44,28774676;HFD;16;GAS;5;d;z001;
0;21;;0,045005909;;45,00590865;HFD;16;GAS;5;d;z001;
0;22;;0,048142104;;48,14210392;HFD;16;GAS;5;d;z001;
0;23;;0,042064248;;42,06424775;HFD;16;GAS;5;d;z001;
0;24;;0,041355283;;41,35528293;HFD;16;GAS;5;d;z001;
0;25;;0,042280522;;42,28052166;HFD;16;GAS;5;d;z001;
0;26;;0,042890981;;42,8909813;HFD;16;GAS;5;d;z001;
0;27;;0,041915619;;41,91561923;HFD;16;GAS;5;d;z001;
0;28;;0,043197011;;43,19701111;HFD;16;GAS;5;d;z001;
0;29;;0,033691557;;33,6915572;HFD;16;GAS;5;d;z001;
0;30;;0,050490002;;50,49000174;HFD;16;GAS;5;d;z001;
0;31;;0,042075;;42,07500024;HFD;16;GAS;5;d;z001;
0;32;;0,03657418;;36,57418048;HFD;16;GAS;5;d;z001;
0;33;;0,044185025;;44,18502494;HFD;16;GAS;5;d;z001;
0;34;;0,032776403;;32,77640326;HFD;16;GAS;5;d;z001;
0;35;;0,049238172;;49,23817178;HFD;16;GAS;5;d;z001;
0;36;;0,038514734;;38,51473421;HFD;16;GAS;5;d;z001;
0;37;;0,041242741;;41,24274077;HFD;16;GAS;5;d;z001;
0;38;;0,044032251;;44,03225115;HFD;16;GAS;5;d;z001;
0;39;;0,043280069;;43,28006853;HFD;16;GAS;5;d;z001;
0;40;;0,045535478;;45,53547839;HFD;16;GAS;5;d;z001;
0;41;;0,045491217;;45,49121728;HFD;16;GAS;5;d;z001;
0;42;;0,041118671;;41,11867134;HFD;16;GAS;5;d;z001;
0;43;;0,04907894;;49,07893966;HFD;16;GAS;5;d;z001;
0;44;;0,054019056;;54,019056;HFD;16;GAS;5;d;z001;
0;45;;0,04712402;;47,12402006;HFD;16;GAS;5;d;z001;
0;46;;0,050318063;;50,3180632;HFD;16;GAS;5;d;z001;
0;47;;0,053001596;;53,00159564;HFD;16;GAS;5;d;z001;
0;48;;0,05158386;;51,58385996;HFD;16;GAS;5;d;z001;
0;49;;0,0539309;;53,93089979;HFD;16;GAS;5;d;z001;
0;50;;0,044406995;;44,4069952;HFD;16;GAS;5;d;z001;
0;51;;0,042402899;;42,40289905;HFD;16;GAS;5;d;z001;
0;52;;0,051072343;;51,07234252;HFD;16;GAS;5;d;z001;
0;53;;0,051121457;;51,1214575;HFD;16;GAS;5;d;z001;
0;54;;0,05354017;;53,54017036;HFD;16;GAS;5;d;z001;
0;55;;0,052249251;;52,2492509;HFD;16;GAS;5;d;z001;
0;56;;0,052301702;;52,30170221;HFD;16;GAS;5;d;z001;
0;57;;0,050367166;;50,36716609;HFD;16;GAS;5;d;z001;
0;58;;0,057771129;;57,77112876;HFD;16;GAS;5;d;z001;
0;59;;0,055281983;;55,28198278;HFD;16;GAS;5;d;z001;
0;60;;0,048170277;;48,17027712;HFD;16;GAS;5;d;z001;
0;61;;0,060588005;;60,588005;HFD;16;GAS;5;d;z001;
0;62;;0,051220258;;51,2202582;HFD;16;GAS;5;d;z001;
0;63;;0,046599123;;46,59912282;HFD;16;GAS;5;d;z001;
0;64;;0,051051;;51,0509999;HFD;16;GAS;5;d;z001;
0;65;;0,056660996;;56,66099605;HFD;16;GAS;5;d;z001;
0;66;;0,0538049;;53,80489993;HFD;16;GAS;5;d;z001;
0;67;;0,049928989;;49,92898903;HFD;16;GAS;5;d;z001;
0;68;;0,044304178;;44,30417839;HFD;16;GAS;5;d;z001;
0;69;;0,045425745;;45,42574536;HFD;16;GAS;5;d;z001;
0;70;;0,054257275;;54,2572746;HFD;16;GAS;5;d;z001;
0;71;;0,054215649;;54,21564885;HFD;16;GAS;5;d;z001;
0;72;;0,044302795;;44,30279548;HFD;16;GAS;5;d;z001;
0;73;;0,052683726;;52,68372628;HFD;16;GAS;5;d;z001;
0;74;;0,051642622;;51,64262237;HFD;16;GAS;5;d;z001;
0;75;;0,056279479;;56,27947933;HFD;16;GAS;5;d;z001;
0;76;;0,053856001;;53,8560007;HFD;16;GAS;5;d;z001;
0;77;;0,048581919;;48,58191911;HFD;16;GAS;5;d;z001;
0;78;;0,061091089;;61,09108894;HFD;16;GAS;5;d;z001;
0;79;;0,043024012;;43,02401158;HFD;16;GAS;5;d;z001;
0;80;;0,059711074;;59,71107399;HFD;16;GAS;5;d;z001;
0;81;;0,063034701;;63,03470109;HFD;16;GAS;5;d;z001;
0;1;;0,037026002;;37,02600225;HFD;16;GAS;5;d;z002;
0;2;;0,031651609;;31,65160907;HFD;16;GAS;5;d;z002;
0;3;;0,029314397;;29,31439712;HFD;16;GAS;5;d;z002;
0;4;;0,037002405;;37,00240471;HFD;16;GAS;5;d;z002;
0;5;;0,039404578;;39,40457789;HFD;16;GAS;5;d;z002;
0;6;;0,031829674;;31,82967442;HFD;16;GAS;5;d;z002;
0;7;;0,034908449;;34,90844883;HFD;16;GAS;5;d;z002;
0;8;;0,034395129;;34,39512946;HFD;16;GAS;5;d;z002;
0;9;;0,035993606;;35,993606;HFD;16;GAS;5;d;z002;
0;10;;0,032792841;;32,79284081;HFD;16;GAS;5;d;z002;
0;11;;0,036563763;;36,56376284;HFD;16;GAS;5;d;z002;
0;12;;0,039094374;;39,094374;HFD;16;GAS;5;d;z002;
0;13;;0,033563247;;33,56324705;HFD;16;GAS;5;d;z002;
0;14;;0,041695351;;41,69535093;HFD;16;GAS;5;d;z002;
0;15;;0,043757999;;43,75799926;HFD;16;GAS;5;d;z002;
0;16;;0,043982903;;43,98290257;HFD;16;GAS;5;d;z002;
0;17;;0,034340663;;34,34066331;HFD;16;GAS;5;d;z002;
0;18;;0,045222313;;45,2223131;HFD;16;GAS;5;d;z002;
0;19;;0,035708858;;35,70885774;HFD;16;GAS;5;d;z002;
0;20;;0,049777438;;49,77743842;HFD;16;GAS;5;d;z002;
0;21;;0,043190169;;43,19016866;HFD;16;GAS;5;d;z002;
0;22;;0,038970598;;38,97059837;HFD;16;GAS;5;d;z002;
0;23;;0,048921626;;48,92162627;HFD;16;GAS;5;d;z002;
0;24;;0,049398182;;49,39818237;HFD;16;GAS;5;d;z002;
0;25;;0,040997029;;40,9970294;HFD;16;GAS;5;d;z002;
0;26;;0,040345523;;40,34552295;HFD;16;GAS;5;d;z002;
0;27;;0,038708997;;38,70899673;HFD;16;GAS;5;d;z002;
0;28;;0,042785244;;42,78524415;HFD;16;GAS;5;d;z002;
0;29;;0,04069424;;40,69424029;HFD;16;GAS;5;d;z002;
0;30;;0,041513995;;41,5139948;HFD;16;GAS;5;d;z002;
0;31;;0,053495894;;53,49589378;HFD;16;GAS;5;d;z002;
0;32;;0,050705903;;50,70590286;HFD;16;GAS;5;d;z002;
0;33;;0,050490024;;50,49002357;HFD;16;GAS;5;d;z002;
0;34;;0,042075;;42,07500024;HFD;16;GAS;5;d;z002;
0;35;;0,044410009;;44,41000924;HFD;16;GAS;5;d;z002;
0;36;;0,048792509;;48,79250925;HFD;16;GAS;5;d;z002;
0;37;;0,047592501;;47,59250124;HFD;16;GAS;5;d;z002;
0;38;;0,046482642;;46,48264246;HFD;16;GAS;5;d;z002;
0;39;;0,052054068;;52,05406783;HFD;16;GAS;5;d;z002;
0;40;;0,049537988;;49,53798761;HFD;16;GAS;5;d;z002;
0;41;;0,051098949;;51,09894923;HFD;16;GAS;5;d;z002;
0;42;;0,044545813;;44,54581265;HFD;16;GAS;5;d;z002;
0;43;;0,051471774;;51,47177363;HFD;16;GAS;5;d;z002;
0;44;;0,047431879;;47,43187874;HFD;16;GAS;5;d;z002;
0;45;;0,03827673;;38,27673;HFD;16;GAS;5;d;z002;
0;46;;0,049250648;;49,25064848;HFD;16;GAS;5;d;z002;
0;47;;0,054400298;;54,40029779;HFD;16;GAS;5;d;z002;
0;48;;0,044287973;;44,28797256;HFD;16;GAS;5;d;z002;
0;49;;0,054367417;;54,36741705;HFD;16;GAS;5;d;z002;
0;50;;0,049385298;;49,38529758;HFD;16;GAS;5;d;z002;
0;51;;0,051711475;;51,71147456;HFD;16;GAS;5;d;z002;
0;52;;0,048267918;;48,26791812;HFD;16;GAS;5;d;z002;
0;53;;0,042338732;;42,33873211;HFD;16;GAS;5;d;z002;
0;54;;0,050864497;;50,86449705;HFD;16;GAS;5;d;z002;
0;55;;0,048842947;;48,84294725;HFD;16;GAS;5;d;z002;
0;56;;0,049368013;;49,3680127;HFD;16;GAS;5;d;z002;
0;57;;0,057835133;;57,83513287;HFD;16;GAS;5;d;z002;
0;58;;0,048447638;;48,44763842;HFD;16;GAS;5;d;z002;
0;59;;0,054977394;;54,97739393;HFD;16;GAS;5;d;z002;
0;60;;0,053059982;;53,05998215;HFD;16;GAS;5;d;z002;
0;61;;0,054268541;;54,26854148;HFD;16;GAS;5;d;z002;
0;62;;0,050708865;;50,70886473;HFD;16;GAS;5;d;z002;
0;63;;0,056072976;;56,07297558;HFD;16;GAS;5;d;z002;
0;64;;0,061806704;;61,80670372;HFD;16;GAS;5;d;z002;
0;65;;0,042914123;;42,91412328;HFD;16;GAS;5;d;z002;
0;66;;0,044724339;;44,72433945;HFD;16;GAS;5;d;z002;
0;67;;0,050489999;;50,48999901;HFD;16;GAS;5;d;z002;
0;68;;0,054683555;;54,68355484;HFD;16;GAS;5;d;z002;
0;69;;0,059460191;;59,46019124;HFD;16;GAS;5;d;z002;
0;70;;0,051612005;;51,61200534;HFD;16;GAS;5;d;z002;
0;71;;0,058905003;;58,90500324;HFD;16;GAS;5;d;z002;
0;72;;0,047762183;;47,76218257;HFD;16;GAS;5;d;z002;
0;73;;0,052726513;;52,72651283;HFD;16;GAS;5;d;z002;
0;74;;0,05508103;;55,08102976;HFD;16;GAS;5;d;z002;
0;75;;0,051652169;;51,65216911;HFD;16;GAS;5;d;z002;
0;76;;0,052075655;;52,07565514;HFD;16;GAS;5;d;z002;
0;77;;0,051443828;;51,44382794;HFD;16;GAS;5;d;z002;
0;78;;0,056702339;;56,7023395;HFD;16;GAS;5;d;z002;
0;79;;0,05932383;;59,32383006;HFD;16;GAS;5;d;z002;
0;80;;0,054129292;;54,12929249;HFD;16;GAS;5;d;z002;
0;81;;0,04679905;;46,79905029;HFD;16;GAS;5;d;z002;
0;82;;0,048511384;;48,51138364;HFD;16;GAS;5;d;z002;
0;83;;0,04976136;;49,7613602;HFD;16;GAS;5;d;z002;
0;84;;0,062670064;;62,67006355;HFD;16;GAS;5;d;z002;
0;85;;0,052172982;;52,17298167;HFD;16;GAS;5;d;z002;
0;86;;0,053109548;;53,10954778;HFD;16;GAS;5;d;z002;
0;87;;0,064814521;;64,81452147;HFD;16;GAS;5;d;z002;
0;1;;0,020982849;;20,98284908;HFD;16;GAS;5;d;z003;
0;2;;0,026830812;;26,83081179;HFD;16;GAS;5;d;z003;
0;3;;0,029442401;;29,44240093;HFD;16;GAS;5;d;z003;
0;4;;0,031932236;;31,93223639;HFD;16;GAS;5;d;z003;
0;5;;0,025805999;;25,80599903;HFD;16;GAS;5;d;z003;
0;6;;0,037085937;;37,08593658;HFD;16;GAS;5;d;z003;
0;7;;0,035428274;;35,42827351;HFD;16;GAS;5;d;z003;
0;8;;0,037057323;;37,05732319;HFD;16;GAS;5;d;z003;
0;9;;0,037234302;;37,23430184;HFD;16;GAS;5;d;z003;
0;10;;0,033863999;;33,86399862;HFD;16;GAS;5;d;z003;
0;11;;0,036581515;;36,58151515;HFD;16;GAS;5;d;z003;
0;12;;0,033488565;;33,48856455;HFD;16;GAS;5;d;z003;
0;13;;0,031415999;;31,41599882;HFD;16;GAS;5;d;z003;
0;14;;0,036380729;;36,3807289;HFD;16;GAS;5;d;z003;
0;15;;0,035701833;;35,7018329;HFD;16;GAS;5;d;z003;
0;16;;0,032302564;;32,30256438;HFD;16;GAS;5;d;z003;
0;17;;0,042559971;;42,55997063;HFD;16;GAS;5;d;z003;
0;18;;0,029264725;;29,26472479;HFD;16;GAS;5;d;z003;
0;19;;0,041084719;;41,08471884;HFD;16;GAS;5;d;z003;
0;20;;0,032129304;;32,12930368;HFD;16;GAS;5;d;z003;
0;21;;0,042028771;;42,02877058;HFD;16;GAS;5;d;z003;
0;22;;0,044887376;;44,8873765;HFD;16;GAS;5;d;z003;
0;23;;0,036582939;;36,58293894;HFD;16;GAS;5;d;z003;
0;24;;0,042291951;;42,29195103;HFD;16;GAS;5;d;z003;
0;25;;0,037962744;;37,96274414;HFD;16;GAS;5;d;z003;
0;26;;0,032539643;;32,53964329;HFD;16;GAS;5;d;z003;
0;27;;0,041392286;;41,39228616;HFD;16;GAS;5;d;z003;
0;28;;0,042449227;;42,44922731;HFD;16;GAS;5;d;z003;
0;29;;0,042842189;;42,84218919;HFD;16;GAS;5;d;z003;
0;30;;0,048332055;;48,3320555;HFD;16;GAS;5;d;z003;
0;31;;0,040466212;;40,46621243;HFD;16;GAS;5;d;z003;
0;32;;0,033683357;;33,68335715;HFD;16;GAS;5;d;z003;
0;33;;0,030315719;;30,31571923;HFD;16;GAS;5;d;z003;
0;34;;0,038949541;;38,94954102;HFD;16;GAS;5;d;z003;
0;35;;0,036596635;;36,59663515;HFD;16;GAS;5;d;z003;
0;36;;0,042075;;42,07500024;HFD;16;GAS;5;d;z003;
0;37;;0,046166462;;46,1664617;HFD;16;GAS;5;d;z003;
0;38;;0,040603888;;40,60388757;HFD;16;GAS;5;d;z003;
0;39;;0,032384661;;32,38466103;HFD;16;GAS;5;d;z003;
0;40;;0,040894572;;40,89457161;HFD;16;GAS;5;d;z003;
0;41;;0,033550008;;33,5500084;HFD;16;GAS;5;d;z003;
0;42;;0,047617563;;47,61756263;HFD;16;GAS;5;d;z003;
0;43;;0,040141891;;40,14189082;HFD;16;GAS;5;d;z003;
0;44;;0,041514024;;41,51402391;HFD;16;GAS;5;d;z003;
0;45;;0,040368972;;40,36897242;HFD;16;GAS;5;d;z003;
0;46;;0,037946601;;37,94660149;HFD;16;GAS;5;d;z003;
0;47;;0,046249651;;46,24965119;HFD;16;GAS;5;d;z003;
0;48;;0,043676083;;43,67608275;HFD;16;GAS;5;d;z003;
0;49;;0,038709026;;38,70902583;HFD;16;GAS;5;d;z003;
0;50;;0,040779069;;40,77906936;HFD;16;GAS;5;d;z003;
0;51;;0,047062599;;47,06259858;HFD;16;GAS;5;d;z003;
0;52;;0,028155885;;28,15588505;HFD;16;GAS;5;d;z003;
0;53;;0,036736679;;36,73667876;HFD;16;GAS;5;d;z003;
0;54;;0,043999099;;43,99909895;HFD;16;GAS;5;d;z003;
0;55;;0,04367184;;43,67183988;HFD;16;GAS;5;d;z003;
0;56;;0,045410526;;45,4105262;HFD;16;GAS;5;d;z003;
0;57;;0,04287011;;42,87011028;HFD;16;GAS;5;d;z003;
0;58;;0,039561651;;39,56165056;HFD;16;GAS;5;d;z003;
0;59;;0,042075;;42,07500024;HFD;16;GAS;5;d;z003;
0;60;;0,041004878;;41,00487825;HFD;16;GAS;5;d;z003;
0;61;;0,033604575;;33,60457535;HFD;16;GAS;5;d;z003;
0;62;;0,039347866;;39,34786594;HFD;16;GAS;5;d;z003;
0;63;;0,040939021;;40,93902071;HFD;16;GAS;5;d;z003;
0;64;;0,041785519;;41,78551921;HFD;16;GAS;5;d;z003;
0;65;;0,045441004;;45,44100375;HFD;16;GAS;5;d;z003;
0;66;;0,044028011;;44,02801084;HFD;16;GAS;5;d;z003;
0;67;;0,033155914;;33,15591393;HFD;16;GAS;5;d;z003;
0;68;;0,047417617;;47,41761667;HFD;16;GAS;5;d;z003;
0;69;;0,050017464;;50,01746417;HFD;16;GAS;5;d;z003;
0;70;;0,04712402;;47,12402006;HFD;16;GAS;5;d;z003;
0;71;;0,056458277;;56,45827694;HFD;16;GAS;5;d;z003;
0;72;;0,050793437;;50,79343749;HFD;16;GAS;5;d;z003;
0;73;;0,038375771;;38,37577114;HFD;16;GAS;5;d;z003;
0;74;;0,051612005;;51,61200534;HFD;16;GAS;5;d;z003;
0;75;;0,050490009;;50,49000902;HFD;16;GAS;5;d;z003;
0;76;;0,044318993;;44,31899288;HFD;16;GAS;5;d;z003;
0;77;;0,054805495;;54,80549471;HFD;16;GAS;5;d;z003;
0;78;;0,039371606;;39,37160556;HFD;16;GAS;5;d;z003;
0;79;;0,041514002;;41,51400208;HFD;16;GAS;5;d;z003;
0;80;;0,041917839;;41,91783878;HFD;16;GAS;5;d;z003;
0;81;;0,039725708;;39,7257077;HFD;16;GAS;5;d;z003;
0;82;;0,044624938;;44,6249382;HFD;16;GAS;5;d;z003;
0;83;;0,044110681;;44,11068139;HFD;16;GAS;5;d;z003;
0;84;;0,051611531;;51,61153095;HFD;16;GAS;5;d;z003;
0;85;;0,05016401;;50,16400991;HFD;16;GAS;5;d;z003;
0;86;;0,049489585;;49,48958505;HFD;16;GAS;5;d;z003;
0;87;;0,045674395;;45,67439541;HFD;16;GAS;5;d;z003;
0;88;;0,047043623;;47,04362293;HFD;16;GAS;5;d;z003;
0;89;;0,046562986;;46,56298552;HFD;16;GAS;5;d;z003;
0;90;;0,050679147;;50,67914733;HFD;16;GAS;5;d;z003;
0;91;;0,055513764;;55,51376364;HFD;16;GAS;5;d;z003;
0;92;;0,041742457;;41,74245731;HFD;16;GAS;5;d;z003;
0;93;;0,053853238;;53,85323804;HFD;16;GAS;5;d;z003;
0;94;;0,05707087;;57,07086972;HFD;16;GAS;5;d;z003;
0;95;;0,053824889;;53,82488942;HFD;16;GAS;5;d;z003;
0;1;;0,022223216;;22,22321618;HFD;16;GAS;5;d;z004;
0;2;;0,02344279;;23,44279048;HFD;16;GAS;5;d;z004;
0;3;;0,02115012;;21,1501198;HFD;16;GAS;5;d;z004;
0;4;;0,024721531;;24,72153078;HFD;16;GAS;5;d;z004;
0;5;;0,020559756;;20,5597557;HFD;16;GAS;5;d;z004;
0;6;;0,024137239;;24,1372389;HFD;16;GAS;5;d;z004;
0;7;;0,023839461;;23,83946088;HFD;16;GAS;5;d;z004;
0;8;;0,027382286;;27,38228562;HFD;16;GAS;5;d;z004;
0;9;;0,023708856;;23,70885592;HFD;16;GAS;5;d;z004;
0;10;;0,026709832;;26,70983165;HFD;16;GAS;5;d;z004;
0;11;;0,032143466;;32,14346594;HFD;16;GAS;5;d;z004;
0;12;;0,029309348;;29,30934773;HFD;16;GAS;5;d;z004;
0;13;;0,02640747;;26,4074703;HFD;16;GAS;5;d;z004;
0;14;;0,034782017;;34,78201688;HFD;16;GAS;5;d;z004;
0;15;;0,031670964;;31,67096425;HFD;16;GAS;5;d;z004;
0;16;;0,029745701;;29,74570056;HFD;16;GAS;5;d;z004;
0;17;;0,030554795;;30,55479504;HFD;16;GAS;5;d;z004;
0;18;;0,031191063;;31,1910631;HFD;16;GAS;5;d;z004;
0;19;;0,031199023;;31,19902322;HFD;16;GAS;5;d;z004;
0;20;;0,030151196;;30,15119555;HFD;16;GAS;5;d;z004;
0;21;;0,033360057;;33,36005682;HFD;16;GAS;5;d;z004;
0;22;;0,037058989;;37,05898896;HFD;16;GAS;5;d;z004;
0;23;;0,027703398;;27,70339791;HFD;16;GAS;5;d;z004;
0;24;;0,029078312;;29,07831222;HFD;16;GAS;5;d;z004;
0;25;;0,027597036;;27,5970359;HFD;16;GAS;5;d;z004;
0;26;;0,037284224;;37,28422423;HFD;16;GAS;5;d;z004;
0;27;;0,034145603;;34,14560271;HFD;16;GAS;5;d;z004;
0;28;;0,036005733;;36,00573328;HFD;16;GAS;5;d;z004;
0;29;;0,040953004;;40,95300392;HFD;16;GAS;5;d;z004;
0;30;;0,04339857;;43,39857009;HFD;16;GAS;5;d;z004;
0;31;;0,031889328;;31,88932762;HFD;16;GAS;5;d;z004;
0;32;;0,042990322;;42,9903216;HFD;16;GAS;5;d;z004;
0;33;;0,041513995;;41,5139948;HFD;16;GAS;5;d;z004;
0;34;;0,029375884;;29,37588354;HFD;16;GAS;5;d;z004;
0;35;;0,036495213;;36,49521311;HFD;16;GAS;5;d;z004;
0;36;;0,036046165;;36,04616525;HFD;16;GAS;5;d;z004;
0;37;;0,043950124;;43,95012389;HFD;16;GAS;5;d;z004;
0;38;;0,040415062;;40,41506185;HFD;16;GAS;5;d;z004;
0;39;;0,052501678;;52,50167755;HFD;16;GAS;5;d;z004;
0;40;;0,03880503;;38,80503026;HFD;16;GAS;5;d;z004;
0;41;;0,04799912;;47,99912004;HFD;16;GAS;5;d;z004;
0;42;;0,052734045;;52,73404531;HFD;16;GAS;5;d;z004;
0;43;;0,039979396;;39,97939599;HFD;16;GAS;5;d;z004;
0;44;;0,041795461;;41,79546067;HFD;16;GAS;5;d;z004;
0;45;;0,051397071;;51,39707115;HFD;16;GAS;5;d;z004;
0;46;;0,048437039;;48,43703912;HFD;16;GAS;5;d;z004;
0;47;;0,049614052;;49,61405176;HFD;16;GAS;5;d;z004;
0;48;;0,046021838;;46,02183775;HFD;16;GAS;5;d;z004;
0;49;;0,056951315;;56,95131493;HFD;16;GAS;5;d;z004;
0;50;;0,053552736;;53,55273649;HFD;16;GAS;5;d;z004;
0;51;;0,046785452;;46,78545239;HFD;16;GAS;5;d;z004;
0;52;;0,04573192;;45,73192;HFD;16;GAS;5;d;z004;
0;53;;0,051165216;;51,16521577;HFD;16;GAS;5;d;z004;
0;54;;0,04729119;;47,29118991;HFD;16;GAS;5;d;z004;
0;55;;0,038816151;;38,81615137;HFD;16;GAS;5;d;z004;
0;56;;0,05767288;;57,67287974;HFD;16;GAS;5;d;z004;
0;57;;0,05395381;;53,95381014;HFD;16;GAS;5;d;z004;
0;58;;0,060279587;;60,27958671;HFD;16;GAS;5;d;z004;
0;1;;0,011107248;;11,10724834;HFD;16;GAS;5;d;z005;
0;2;;0,020089923;;20,08992314;HFD;16;GAS;5;d;z005;
0;3;;0,024620216;;24,6202157;HFD;16;GAS;5;d;z005;
0;4;;0,022478261;;22,47826064;HFD;16;GAS;5;d;z005;
0;5;;0,02230998;;22,30998001;HFD;16;GAS;5;d;z005;
0;6;;0,025806003;;25,80600267;HFD;16;GAS;5;d;z005;
0;7;;0,023805269;;23,80526927;HFD;16;GAS;5;d;z005;
0;8;;0,024122997;;24,12299727;HFD;16;GAS;5;d;z005;
0;9;;0,030528398;;30,52839816;HFD;16;GAS;5;d;z005;
0;10;;0,034687479;;34,68747906;HFD;16;GAS;5;d;z005;
0;11;;0,032310826;;32,31082601;HFD;16;GAS;5;d;z005;
0;12;;0,033025445;;33,02544509;HFD;16;GAS;5;d;z005;
0;13;;0,032900318;;32,90031844;HFD;16;GAS;5;d;z005;
0;14;;0,031501036;;31,50103565;HFD;16;GAS;5;d;z005;
0;15;;0,032308639;;32,30863888;HFD;16;GAS;5;d;z005;
0;16;;0,032495133;;32,49513317;HFD;16;GAS;5;d;z005;
0;17;;0,031783323;;31,78332304;HFD;16;GAS;5;d;z005;
0;18;;0,038022167;;38,02216722;HFD;16;GAS;5;d;z005;
0;19;;0,033461499;;33,46149947;HFD;16;GAS;5;d;z005;
0;20;;0,032131662;;32,13166247;HFD;16;GAS;5;d;z005;
0;21;;0,037880885;;37,88088509;HFD;16;GAS;5;d;z005;
0;22;;0,031852755;;31,85275548;HFD;16;GAS;5;d;z005;
0;23;;0,03604125;;36,0412501;HFD;16;GAS;5;d;z005;
0;24;;0,028893978;;28,89397791;HFD;16;GAS;5;d;z005;
0;25;;0,034430268;;34,43026768;HFD;16;GAS;5;d;z005;
0;26;;0,038922024;;38,9220241;HFD;16;GAS;5;d;z005;
0;27;;0,029269231;;29,26923063;HFD;16;GAS;5;d;z005;
0;28;;0,041383047;;41,38304683;HFD;16;GAS;5;d;z005;
0;29;;0,0399925;;39,99250041;HFD;16;GAS;5;d;z005;
0;30;;0,033352314;;33,35231431;HFD;16;GAS;5;d;z005;
0;31;;0,033660006;;33,66000601;HFD;16;GAS;5;d;z005;
0;32;;0,047115493;;47,11549272;HFD;16;GAS;5;d;z005;
0;33;;0,035342993;;35,34299321;HFD;16;GAS;5;d;z005;
0;34;;0,045654249;;45,65424892;HFD;16;GAS;5;d;z005;
0;35;;0,038708997;;38,70899673;HFD;16;GAS;5;d;z005;
0;36;;0,041035489;;41,03548943;HFD;16;GAS;5;d;z005;
0;37;;0,041164728;;41,16472806;HFD;16;GAS;5;d;z005;
0;38;;0,041034821;;41,03482106;HFD;16;GAS;5;d;z005;
0;39;;0,040356524;;40,35652386;HFD;16;GAS;5;d;z005;
0;40;;0,041300984;;41,30098434;HFD;16;GAS;5;d;z005;
0;41;;0,034410375;;34,41037461;HFD;16;GAS;5;d;z005;
0;42;;0,040391998;;40,39199848;HFD;16;GAS;5;d;z005;
0;43;;0,041512698;;41,51269819;HFD;16;GAS;5;d;z005;
0;44;;0,038147999;;38,14799857;HFD;16;GAS;5;d;z005;
0;45;;0,034274559;;34,27455889;HFD;16;GAS;5;d;z005;
0;46;;0,044879998;;44,87999831;HFD;16;GAS;5;d;z005;
0;47;;0,036346272;;36,34627175;HFD;16;GAS;5;d;z005;
0;48;;0,042650757;;42,65075737;HFD;16;GAS;5;d;z005;
0;49;;0,043196997;;43,19699656;HFD;16;GAS;5;d;z005;
0;50;;0,043054687;;43,0546869;HFD;16;GAS;5;d;z005;
0;51;;0,035110658;;35,11065849;HFD;16;GAS;5;d;z005;
0;52;;0,038583507;;38,58350712;HFD;16;GAS;5;d;z005;
0;53;;0,039819972;;39,81997245;HFD;16;GAS;5;d;z005;
0;54;;0,043647745;;43,64774503;HFD;16;GAS;5;d;z005;
0;55;;0,044318993;;44,31899288;HFD;16;GAS;5;d;z005;
0;56;;0,047775112;;47,77511152;HFD;16;GAS;5;d;z005;
0;57;;0,048520555;;48,52055542;HFD;16;GAS;5;d;z005;
0;58;;0,042111966;;42,11196586;HFD;16;GAS;5;d;z005;
0;59;;0,046562986;;46,56298552;HFD;16;GAS;5;d;z005;
0;60;;0,043758017;;43,75801655;HFD;16;GAS;5;d;z005;
0;61;;0,050003618;;50,00361753;HFD;16;GAS;5;d;z005;
0;62;;0,037499699;;37,4996987;HFD;16;GAS;5;d;z005;
0;63;;0,043616131;;43,61613053;HFD;16;GAS;5;d;z005;
0;64;;0,046644625;;46,64462521;HFD;16;GAS;5;d;z005;
0;65;;0,046204685;;46,20468529;HFD;16;GAS;5;d;z005;
0;66;;0,051728763;;51,72876277;HFD;16;GAS;5;d;z005;
0;67;;0,046563;;46,56300007;HFD;16;GAS;5;d;z005;
0;68;;0,051260197;;51,26019684;HFD;16;GAS;5;d;z005;
0;69;;0,051524611;;51,52461055;HFD;16;GAS;5;d;z005;
0;70;;0,048672061;;48,67206052;HFD;16;GAS;5;d;z005;
0;71;;0,044872688;;44,87268845;HFD;16;GAS;5;d;z005;
0;72;;0,052578673;;52,57867339;HFD;16;GAS;5;d;z005;
0;73;;0,052931709;;52,931709;HFD;16;GAS;5;d;z005;
0;74;;0,05517636;;55,17636015;HFD;16;GAS;5;d;z005;
0;75;;0,055123607;;55,12360682;HFD;16;GAS;5;d;z005;
0;76;;0,049752804;;49,75280377;HFD;16;GAS;5;d;z005;
0;77;;0,060074333;;60,07433298;HFD;16;GAS;5;d;z005;
0;1;;0,017952007;;17,9520066;NCD;16;GAS;1;d;z;
0;2;;0,021827144;;21,82714419;NCD;16;GAS;1;d;z;
0;3;;0,026391621;;26,3916213;NCD;16;GAS;1;d;z;
0;4;;0,022751406;;22,75140582;NCD;16;GAS;1;d;z;
0;5;;0,021576287;;21,57628747;NCD;16;GAS;1;d;z;
0;6;;0,027371407;;27,37140694;NCD;16;GAS;1;d;z;
0;7;;0,016399285;;16,39928473;NCD;16;GAS;1;d;z;
0;8;;0,027768095;;27,76809512;NCD;16;GAS;1;d;z;
0;9;;0,025750827;;25,75082701;NCD;16;GAS;1;d;z;
0;10;;0,027682729;;27,68272874;NCD;16;GAS;1;d;z;
0;11;;0,023912976;;23,91297611;NCD;16;GAS;1;d;z;
0;12;;0,025244983;;25,24498268;NCD;16;GAS;1;d;z;
0;13;;0,02965681;;29,65681023;NCD;16;GAS;1;d;z;
0;14;;0,023469859;;23,46985869;NCD;16;GAS;1;d;z;
0;15;;0,029195252;;29,19525241;NCD;16;GAS;1;d;z;
0;16;;0,025779391;;25,77939107;NCD;16;GAS;1;d;z;
0;17;;0,024763148;;24,76314785;NCD;16;GAS;1;d;z;
0;18;;0,029070335;;29,07033489;NCD;16;GAS;1;d;z;
0;19;;0,029733004;;29,73300434;NCD;16;GAS;1;d;z;
0;20;;0,029021054;;29,02105371;NCD;16;GAS;1;d;z;
0;21;;0,023624384;;23,62438364;NCD;16;GAS;1;d;z;
0;22;;0,025388002;;25,38800208;NCD;16;GAS;1;d;z;
0;23;;0,026006431;;26,00643129;NCD;16;GAS;1;d;z;
0;24;;0,021024424;;21,02442443;NCD;16;GAS;1;d;z;
0;25;;0,029491333;;29,49133278;NCD;16;GAS;1;d;z;
0;26;;0,024728011;;24,72801082;NCD;16;GAS;1;d;z;
0;27;;0,02128249;;21,28248962;NCD;16;GAS;1;d;z;
0;28;;0,031669788;;31,66978799;NCD;16;GAS;1;d;z;
0;29;;0,030282696;;30,28269639;NCD;16;GAS;1;d;z;
0;30;;0,022847979;;22,84797891;NCD;16;GAS;1;d;z;
0;31;;0,027747594;;27,74759412;NCD;16;GAS;1;d;z;
0;32;;0,02561113;;25,61112993;NCD;16;GAS;1;d;z;
0;33;;0,02626714;;26,26714022;NCD;16;GAS;1;d;z;
0;34;;0,023904381;;23,90438122;NCD;16;GAS;1;d;z;
0;35;;0,028083431;;28,08343105;NCD;16;GAS;1;d;z;
0;36;;0,028974073;;28,97407261;NCD;16;GAS;1;d;z;
0;37;;0,028049995;;28,04999531;NCD;16;GAS;1;d;z;
0;38;;0,02893034;;28,93033995;NCD;16;GAS;1;d;z;
0;39;;0,031076544;;31,07654436;NCD;16;GAS;1;d;z;
0;40;;0,031483885;;31,48388549;NCD;16;GAS;1;d;z;
0;41;;0,024892166;;24,89216591;NCD;16;GAS;1;d;z;
0;42;;0,029165273;;29,16527322;NCD;16;GAS;1;d;z;
0;43;;0,027651889;;27,65188938;NCD;16;GAS;1;d;z;
0;44;;0,033733671;;33,73367132;NCD;16;GAS;1;d;z;
0;45;;0,031734951;;31,73495115;NCD;16;GAS;1;d;z;
0;46;;0,026984361;;26,98436066;NCD;16;GAS;1;d;z;
0;47;;0,02934721;;29,34720991;NCD;16;GAS;1;d;z;
0;48;;0,031717261;;31,7172613;NCD;16;GAS;1;d;z;
0;49;;0,029551166;;29,55116559;NCD;16;GAS;1;d;z;
0;50;;0,029172;;29,17199981;NCD;16;GAS;1;d;z;
0;51;;0,035180378;;35,180378;NCD;16;GAS;1;d;z;
0;52;;0,032131662;;32,13166247;NCD;16;GAS;1;d;z;
0;53;;0,025806003;;25,80600267;NCD;16;GAS;1;d;z;
0;54;;0,03087156;;30,87156029;NCD;16;GAS;1;d;z;
0;55;;0,034338626;;34,33862606;NCD;16;GAS;1;d;z;
0;56;;0,033570355;;33,57035525;NCD;16;GAS;1;d;z;
0;57;;0,029351663;;29,35166304;NCD;16;GAS;1;d;z;
0;58;;0,027970696;;27,97069631;NCD;16;GAS;1;d;z;
0;59;;0,031825818;;31,82581775;NCD;16;GAS;1;d;z;
0;60;;0,027328253;;27,32825308;NCD;16;GAS;1;d;z;
0;61;;0,036366077;;36,3660765;NCD;16;GAS;1;d;z;
0;62;;0,031614223;;31,61422289;NCD;16;GAS;1;d;z;
0;63;;0,026208243;;26,20824256;NCD;16;GAS;1;d;z;
0;64;;0,033659977;;33,65997691;NCD;16;GAS;1;d;z;
0;65;;0,02969341;;29,69341012;NCD;16;GAS;1;d;z;
0;66;;0,033968117;;33,96811669;NCD;16;GAS;1;d;z;
0;67;;0,032696546;;32,69654587;NCD;16;GAS;1;d;z;
0;68;;0,029050565;;29,0505651;NCD;16;GAS;1;d;z;
0;69;;0,035392326;;35,39232623;NCD;16;GAS;1;d;z;
0;70;;0,027639299;;27,63929943;NCD;16;GAS;1;d;z;
0;71;;0,032006579;;32,00657905;NCD;16;GAS;1;d;z;
0;72;;0,029982571;;29,98257058;NCD;16;GAS;1;d;z;
0;73;;0,03481495;;34,81494964;NCD;16;GAS;1;d;z;
0;74;;0,028962819;;28,96281887;NCD;16;GAS;1;d;z;
0;75;;0,031350121;;31,35012085;NCD;16;GAS;1;d;z;
0;76;;0,029928487;;29,92848686;NCD;16;GAS;1;d;z;
0;77;;0,027945161;;27,94516093;NCD;16;GAS;1;d;z;
0;78;;0,02980103;;29,8010295;NCD;16;GAS;1;d;z;
0;79;;0,027186557;;27,18655685;NCD;16;GAS;1;d;z;
0;80;;0,031989649;;31,98964908;NCD;16;GAS;1;d;z;
0;81;;0,025824409;;25,82440941;NCD;16;GAS;1;d;z;
0;82;;0,028500255;;28,50025525;NCD;16;GAS;1;d;z;
0;83;;0,032866187;;32,86618694;NCD;16;GAS;1;d;z;
0;84;;0,029537904;;29,5379037;NCD;16;GAS;1;d;z;
0;85;;0,027930512;;27,93051237;NCD;16;GAS;1;d;z;
0;86;;0,034697395;;34,69739541;NCD;16;GAS;1;d;z;
0;87;;0,028193467;;28,19346653;NCD;16;GAS;1;d;z;
0;88;;0,036655133;;36,65513255;NCD;16;GAS;1;d;z;
0;89;;0,037790896;;37,79089595;NCD;16;GAS;1;d;z;
0;90;;0,033222752;;33,22275202;NCD;16;GAS;1;d;z;
0;91;;0,033197682;;33,19768211;NCD;16;GAS;1;d;z;
0;92;;0,029732997;;29,73299706;NCD;16;GAS;1;d;z;
0;93;;0,038716064;;38,7160635;NCD;16;GAS;1;d;z;
0;94;;0,039562879;;39,56287884;NCD;16;GAS;1;d;z;
0;95;;0,030018573;;30,01857287;NCD;16;GAS;1;d;z;
0;96;;0,031391876;;31,39187645;NCD;16;GAS;1;d;z;
0;97;;0,03707957;;37,07956956;NCD;16;GAS;1;d;z;
0;98;;0,035236623;;35,23662343;NCD;16;GAS;1;d;z;
0;99;;0,038801117;;38,80111659;NCD;16;GAS;1;d;z;
0;100;;0,037685679;;37,68567871;NCD;16;GAS;1;d;z;
0;101;;0,029389489;;29,38948858;NCD;16;GAS;1;d;z;
0;102;;0,045410512;;45,41051155;NCD;16;GAS;1;d;z;
0;103;;0,038313053;;38,31305346;NCD;16;GAS;1;d;z;
0;104;;0,041657481;;41,65748058;NCD;16;GAS;1;d;z;
0;105;;0,034659299;;34,65929854;NCD;16;GAS;1;d;z;
0;106;;0,041775046;;41,7750462;NCD;16;GAS;1;d;z;
0;107;;0,039620581;;39,62058082;NCD;16;GAS;1;d;z;
0;108;;0,033032503;;33,0325035;NCD;16;GAS;1;d;z;
0;109;;0,03589796;;35,89796034;NCD;16;GAS;1;d;z;
0;110;;0,044744226;;44,74422581;NCD;16;GAS;1;d;z;
0;111;;0,04110496;;41,10496019;NCD;16;GAS;1;d;z;
0;112;;0,043538206;;43,53820634;NCD;16;GAS;1;d;z;
0;113;;0,037692695;;37,69269519;NCD;16;GAS;1;d;z;
0;114;;0,037500367;;37,5003673;NCD;16;GAS;1;d;z;
0;115;;0,035422476;;35,4224759;NCD;16;GAS;1;d;z;
0;116;;0,039668704;;39,66870437;NCD;16;GAS;1;d;z;
0;117;;0,043654314;;43,65431441;NCD;16;GAS;1;d;z;
0;118;;0,044825624;;44,82562364;NCD;16;GAS;1;d;z;
0;119;;0,040633485;;40,6334846;NCD;16;GAS;1;d;z;
0;120;;0,043205659;;43,20565877;NCD;16;GAS;1;d;z;
0;121;;0,043401225;;43,40122515;NCD;16;GAS;1;d;z;
0;122;;0,043121506;;43,1215057;NCD;16;GAS;1;d;z;
0;123;;0,039918035;;39,91803506;NCD;16;GAS;1;d;z;
0;124;;0,042520916;;42,52091633;NCD;16;GAS;1;d;z;
0;125;;0,044372424;;44,37242398;NCD;16;GAS;1;d;z;
0;126;;0,040711601;;40,711601;NCD;16;GAS;1;d;z;
0;127;;0,044083489;;44,0834886;NCD;16;GAS;1;d;z;
0;128;;0,044292889;;44,29288862;NCD;16;GAS;1;d;z;
0;129;;0,047322057;;47,32205718;NCD;16;GAS;1;d;z;
0;130;;0,048167405;;48,16740502;NCD;16;GAS;1;d;z;
0;131;;0,044930708;;44,93070779;NCD;16;GAS;1;d;z;
0;132;;0,045764997;;45,76499671;NCD;16;GAS;1;d;z;
0;133;;0,045276647;;45,2766473;NCD;16;GAS;1;d;z;
0;134;;0,044857516;;44,85751585;NCD;16;GAS;1;d;z;
0;135;;0,048705381;;48,70538098;NCD;16;GAS;1;d;z;
0;136;;0,048246002;;48,24600182;NCD;16;GAS;1;d;z;
0;137;;0,041011111;;41,01111134;NCD;16;GAS;1;d;z;
0;138;;0,046334603;;46,33460322;NCD;16;GAS;1;d;z;
0;139;;0,037587;;37,58700041;NCD;16;GAS;1;d;z;
0;140;;0,048841235;;48,84123455;NCD;16;GAS;1;d;z;
0;141;;0,051178533;;51,17853273;NCD;16;GAS;1;d;z;
0;142;;0,051863961;;51,86396096;NCD;16;GAS;1;d;z;
0;143;;0,055748308;;55,74830809;NCD;16;GAS;1;d;z;
0;144;;0,050917194;;50,91719448;NCD;16;GAS;1;d;z;
0;145;;0,050347911;;50,34791126;NCD;16;GAS;1;d;z;
0;146;;0,043903815;;43,90381499;NCD;16;GAS;1;d;z;
0;147;;0,049319741;;49,3197408;NCD;16;GAS;1;d;z;
0;148;;0,037943974;;37,94397437;NCD;16;GAS;1;d;z;
0;149;;0,05217377;;52,17376963;NCD;16;GAS;1;d;z;
0;150;;0,054979952;;54,97995245;NCD;16;GAS;1;d;z;
0;151;;0,047123999;;47,12399891;NCD;16;GAS;1;d;z;
0;152;;0,039473719;;39,47371917;NCD;16;GAS;1;d;z;
0;153;;0,056648764;;56,64876356;NCD;16;GAS;1;d;z;
0;154;;0,042032497;;42,0324966;NCD;16;GAS;1;d;z;
0;155;;0,056987622;;56,98762204;NCD;16;GAS;1;d;z;
0;1;;0,014585996;;14,58599581;NCD;16;GAS;1;d;z001;
0;2;;0,017862242;;17,86224159;NCD;16;GAS;1;d;z001;
0;3;;0,013662767;;13,66276686;NCD;16;GAS;1;d;z001;
0;4;;0,015231524;;15,23152395;NCD;16;GAS;1;d;z001;
0;5;;0,016829988;;16,82998845;NCD;16;GAS;1;d;z001;
0;6;;0,014254185;;14,25418541;NCD;16;GAS;1;d;z001;
0;7;;0,018683321;;18,68332088;NCD;16;GAS;1;d;z001;
0;8;;0,015111948;;15,11194825;NCD;16;GAS;1;d;z001;
0;9;;0,018513005;;18,51300476;NCD;16;GAS;1;d;z001;
0;10;;0,020321854;;20,32185419;NCD;16;GAS;1;d;z001;
0;11;;0,016829988;;16,82998845;NCD;16;GAS;1;d;z001;
0;12;;0,020756997;;20,7569974;NCD;16;GAS;1;d;z001;
0;13;;0,018084885;;18,08488517;NCD;16;GAS;1;d;z001;
0;14;;0,018513005;;18,51300476;NCD;16;GAS;1;d;z001;
0;15;;0,016709769;;16,70976895;NCD;16;GAS;1;d;z001;
0;16;;0,02046503;;20,46502983;NCD;16;GAS;1;d;z001;
0;17;;0,020554673;;20,5546727;NCD;16;GAS;1;d;z001;
0;18;;0,021191394;;21,19139431;NCD;16;GAS;1;d;z001;
0;19;;0,019795939;;19,79593898;NCD;16;GAS;1;d;z001;
0;20;;0,017951999;;17,95199933;NCD;16;GAS;1;d;z001;
0;21;;0,019705613;;19,70561288;NCD;16;GAS;1;d;z001;
0;22;;0,017902427;;17,90242696;NCD;16;GAS;1;d;z001;
0;23;;0,020756997;;20,7569974;NCD;16;GAS;1;d;z001;
0;24;;0,017710488;;17,7104882;NCD;16;GAS;1;d;z001;
0;25;;0,021317988;;21,31798828;NCD;16;GAS;1;d;z001;
0;26;;0,023404336;;23,40433643;NCD;16;GAS;1;d;z001;
0;27;;0,022782655;;22,78265539;NCD;16;GAS;1;d;z001;
0;28;;0,016758846;;16,75884608;NCD;16;GAS;1;d;z001;
0;29;;0,021515231;;21,51523061;NCD;16;GAS;1;d;z001;
0;30;;0,022439999;;22,43999916;NCD;16;GAS;1;d;z001;
0;31;;0,019635016;;19,63501563;NCD;16;GAS;1;d;z001;
0;32;;0,017735692;;17,73569179;NCD;16;GAS;1;d;z001;
0;33;;0,020859134;;20,85913401;NCD;16;GAS;1;d;z001;
0;34;;0,022439999;;22,43999916;NCD;16;GAS;1;d;z001;
0;35;;0,021878979;;21,87897917;NCD;16;GAS;1;d;z001;
0;36;;0,02280934;;22,80933968;NCD;16;GAS;1;d;z001;
0;37;;0,017382931;;17,382931;NCD;16;GAS;1;d;z001;
0;38;;0,019049521;;19,04952132;NCD;16;GAS;1;d;z001;
0;39;;0,018810625;;18,81062482;NCD;16;GAS;1;d;z001;
0;40;;0,019939334;;19,93933399;NCD;16;GAS;1;d;z001;
0;41;;0,021658664;;21,65866447;NCD;16;GAS;1;d;z001;
0;42;;0,02283389;;22,83388963;NCD;16;GAS;1;d;z001;
0;43;;0,023801234;;23,80123394;NCD;16;GAS;1;d;z001;
0;44;;0,022436517;;22,43651698;NCD;16;GAS;1;d;z001;
0;45;;0,023404528;;23,40452776;NCD;16;GAS;1;d;z001;
0;46;;0,021345931;;21,34593091;NCD;16;GAS;1;d;z001;
0;47;;0,018809225;;18,80922481;NCD;16;GAS;1;d;z001;
0;48;;0,020272639;;20,27263918;NCD;16;GAS;1;d;z001;
0;49;;0,022595639;;22,59563943;NCD;16;GAS;1;d;z001;
0;50;;0,023434482;;23,43448167;NCD;16;GAS;1;d;z001;
0;51;;0,023763326;;23,76332584;NCD;16;GAS;1;d;z001;
0;52;;0,023001;;23,00100005;NCD;16;GAS;1;d;z001;
0;53;;0,023103283;;23,10328282;NCD;16;GAS;1;d;z001;
0;54;;0,021879001;;21,879001;NCD;16;GAS;1;d;z001;
0;55;;0,021318003;;21,31800284;NCD;16;GAS;1;d;z001;
0;56;;0,018247607;;18,2476072;NCD;16;GAS;1;d;z001;
0;57;;0,01907401;;19,0740102;NCD;16;GAS;1;d;z001;
0;58;;0,020760935;;20,76093529;NCD;16;GAS;1;d;z001;
0;59;;0,019635001;;19,63500108;NCD;16;GAS;1;d;z001;
0;60;;0,024377579;;24,37757922;NCD;16;GAS;1;d;z001;
0;61;;0,018151494;;18,15149352;NCD;16;GAS;1;d;z001;
0;62;;0,025784672;;25,78467225;NCD;16;GAS;1;d;z001;
0;63;;0,020823613;;20,82361319;NCD;16;GAS;1;d;z001;
0;64;;0,021325379;;21,32537869;NCD;16;GAS;1;d;z001;
0;65;;0,02300099;;23,00099004;NCD;16;GAS;1;d;z001;
0;66;;0,017584858;;17,58485773;NCD;16;GAS;1;d;z001;
0;67;;0,026745993;;26,74599294;NCD;16;GAS;1;d;z001;
0;68;;0,025921725;;25,92172467;NCD;16;GAS;1;d;z001;
0;69;;0,022492582;;22,4925824;NCD;16;GAS;1;d;z001;
0;70;;0,020534572;;20,53457224;NCD;16;GAS;1;d;z001;
0;71;;0,02358753;;23,58753007;NCD;16;GAS;1;d;z001;
0;72;;0,024427349;;24,42734909;NCD;16;GAS;1;d;z001;
0;73;;0,020337894;;20,3378943;NCD;16;GAS;1;d;z001;
0;74;;0,025805988;;25,80598812;NCD;16;GAS;1;d;z001;
0;75;;0,022620096;;22,62009587;NCD;16;GAS;1;d;z001;
0;76;;0,024389513;;24,38951253;NCD;16;GAS;1;d;z001;
0;77;;0,02287693;;22,8769304;NCD;16;GAS;1;d;z001;
0;78;;0,022439985;;22,4399846;NCD;16;GAS;1;d;z001;
0;79;;0,021879001;;21,879001;NCD;16;GAS;1;d;z001;
0;80;;0,025929641;;25,92964109;NCD;16;GAS;1;d;z001;
0;81;;0,022972945;;22,97294547;NCD;16;GAS;1;d;z001;
0;82;;0,022970173;;22,97017322;NCD;16;GAS;1;d;z001;
0;83;;0,02539424;;25,39423996;NCD;16;GAS;1;d;z001;
0;84;;0,02521269;;25,21268986;NCD;16;GAS;1;d;z001;
0;85;;0,020324535;;20,32453523;NCD;16;GAS;1;d;z001;
0;86;;0,02356201;;23,56201003;NCD;16;GAS;1;d;z001;
0;87;;0,023561995;;23,56199548;NCD;16;GAS;1;d;z001;
0;88;;0,024330458;;24,33045823;NCD;16;GAS;1;d;z001;
0;89;;0,02441697;;24,41696971;NCD;16;GAS;1;d;z001;
0;90;;0,025504187;;25,50418656;NCD;16;GAS;1;d;z001;
0;91;;0,021023038;;21,02303809;NCD;16;GAS;1;d;z001;
0;92;;0,028610986;;28,61098619;NCD;16;GAS;1;d;z001;
0;93;;0,027461552;;27,46155194;NCD;16;GAS;1;d;z001;
0;94;;0,021887784;;21,88778353;NCD;16;GAS;1;d;z001;
0;95;;0,028354595;;28,35459483;NCD;16;GAS;1;d;z001;
0;96;;0,027356553;;27,35655279;NCD;16;GAS;1;d;z001;
0;97;;0,027150814;;27,15081417;NCD;16;GAS;1;d;z001;
0;98;;0,023144065;;23,14406484;NCD;16;GAS;1;d;z001;
0;99;;0,027489004;;27,48900442;NCD;16;GAS;1;d;z001;
0;100;;0,024914555;;24,9145553;NCD;16;GAS;1;d;z001;
0;101;;0,026974724;;26,97472391;NCD;16;GAS;1;d;z001;
0;102;;0,023401266;;23,40126595;NCD;16;GAS;1;d;z001;
0;103;;0,030771449;;30,77144878;NCD;16;GAS;1;d;z001;
0;104;;0,029201471;;29,20147061;NCD;16;GAS;1;d;z001;
0;105;;0,029265183;;29,26518254;NCD;16;GAS;1;d;z001;
0;106;;0,034649711;;34,64971079;NCD;16;GAS;1;d;z001;
0;107;;0,020110052;;20,1100525;NCD;16;GAS;1;d;z001;
0;108;;0,022670509;;22,67050917;NCD;16;GAS;1;d;z001;
0;109;;0,02618401;;26,1840104;NCD;16;GAS;1;d;z001;
0;110;;0,029732997;;29,73299706;NCD;16;GAS;1;d;z001;
0;111;;0,024508644;;24,50864447;NCD;16;GAS;1;d;z001;
0;112;;0,021325385;;21,32538519;NCD;16;GAS;1;d;z001;
0;113;;0,03085344;;30,85344023;NCD;16;GAS;1;d;z001;
0;114;;0,027773463;;27,77346296;NCD;16;GAS;1;d;z001;
0;115;;0,025422662;;25,42266201;NCD;16;GAS;1;d;z001;
0;116;;0,027137351;;27,13735109;NCD;16;GAS;1;d;z001;
0;117;;0,024910493;;24,91049256;NCD;16;GAS;1;d;z001;
0;118;;0,033044332;;33,04433152;NCD;16;GAS;1;d;z001;
0;119;;0,028049995;;28,04999531;NCD;16;GAS;1;d;z001;
0;120;;0,033321714;;33,32171414;NCD;16;GAS;1;d;z001;
0;121;;0,030565502;;30,56550154;NCD;16;GAS;1;d;z001;
0;122;;0,028023023;;28,02302272;NCD;16;GAS;1;d;z001;
0;123;;0,032150617;;32,15061717;NCD;16;GAS;1;d;z001;
0;124;;0,029172006;;29,17200618;NCD;16;GAS;1;d;z001;
0;125;;0,031166355;;31,16635509;NCD;16;GAS;1;d;z001;
0;126;;0,031630195;;31,63019546;NCD;16;GAS;1;d;z001;
0;127;;0,031109982;;31,10998166;NCD;16;GAS;1;d;z001;
0;128;;0,031871787;;31,87178724;NCD;16;GAS;1;d;z001;
0;129;;0,034781988;;34,78198778;NCD;16;GAS;1;d;z001;
0;130;;0,030294;;30,29399977;NCD;16;GAS;1;d;z001;
0;131;;0,027371435;;27,37143524;NCD;16;GAS;1;d;z001;
0;132;;0,031652957;;31,65295722;NCD;16;GAS;1;d;z001;
0;133;;0,03649896;;36,49896012;NCD;16;GAS;1;d;z001;
0;134;;0,032148906;;32,14890588;NCD;16;GAS;1;d;z001;
0;135;;0,032787407;;32,78740667;NCD;16;GAS;1;d;z001;
0;136;;0,031415984;;31,41598427;NCD;16;GAS;1;d;z001;
0;137;;0,02829719;;28,29718973;NCD;16;GAS;1;d;z001;
0;138;;0,03652694;;36,52694;NCD;16;GAS;1;d;z001;
0;139;;0,027391312;;27,39131218;NCD;16;GAS;1;d;z001;
0;140;;0,032726932;;32,7269324;NCD;16;GAS;1;d;z001;
0;141;;0,038820824;;38,82082376;NCD;16;GAS;1;d;z001;
0;142;;0,025696003;;25,69600279;NCD;16;GAS;1;d;z001;
0;143;;0,027079793;;27,07979317;NCD;16;GAS;1;d;z001;
0;144;;0,0367757;;36,77570025;NCD;16;GAS;1;d;z001;
0;145;;0,023517538;;23,51753772;NCD;16;GAS;1;d;z001;
0;146;;0,031036982;;31,03698183;NCD;16;GAS;1;d;z001;
0;147;;0,029732997;;29,73299706;NCD;16;GAS;1;d;z001;
0;148;;0,033290774;;33,29077415;NCD;16;GAS;1;d;z001;
0;149;;0,035397689;;35,39768888;NCD;16;GAS;1;d;z001;
0;150;;0,035282846;;35,28284646;NCD;16;GAS;1;d;z001;
0;151;;0,036379298;;36,37929818;NCD;16;GAS;1;d;z001;
0;152;;0,038435935;;38,43593472;NCD;16;GAS;1;d;z001;
0;153;;0,037025995;;37,02599497;NCD;16;GAS;1;d;z001;
0;154;;0,02941271;;29,41270977;NCD;16;GAS;1;d;z001;
0;155;;0,026976643;;26,97664277;NCD;16;GAS;1;d;z001;
0;156;;0,026970136;;26,97013575;NCD;16;GAS;1;d;z001;
0;157;;0,036450548;;36,45054805;NCD;16;GAS;1;d;z001;
0;158;;0,032660552;;32,66055178;NCD;16;GAS;1;d;z001;
0;159;;0,036137797;;36,13779736;NCD;16;GAS;1;d;z001;
0;160;;0,037905304;;37,90530417;NCD;16;GAS;1;d;z001;
0;161;;0,037998239;;37,99823912;NCD;16;GAS;1;d;z001;
0;162;;0,035671086;;35,67108593;NCD;16;GAS;1;d;z001;
0;163;;0,03618304;;36,18304012;NCD;16;GAS;1;d;z001;
0;164;;0,03539301;;35,39301017;NCD;16;GAS;1;d;z001;
0;165;;0,040647188;;40,64718846;NCD;16;GAS;1;d;z001;
0;166;;0,037909427;;37,90942704;NCD;16;GAS;1;d;z001;
0;167;;0,037771213;;37,77121311;NCD;16;GAS;1;d;z001;
0;168;;0,027848447;;27,84844733;NCD;16;GAS;1;d;z001;
0;169;;0,038249018;;38,24901835;NCD;16;GAS;1;d;z001;
0;170;;0,035636028;;35,63602756;NCD;16;GAS;1;d;z001;
0;171;;0,034404427;;34,4044274;NCD;16;GAS;1;d;z001;
0;172;;0,037099774;;37,09977425;NCD;16;GAS;1;d;z001;
0;173;;0,041413133;;41,41313261;NCD;16;GAS;1;d;z001;
0;174;;0,041261627;;41,26162655;NCD;16;GAS;1;d;z001;
0;175;;0,038709004;;38,709004;NCD;16;GAS;1;d;z001;
0;176;;0,035992983;;35,99298278;NCD;16;GAS;1;d;z001;
0;177;;0,03913834;;39,1383403;NCD;16;GAS;1;d;z001;
0;178;;0,039302428;;39,30242769;NCD;16;GAS;1;d;z001;
0;179;;0,046327712;;46,32771173;NCD;16;GAS;1;d;z001;
0;180;;0,035778361;;35,77836066;NCD;16;GAS;1;d;z001;
0;181;;0,030503484;;30,50348356;NCD;16;GAS;1;d;z001;
0;182;;0,036465004;;36,46500409;NCD;16;GAS;1;d;z001;
0;183;;0,030491447;;30,49144705;NCD;16;GAS;1;d;z001;
0;184;;0,038238719;;38,23871871;NCD;16;GAS;1;d;z001;
0;185;;0,034220997;;34,22099689;NCD;16;GAS;1;d;z001;
0;186;;0,044156125;;44,1561251;NCD;16;GAS;1;d;z001;
0;187;;0,031217307;;31,21730674;NCD;16;GAS;1;d;z001;
0;188;;0,041799585;;41,79958502;NCD;16;GAS;1;d;z001;
0;189;;0,042449591;;42,44959108;NCD;16;GAS;1;d;z001;
0;190;;0,037077349;;37,07734891;NCD;16;GAS;1;d;z001;
0;191;;0,040003854;;40,00385413;NCD;16;GAS;1;d;z001;
0;192;;0,038803279;;38,80327865;NCD;16;GAS;1;d;z001;
0;193;;0,035556226;;35,55622578;NCD;16;GAS;1;d;z001;
0;194;;0,047562867;;47,56286712;NCD;16;GAS;1;d;z001;
0;195;;0,047624339;;47,6243388;NCD;16;GAS;1;d;z001;
0;196;;0,037734777;;37,73477706;NCD;16;GAS;1;d;z001;
0;197;;0,04026962;;40,26961965;NCD;16;GAS;1;d;z001;
0;198;;0,0355511;;35,55110026;NCD;16;GAS;1;d;z001;
0;199;;0,037490254;;37,49025405;NCD;16;GAS;1;d;z001;
0;200;;0,047216814;;47,21681411;NCD;16;GAS;1;d;z001;
0;201;;0,046640842;;46,64084231;NCD;16;GAS;1;d;z001;
0;202;;0,047166751;;47,166751;NCD;16;GAS;1;d;z001;
0;203;;0,045593395;;45,59339543;NCD;16;GAS;1;d;z001;
0;204;;0,040649148;;40,64914756;NCD;16;GAS;1;d;z001;
0;205;;0,037614313;;37,61431274;NCD;16;GAS;1;d;z001;
0;206;;0,049191532;;49,1915323;NCD;16;GAS;1;d;z001;
0;207;;0,040574336;;40,57433581;NCD;16;GAS;1;d;z001;
0;208;;0,047147209;;47,14720918;NCD;16;GAS;1;d;z001;
0;209;;0,050760315;;50,76031494;NCD;16;GAS;1;d;z001;
0;210;;0,041355102;;41,35510195;NCD;16;GAS;1;d;z001;
0;211;;0,038993743;;38,99374266;NCD;16;GAS;1;d;z001;
0;212;;0,047484257;;47,48425739;NCD;16;GAS;1;d;z001;
0;1;;0,014504334;;14,50433353;NCD;16;GAS;1;d;z002;
0;2;;0,015053225;;15,05322533;NCD;16;GAS;1;d;z002;
0;3;;0,016723491;;16,7234907;NCD;16;GAS;1;d;z002;
0;4;;0,016269012;;16,26901212;NCD;16;GAS;1;d;z002;
0;5;;0,016307659;;16,3076586;NCD;16;GAS;1;d;z002;
0;6;;0,016830003;;16,83000301;NCD;16;GAS;1;d;z002;
0;7;;0,017390994;;17,39099389;NCD;16;GAS;1;d;z002;
0;8;;0,015331728;;15,33172798;NCD;16;GAS;1;d;z002;
0;9;;0,021403884;;21,40388403;NCD;16;GAS;1;d;z002;
0;10;;0,023641106;;23,64110644;NCD;16;GAS;1;d;z002;
0;11;;0,020658382;;20,65838181;NCD;16;GAS;1;d;z002;
0;12;;0,020116866;;20,11686597;NCD;16;GAS;1;d;z002;
0;13;;0,022613974;;22,61397399;NCD;16;GAS;1;d;z002;
0;14;;0,022379443;;22,37944347;NCD;16;GAS;1;d;z002;
0;15;;0,025510019;;25,51001945;NCD;16;GAS;1;d;z002;
0;16;;0,025872241;;25,87224124;NCD;16;GAS;1;d;z002;
0;17;;0,024306931;;24,30693135;NCD;16;GAS;1;d;z002;
0;18;;0,025247068;;25,24706811;NCD;16;GAS;1;d;z002;
0;19;;0,02621882;;26,21881965;NCD;16;GAS;1;d;z002;
0;20;;0,019084004;;19,08400353;NCD;16;GAS;1;d;z002;
0;21;;0,025659178;;25,65917782;NCD;16;GAS;1;d;z002;
0;22;;0,025380421;;25,38042059;NCD;16;GAS;1;d;z002;
0;23;;0,025928566;;25,9285664;NCD;16;GAS;1;d;z002;
0;24;;0,028611015;;28,6110153;NCD;16;GAS;1;d;z002;
0;25;;0,029342015;;29,34201534;NCD;16;GAS;1;d;z002;
0;26;;0,025805988;;25,80598812;NCD;16;GAS;1;d;z002;
0;27;;0,029171992;;29,17199163;NCD;16;GAS;1;d;z002;
0;28;;0,025043696;;25,04369576;NCD;16;GAS;1;d;z002;
0;29;;0,028610986;;28,61098619;NCD;16;GAS;1;d;z002;
0;30;;0,024123001;;24,12300091;NCD;16;GAS;1;d;z002;
0;31;;0,021353843;;21,3538427;NCD;16;GAS;1;d;z002;
0;32;;0,025980041;;25,98004085;NCD;16;GAS;1;d;z002;
0;33;;0,026420135;;26,42013498;NCD;16;GAS;1;d;z002;
0;34;;0,025275754;;25,27575367;NCD;16;GAS;1;d;z002;
0;35;;0,026269289;;26,26928864;NCD;16;GAS;1;d;z002;
0;36;;0,024480776;;24,48077615;NCD;16;GAS;1;d;z002;
0;37;;0,024208099;;24,20809866;NCD;16;GAS;1;d;z002;
0;38;;0,026927999;;26,92799899;NCD;16;GAS;1;d;z002;
0;39;;0,026536836;;26,53683634;NCD;16;GAS;1;d;z002;
0;40;;0,031024016;;31,02401554;NCD;16;GAS;1;d;z002;
0;41;;0,026230252;;26,23025171;NCD;16;GAS;1;d;z002;
0;42;;0,029836134;;29,83613382;NCD;16;GAS;1;d;z002;
0;43;;0,024004139;;24,00413929;NCD;16;GAS;1;d;z002;
0;44;;0,026160692;;26,16069181;NCD;16;GAS;1;d;z002;
0;45;;0,025483926;;25,48392604;NCD;16;GAS;1;d;z002;
0;46;;0,029732997;;29,73299706;NCD;16;GAS;1;d;z002;
0;47;;0,031628662;;31,62866152;NCD;16;GAS;1;d;z002;
0;48;;0,029303098;;29,30309771;NCD;16;GAS;1;d;z002;
0;49;;0,029771835;;29,7718353;NCD;16;GAS;1;d;z002;
0;50;;0,031416013;;31,41601337;NCD;16;GAS;1;d;z002;
0;51;;0,029628793;;29,62879254;NCD;16;GAS;1;d;z002;
0;52;;0,028567112;;28,56711183;NCD;16;GAS;1;d;z002;
0;53;;0,025857847;;25,85784721;NCD;16;GAS;1;d;z002;
0;54;;0,027998937;;27,99893711;NCD;16;GAS;1;d;z002;
0;55;;0,032528322;;32,52832235;NCD;16;GAS;1;d;z002;
0;56;;0,03034162;;30,34162035;NCD;16;GAS;1;d;z002;
0;57;;0,027613184;;27,61318359;NCD;16;GAS;1;d;z002;
0;58;;0,031109969;;31,10996864;NCD;16;GAS;1;d;z002;
0;59;;0,032056221;;32,05622109;NCD;16;GAS;1;d;z002;
0;60;;0,031415999;;31,41599882;NCD;16;GAS;1;d;z002;
0;61;;0,034910166;;34,91016601;NCD;16;GAS;1;d;z002;
0;62;;0,031746705;;31,7467053;NCD;16;GAS;1;d;z002;
0;63;;0,035205133;;35,20513304;NCD;16;GAS;1;d;z002;
0;64;;0,034476385;;34,47638466;NCD;16;GAS;1;d;z002;
0;65;;0,033227901;;33,22790083;NCD;16;GAS;1;d;z002;
0;66;;0,035636025;;35,63602504;NCD;16;GAS;1;d;z002;
0;67;;0,033098997;;33,09899694;NCD;16;GAS;1;d;z002;
0;68;;0,034356988;;34,3569877;NCD;16;GAS;1;d;z002;
0;69;;0,039874742;;39,87474171;NCD;16;GAS;1;d;z002;
0;70;;0,033099001;;33,09900058;NCD;16;GAS;1;d;z002;
0;71;;0,035100394;;35,10039401;NCD;16;GAS;1;d;z002;
0;72;;0,031374386;;31,37438584;NCD;16;GAS;1;d;z002;
0;73;;0,032134044;;32,1340445;NCD;16;GAS;1;d;z002;
0;74;;0,038820635;;38,82063507;NCD;16;GAS;1;d;z002;
0;75;;0,032314006;;32,31400569;NCD;16;GAS;1;d;z002;
0;76;;0,027089535;;27,08953467;NCD;16;GAS;1;d;z002;
0;77;;0,030051685;;30,05168458;NCD;16;GAS;1;d;z002;
0;78;;0,033385203;;33,38520254;NCD;16;GAS;1;d;z002;
0;79;;0,036502756;;36,50275585;NCD;16;GAS;1;d;z002;
0;80;;0,034781988;;34,78198778;NCD;16;GAS;1;d;z002;
0;81;;0,034722376;;34,72237606;NCD;16;GAS;1;d;z002;
0;82;;0,039270002;;39,27000216;NCD;16;GAS;1;d;z002;
0;83;;0,03411446;;34,11445979;NCD;16;GAS;1;d;z002;
0;84;;0,037025995;;37,02599497;NCD;16;GAS;1;d;z002;
0;85;;0,037369393;;37,36939331;NCD;16;GAS;1;d;z002;
0;86;;0,043031771;;43,03177139;NCD;16;GAS;1;d;z002;
0;87;;0,045228856;;45,2288558;NCD;16;GAS;1;d;z002;
0;88;;0,031830634;;31,83063417;NCD;16;GAS;1;d;z002;
0;89;;0,033582637;;33,58263664;NCD;16;GAS;1;d;z002;
0;90;;0,039760408;;39,76040838;NCD;16;GAS;1;d;z002;
0;91;;0,041627029;;41,62702932;NCD;16;GAS;1;d;z002;
0;92;;0,029136749;;29,13674907;NCD;16;GAS;1;d;z002;
0;93;;0,035402804;;35,40280411;NCD;16;GAS;1;d;z002;
0;94;;0,039907735;;39,90773485;NCD;16;GAS;1;d;z002;
0;95;;0,028610986;;28,61098619;NCD;16;GAS;1;d;z002;
0;96;;0,032628102;;32,62810172;NCD;16;GAS;1;d;z002;
0;97;;0,04325174;;43,25174023;NCD;16;GAS;1;d;z002;
0;98;;0,035962972;;35,96297238;NCD;16;GAS;1;d;z002;
0;99;;0,037638292;;37,63829232;NCD;16;GAS;1;d;z002;
0;100;;0,039409722;;39,40972161;NCD;16;GAS;1;d;z002;
0;101;;0,041013593;;41,01359335;NCD;16;GAS;1;d;z002;
0;102;;0,03744953;;37,44953019;NCD;16;GAS;1;d;z002;
0;103;;0,027809687;;27,80968683;NCD;16;GAS;1;d;z002;
0;104;;0,031977019;;31,97701881;NCD;16;GAS;1;d;z002;
0;105;;0,048686325;;48,68632462;NCD;16;GAS;1;d;z002;
0;106;;0,03685348;;36,85347979;NCD;16;GAS;1;d;z002;
0;107;;0,045445229;;45,4452285;NCD;16;GAS;1;d;z002;
0;108;;0,040177531;;40,17753054;NCD;16;GAS;1;d;z002;
0;109;;0,037606416;;37,60641587;NCD;16;GAS;1;d;z002;
0;110;;0,041365577;;41,3655766;NCD;16;GAS;1;d;z002;
0;111;;0,042286421;;42,28642074;NCD;16;GAS;1;d;z002;
0;112;;0,040709445;;40,70944549;NCD;16;GAS;1;d;z002;
0;113;;0,034221011;;34,22101145;NCD;16;GAS;1;d;z002;
0;114;;0,042695647;;42,69564669;NCD;16;GAS;1;d;z002;
0;115;;0,044986203;;44,98620335;NCD;16;GAS;1;d;z002;
0;116;;0,040964208;;40,9642075;NCD;16;GAS;1;d;z002;
0;117;;0,041981761;;41,98176055;NCD;16;GAS;1;d;z002;
0;118;;0,043197011;;43,19701111;NCD;16;GAS;1;d;z002;
0;119;;0,042860982;;42,86098245;NCD;16;GAS;1;d;z002;
0;120;;0,047055088;;47,05508759;NCD;16;GAS;1;d;z002;
0;121;;0,045440989;;45,4409892;NCD;16;GAS;1;d;z002;
0;122;;0,045031709;;45,03170917;NCD;16;GAS;1;d;z002;
0;123;;0,037985487;;37,98548666;NCD;16;GAS;1;d;z002;
0;124;;0,046031973;;46,03197301;NCD;16;GAS;1;d;z002;
0;125;;0,040952989;;40,95298937;NCD;16;GAS;1;d;z002;
0;126;;0,049138955;;49,13895527;NCD;16;GAS;1;d;z002;
0;127;;0,039269973;;39,26997306;NCD;16;GAS;1;d;z002;
0;128;;0,048295637;;48,29563672;NCD;16;GAS;1;d;z002;
0;129;;0,046907684;;46,90768419;NCD;16;GAS;1;d;z002;
0;130;;0,047691044;;47,69104375;NCD;16;GAS;1;d;z002;
0;131;;0,040982246;;40,98224578;NCD;16;GAS;1;d;z002;
0;132;;0,045442893;;45,44289267;NCD;16;GAS;1;d;z002;
0;133;;0,045441004;;45,44100375;NCD;16;GAS;1;d;z002;
0;134;;0,052270108;;52,27010754;NCD;16;GAS;1;d;z002;
0;135;;0,039608363;;39,60836312;NCD;16;GAS;1;d;z002;
0;136;;0,056229298;;56,22929787;NCD;16;GAS;1;d;z002;
0;137;;0,054768125;;54,76812502;NCD;16;GAS;1;d;z002;
0;138;;0,044034515;;44,03451484;NCD;16;GAS;1;d;z002;
0;139;;0,050040217;;50,04021696;NCD;16;GAS;1;d;z002;
0;140;;0,053763691;;53,76369068;NCD;16;GAS;1;d;z002;
0;141;;0,048806978;;48,80697816;NCD;16;GAS;1;d;z002;
0;142;;0,052370359;;52,37035909;NCD;16;GAS;1;d;z002;
0;143;;0,056453944;;56,45394375;NCD;16;GAS;1;d;z002;
0;144;;0,040464945;;40,46494523;NCD;16;GAS;1;d;z002;
0;145;;0,05699039;;56,99039027;NCD;16;GAS;1;d;z002;
0;146;;0,053424731;;53,4247313;NCD;16;GAS;1;d;z002;
0;147;;0,051559078;;51,55907793;NCD;16;GAS;1;d;z002;
0;148;;0,053251747;;53,25174729;NCD;16;GAS;1;d;z002;
0;149;;0,048609987;;48,60998737;NCD;16;GAS;1;d;z002;
0;150;;0,048716839;;48,71683875;NCD;16;GAS;1;d;z002;
0;151;;0,059308656;;59,30865622;NCD;16;GAS;1;d;z002;
0;1;;0,026925734;;26,92573365;NCD;16;GAS;1;d;z003;
0;2;;0,032831387;;32,83138713;NCD;16;GAS;1;d;z003;
0;3;;0,030518033;;30,51803334;NCD;16;GAS;1;d;z003;
0;4;;0,029619505;;29,61950532;NCD;16;GAS;1;d;z003;
0;5;;0,02602927;;26,02927047;NCD;16;GAS;1;d;z003;
0;6;;0,032875036;;32,87503632;NCD;16;GAS;1;d;z003;
0;7;;0,032609484;;32,60948447;NCD;16;GAS;1;d;z003;
0;8;;0,034220999;;34,22099871;NCD;16;GAS;1;d;z003;
0;9;;0,034554017;;34,55401717;NCD;16;GAS;1;d;z003;
0;10;;0,030343674;;30,34367366;NCD;16;GAS;1;d;z003;
0;11;;0,035342993;;35,34299321;NCD;16;GAS;1;d;z003;
0;12;;0,03702598;;37,02598042;NCD;16;GAS;1;d;z003;
0;13;;0,043439951;;43,43995123;NCD;16;GAS;1;d;z003;
0;14;;0,033873593;;33,87359292;NCD;16;GAS;1;d;z003;
0;15;;0,035165691;;35,16569114;NCD;16;GAS;1;d;z003;
0;16;;0,03177583;;31,77582972;NCD;16;GAS;1;d;z003;
0;17;;0,037074333;;37,07433331;NCD;16;GAS;1;d;z003;
0;18;;0,040264047;;40,26404709;NCD;16;GAS;1;d;z003;
0;19;;0,038825563;;38,82556267;NCD;16;GAS;1;d;z003;
0;20;;0,041095263;;41,09526294;NCD;16;GAS;1;d;z003;
0;21;;0,034782452;;34,78245163;NCD;16;GAS;1;d;z003;
0;22;;0,040044891;;40,04489144;NCD;16;GAS;1;d;z003;
0;23;;0,039454841;;39,45484053;NCD;16;GAS;1;d;z003;
0;24;;0,038081962;;38,08196196;NCD;16;GAS;1;d;z003;
0;25;;0,045135498;;45,13549761;NCD;16;GAS;1;d;z003;
0;26;;0,042789198;;42,78919772;NCD;16;GAS;1;d;z003;
0;27;;0,03524877;;35,24877036;NCD;16;GAS;1;d;z003;
0;28;;0,0378544;;37,85439976;NCD;16;GAS;1;d;z003;
0;29;;0,040262746;;40,2627461;NCD;16;GAS;1;d;z003;
0;30;;0,049104891;;49,10489104;NCD;16;GAS;1;d;z003;
0;31;;0,038147991;;38,14799129;NCD;16;GAS;1;d;z003;
0;32;;0,043050265;;43,05026507;NCD;16;GAS;1;d;z003;
0;33;;0,041256435;;41,25643523;NCD;16;GAS;1;d;z003;
0;34;;0,027221816;;27,22181637;NCD;16;GAS;1;d;z003;
0;35;;0,049760574;;49,76057406;NCD;16;GAS;1;d;z003;
0;36;;0,046563;;46,56300007;NCD;16;GAS;1;d;z003;
0;37;;0,043446114;;43,44611352;NCD;16;GAS;1;d;z003;
0;38;;0,039830993;;39,83099305;NCD;16;GAS;1;d;z003;
0;39;;0,042872297;;42,87229726;NCD;16;GAS;1;d;z003;
0;40;;0,0446519;;44,65189993;NCD;16;GAS;1;d;z003;
0;41;;0,039831008;;39,8310076;NCD;16;GAS;1;d;z003;
0;42;;0,0412936;;41,29359994;NCD;16;GAS;1;d;z003;
0;43;;0,055514298;;55,514298;NCD;16;GAS;1;d;z003;
0;44;;0,041384054;;41,38405371;NCD;16;GAS;1;d;z003;
0;45;;0,048245995;;48,24599455;NCD;16;GAS;1;d;z003;
0;46;;0,046243919;;46,24391908;NCD;16;GAS;1;d;z003;
0;47;;0,044781794;;44,78179373;NCD;16;GAS;1;d;z003;
0;48;;0,046891275;;46,89127549;NCD;16;GAS;1;d;z003;
0;49;;0,042522709;;42,52270895;NCD;16;GAS;1;d;z003;
0;50;;0,036147865;;36,14786499;NCD;16;GAS;1;d;z003;
0;51;;0,046563;;46,56300007;NCD;16;GAS;1;d;z003;
0;52;;0,045694198;;45,69419765;NCD;16;GAS;1;d;z003;
0;53;;0,049266092;;49,26609248;NCD;16;GAS;1;d;z003;
0;54;;0,047166731;;47,16673148;NCD;16;GAS;1;d;z003;
0;55;;0,041164029;;41,16402873;NCD;16;GAS;1;d;z003;
0;56;;0,041716057;;41,71605681;NCD;16;GAS;1;d;z003;
0;57;;0,045023513;;45,0235126;NCD;16;GAS;1;d;z003;
0;58;;0,039830993;;39,83099305;NCD;16;GAS;1;d;z003;
0;59;;0,047684996;;47,68499639;NCD;16;GAS;1;d;z003;
0;60;;0,045636987;;45,63698678;NCD;16;GAS;1;d;z003;
0;61;;0,045608576;;45,60857617;NCD;16;GAS;1;d;z003;
0;62;;0,053294993;;53,29499254;NCD;16;GAS;1;d;z003;
0;63;;0,055450149;;55,45014926;NCD;16;GAS;1;d;z003;
0;64;;0,048175563;;48,17556337;NCD;16;GAS;1;d;z003;
0;65;;0,035107638;;35,10763817;NCD;16;GAS;1;d;z003;
0;66;;0,042595752;;42,59575207;NCD;16;GAS;1;d;z003;
0;67;;0,052698524;;52,69852421;NCD;16;GAS;1;d;z003;
0;68;;0,039571033;;39,5710334;NCD;16;GAS;1;d;z003;
0;69;;0,037965735;;37,96573453;NCD;16;GAS;1;d;z003;
0;70;;0,038724427;;38,72442739;NCD;16;GAS;1;d;z003;
0;71;;0,036794576;;36,79457571;NCD;16;GAS;1;d;z003;
0;72;;0,048792509;;48,79250925;NCD;16;GAS;1;d;z003;
0;73;;0,039138353;;39,13835331;NCD;16;GAS;1;d;z003;
0;74;;0,045107041;;45,10704074;NCD;16;GAS;1;d;z003;
0;75;;0,044318993;;44,31899288;NCD;16;GAS;1;d;z003;
0;76;;0,045287869;;45,28786852;NCD;16;GAS;1;d;z003;
0;77;;0,048806978;;48,80697816;NCD;16;GAS;1;d;z003;
0;78;;0,053855999;;53,85599866;NCD;16;GAS;1;d;z003;
0;79;;0,042636002;;42,63600204;NCD;16;GAS;1;d;z003;
0;80;;0,046092693;;46,09269287;NCD;16;GAS;1;d;z003;
0;81;;0,047123991;;47,12399095;NCD;16;GAS;1;d;z003;
0;82;;0,044923308;;44,92330782;NCD;16;GAS;1;d;z003;
0;83;;0,044540802;;44,54080231;NCD;16;GAS;1;d;z003;
0;84;;0,042075;;42,07500024;NCD;16;GAS;1;d;z003;
0;85;;0,034972428;;34,97242756;NCD;16;GAS;1;d;z003;
0;86;;0,052836489;;52,83648932;NCD;16;GAS;1;d;z003;
0;87;;0,043250647;;43,25064651;NCD;16;GAS;1;d;z003;
0;88;;0,049367998;;49,36799814;NCD;16;GAS;1;d;z003;
0;89;;0,036855748;;36,85574758;NCD;16;GAS;1;d;z003;
0;90;;0,051616787;;51,61678698;NCD;16;GAS;1;d;z003;
0;91;;0,048633009;;48,63300918;NCD;16;GAS;1;d;z003;
0;92;;0,042082008;;42,08200805;NCD;16;GAS;1;d;z003;
0;93;;0,045272518;;45,2725179;NCD;16;GAS;1;d;z003;
0;94;;0,042294684;;42,29468361;NCD;16;GAS;1;d;z003;
0;95;;0,054617405;;54,61740523;NCD;16;GAS;1;d;z003;
0;96;;0,050847587;;50,84758652;NCD;16;GAS;1;d;z003;
0;97;;0,043693823;;43,69382346;NCD;16;GAS;1;d;z003;
0;98;;0,045712995;;45,71299501;NCD;16;GAS;1;d;z003;
0;99;;0,053855998;;53,85599798;NCD;16;GAS;1;d;z003;
0;100;;0,062729309;;62,72930928;NCD;16;GAS;1;d;z003;
0;101;;0,051172086;;51,1720857;NCD;16;GAS;1;d;z003;
0;1;;0,014179722;;14,17972201;NCD;16;GAS;1;i;z003;
0;2;;0,017454228;;17,45422828;NCD;16;GAS;1;i;z003;
0;3;;0,01678777;;16,78776991;NCD;16;GAS;1;i;z003;
0;4;;0,019040991;;19,04099127;NCD;16;GAS;1;i;z003;
0;5;;0,015191433;;15,19143266;NCD;16;GAS;1;i;z003;
0;6;;0,017170294;;17,17029385;NCD;16;GAS;1;i;z003;
0;7;;0,017733622;;17,73362238;NCD;16;GAS;1;i;z003;
0;8;;0,016555322;;16,55532199;NCD;16;GAS;1;i;z003;
0;9;;0,017142698;;17,14269845;NCD;16;GAS;1;i;z003;
0;10;;0,020123788;;20,12378767;NCD;16;GAS;1;i;z003;
0;11;;0,017041804;;17,04180434;NCD;16;GAS;1;i;z003;
0;12;;0,019783406;;19,78340596;NCD;16;GAS;1;i;z003;
0;13;;0,021576271;;21,5762712;NCD;16;GAS;1;i;z003;
0;14;;0,019169858;;19,16985801;NCD;16;GAS;1;i;z003;
0;15;;0,022110026;;22,11002589;NCD;16;GAS;1;i;z003;
0;16;;0,021463024;;21,4630241;NCD;16;GAS;1;i;z003;
0;17;;0,023007868;;23,00786788;NCD;16;GAS;1;i;z003;
0;18;;0,023691135;;23,69113479;NCD;16;GAS;1;i;z003;
0;19;;0,02335153;;23,35153014;NCD;16;GAS;1;i;z003;
0;20;;0,021118578;;21,11857835;NCD;16;GAS;1;i;z003;
0;21;;0,021414453;;21,41445313;NCD;16;GAS;1;i;z003;
0;22;;0,022830714;;22,83071423;NCD;16;GAS;1;i;z003;
0;23;;0,024122999;;24,12299909;NCD;16;GAS;1;i;z003;
0;24;;0,023831934;;23,83193363;NCD;16;GAS;1;i;z003;
0;25;;0,026210717;;26,21071698;NCD;16;GAS;1;i;z003;
0;26;;0,018644298;;18,64429795;NCD;16;GAS;1;i;z003;
0;27;;0,025116468;;25,11646769;NCD;16;GAS;1;i;z003;
0;28;;0,020712886;;20,71288557;NCD;16;GAS;1;i;z003;
0;29;;0,026627451;;26,62745132;NCD;16;GAS;1;i;z003;
0;30;;0,021421105;;21,42110489;NCD;16;GAS;1;i;z003;
0;31;;0,026317929;;26,31792945;NCD;16;GAS;1;i;z003;
0;32;;0,028437902;;28,43790239;NCD;16;GAS;1;i;z003;
0;33;;0,026974714;;26,97471362;NCD;16;GAS;1;i;z003;
0;34;;0,026927999;;26,92799899;NCD;16;GAS;1;i;z003;
0;35;;0,02316569;;23,16568998;NCD;16;GAS;1;i;z003;
0;36;;0,031444136;;31,44413576;NCD;16;GAS;1;i;z003;
0;37;;0,026927999;;26,92799899;NCD;16;GAS;1;i;z003;
0;38;;0,025325678;;25,32567804;NCD;16;GAS;1;i;z003;
0;39;;0,024589601;;24,5896006;NCD;16;GAS;1;i;z003;
0;40;;0,029025623;;29,02562311;NCD;16;GAS;1;i;z003;
0;41;;0,028973559;;28,97355926;NCD;16;GAS;1;i;z003;
0;42;;0,029855555;;29,85555489;NCD;16;GAS;1;i;z003;
0;43;;0,028563563;;28,56356256;NCD;16;GAS;1;i;z003;
0;44;;0,024849603;;24,84960344;NCD;16;GAS;1;i;z003;
0;45;;0,030636014;;30,63601444;NCD;16;GAS;1;i;z003;
0;46;;0,031119846;;31,11984611;NCD;16;GAS;1;i;z003;
0;47;;0,031748213;;31,74821331;NCD;16;GAS;1;i;z003;
0;48;;0,028390113;;28,39011261;NCD;16;GAS;1;i;z003;
0;49;;0,025856013;;25,85601254;NCD;16;GAS;1;i;z003;
0;50;;0,030474828;;30,4748277;NCD;16;GAS;1;i;z003;
0;51;;0,024211233;;24,21123281;NCD;16;GAS;1;i;z003;
0;52;;0,02777871;;27,77870997;NCD;16;GAS;1;i;z003;
0;53;;0,030972594;;30,97259368;NCD;16;GAS;1;i;z003;
0;54;;0,025806003;;25,80600267;NCD;16;GAS;1;i;z003;
0;55;;0,034724568;;34,72456784;NCD;16;GAS;1;i;z003;
0;56;;0,031680329;;31,68032934;NCD;16;GAS;1;i;z003;
0;57;;0,032205135;;32,205135;NCD;16;GAS;1;i;z003;
0;58;;0,027311529;;27,31152856;NCD;16;GAS;1;i;z003;
0;59;;0,036578615;;36,57861505;NCD;16;GAS;1;i;z003;
0;60;;0,033099001;;33,09900058;NCD;16;GAS;1;i;z003;
0;61;;0,034235423;;34,23542339;NCD;16;GAS;1;i;z003;
0;62;;0,027518376;;27,51837638;NCD;16;GAS;1;i;z003;
0;63;;0,031734961;;31,73496144;NCD;16;GAS;1;i;z003;
0;64;;0,034883667;;34,88366733;NCD;16;GAS;1;i;z003;
0;65;;0,034366413;;34,36641301;NCD;16;GAS;1;i;z003;
0;66;;0,03336359;;33,36359011;NCD;16;GAS;1;i;z003;
0;67;;0,038708968;;38,70896762;NCD;16;GAS;1;i;z003;
0;68;;0,036211923;;36,21192299;NCD;16;GAS;1;i;z003;
0;69;;0,036768765;;36,76876451;NCD;16;GAS;1;i;z003;
0;70;;0,042050955;;42,05095507;NCD;16;GAS;1;i;z003;
0;71;;0,036901009;;36,90100867;NCD;16;GAS;1;i;z003;
0;72;;0,035045124;;35,04512398;NCD;16;GAS;1;i;z003;
0;73;;0,0371209;;37,12090007;NCD;16;GAS;1;i;z003;
0;74;;0,030927202;;30,92720173;NCD;16;GAS;1;i;z003;
0;75;;0,038253241;;38,25324104;NCD;16;GAS;1;i;z003;
0;76;;0,042384545;;42,38454513;NCD;16;GAS;1;i;z003;
0;77;;0,044265633;;44,26563306;NCD;16;GAS;1;i;z003;
0;78;;0,038353372;;38,35337189;NCD;16;GAS;1;i;z003;
0;79;;0,04471768;;44,7176796;NCD;16;GAS;1;i;z003;
0;80;;0,039663089;;39,66308912;NCD;16;GAS;1;i;z003;
0;81;;0,036622368;;36,62236796;NCD;16;GAS;1;i;z003;
0;82;;0,043295781;;43,2957811;NCD;16;GAS;1;i;z003;
0;83;;0,043021515;;43,02151525;NCD;16;GAS;1;i;z003;
0;84;;0,039567888;;39,56788814;NCD;16;GAS;1;i;z003;
0;85;;0,0465263;;46,52630002;NCD;16;GAS;1;i;z003;
0;86;;0,032779729;;32,77972851;NCD;16;GAS;1;i;z003;
0;87;;0,03592809;;35,92808953;NCD;16;GAS;1;i;z003;
0;88;;0,037534904;;37,53490413;NCD;16;GAS;1;i;z003;
0;89;;0,03466732;;34,66731958;NCD;16;GAS;1;i;z003;
0;90;;0,03859428;;38,59428002;NCD;16;GAS;1;i;z003;
0;91;;0,03969711;;39,69711007;NCD;16;GAS;1;i;z003;
0;92;;0,043270276;;43,27027585;NCD;16;GAS;1;i;z003;
0;93;;0,045660309;;45,66030855;NCD;16;GAS;1;i;z003;
0;94;;0,034833152;;34,83315207;NCD;16;GAS;1;i;z003;
0;95;;0,054874608;;54,87460836;NCD;16;GAS;1;i;z003;
0;96;;0,041514002;;41,51400208;NCD;16;GAS;1;i;z003;
0;97;;0,045129762;;45,12976208;NCD;16;GAS;1;i;z003;
0;98;;0,03702601;;37,02600952;NCD;16;GAS;1;i;z003;
0;99;;0,049926468;;49,92646776;NCD;16;GAS;1;i;z003;
0;100;;0,05139218;;51,39217996;NCD;16;GAS;1;i;z003;
0;101;;0,040920275;;40,92027453;NCD;16;GAS;1;i;z003;
0;102;;0,045266178;;45,26617764;NCD;16;GAS;1;i;z003;
0;103;;0,049928989;;49,92898903;NCD;16;GAS;1;i;z003;
0;104;;0,034221769;;34,22176915;NCD;16;GAS;1;i;z003;
0;105;;0,040928615;;40,9286154;NCD;16;GAS;1;i;z003;
0;106;;0,047520802;;47,52080155;NCD;16;GAS;1;i;z003;
0;107;;0,047668497;;47,66849698;NCD;16;GAS;1;i;z003;
0;108;;0,052197693;;52,19769277;NCD;16;GAS;1;i;z003;
0;109;;0,052650373;;52,65037337;NCD;16;GAS;1;i;z003;
0;110;;0,041140191;;41,14019127;NCD;16;GAS;1;i;z003;
0;111;;0,043927436;;43,92743583;NCD;16;GAS;1;i;z003;
0;112;;0,044849832;;44,84983164;NCD;16;GAS;1;i;z003;
0;113;;0,045272201;;45,27220095;NCD;16;GAS;1;i;z003;
0;114;;0,039617421;;39,61742128;NCD;16;GAS;1;i;z003;
0;115;;0,042026127;;42,02612737;NCD;16;GAS;1;i;z003;
0;116;;0,056762866;;56,76286566;NCD;16;GAS;1;i;z003;
0;117;;0,038859938;;38,8599376;NCD;16;GAS;1;i;z003;
0;118;;0,039596725;;39,59672526;NCD;16;GAS;1;i;z003;
0;119;;0,0493705;;49,37049999;NCD;16;GAS;1;i;z003;
0;120;;0,04408873;;44,0887305;NCD;16;GAS;1;i;z003;
0;121;;0,054700133;;54,7001334;NCD;16;GAS;1;i;z003;
0;122;;0,050593122;;50,59312205;NCD;16;GAS;1;i;z003;
0;123;;0,053764481;;53,76448103;NCD;16;GAS;1;i;z003;
0;124;;0,049788501;;49,78850117;NCD;16;GAS;1;i;z003;
0;125;;0,046736057;;46,73605663;NCD;16;GAS;1;i;z003;
0;126;;0,050984551;;50,98455062;NCD;16;GAS;1;i;z003;
0;127;;0,050648807;;50,64880683;NCD;16;GAS;1;i;z003;
0;128;;0,049815662;;49,81566218;NCD;16;GAS;1;i;z003;
0;129;;0,053855998;;53,85599798;NCD;16;GAS;1;i;z003;
0;130;;0,039024929;;39,02492936;NCD;16;GAS;1;i;z003;
0;131;;0,0446011;;44,60110046;NCD;16;GAS;1;i;z003;
0;132;;0,043879203;;43,8792034;NCD;16;GAS;1;i;z003;
0;133;;0,041047462;;41,04746163;NCD;16;GAS;1;i;z003;
0;134;;0,051682732;;51,68273162;NCD;16;GAS;1;i;z003;
0;135;;0,050824918;;50,8249183;NCD;16;GAS;1;i;z003;
0;136;;0,043578938;;43,57893847;NCD;16;GAS;1;i;z003;
0;137;;0,054557704;;54,55770436;NCD;16;GAS;1;i;z003;
0;138;;0,053471396;;53,4713956;NCD;16;GAS;1;i;z003;
0;1;;0,006130715;;6,130714618;NCD;16;GAS;1;i;z;
0;2;;0,017081979;;17,08197932;NCD;16;GAS;1;i;z;
0;3;;0,019172534;;19,1725344;NCD;16;GAS;1;i;z;
0;4;;0,011894732;;11,89473195;NCD;16;GAS;1;i;z;
0;5;;0,018999136;;18,99913551;NCD;16;GAS;1;i;z;
0;6;;0,023801239;;23,80123908;NCD;16;GAS;1;i;z;
0;7;;0,026927999;;26,92799899;NCD;16;GAS;1;i;z;
0;8;;0,024561932;;24,56193241;NCD;16;GAS;1;i;z;
0;9;;0,022327068;;22,32706846;NCD;16;GAS;1;i;z;
0;10;;0,039269999;;39,26999898;NCD;16;GAS;1;i;z;
0;11;;0,036912155;;36,91215497;NCD;16;GAS;1;i;z;
0;12;;0,030199907;;30,199907;NCD;16;GAS;1;i;z;
0;13;;0,04096353;;40,96352972;NCD;16;GAS;1;i;z;
0;14;;0,035757568;;35,75756764;NCD;16;GAS;1;i;z;
0;15;;0,03768787;;37,68787046;NCD;16;GAS;1;i;z;
0;16;;0,036098513;;36,09851336;NCD;16;GAS;1;i;z;
0;17;;0,037586986;;37,58698585;NCD;16;GAS;1;i;z;
0;18;;0,033099453;;33,09945324;NCD;16;GAS;1;i;z;
0;19;;0,027173238;;27,17323808;NCD;16;GAS;1;i;z;
0;20;;0,036771275;;36,77127526;NCD;16;GAS;1;i;z;
0;21;;0,042553354;;42,55335408;NCD;16;GAS;1;i;z;
0;22;;0,03197699;;31,9769897;NCD;16;GAS;1;i;z;
0;23;;0,043131619;;43,13161897;NCD;16;GAS;1;i;z;
0;24;;0,03505562;;35,05562028;NCD;16;GAS;1;i;z;
0;25;;0,033660006;;33,66000601;NCD;16;GAS;1;i;z;
0;26;;0,039556744;;39,55674355;NCD;16;GAS;1;i;z;
0;27;;0,039774299;;39,77429935;NCD;16;GAS;1;i;z;
0;28;;0,036284077;;36,28407665;NCD;16;GAS;1;i;z;
0;29;;0,041083768;;41,08376839;NCD;16;GAS;1;i;z;
0;30;;0,039112068;;39,11206814;NCD;16;GAS;1;i;z;
0;31;;0,039815426;;39,81542583;NCD;16;GAS;1;i;z;
0;32;;0,030941581;;30,94158058;NCD;16;GAS;1;i;z;
0;33;;0,034045823;;34,04582279;NCD;16;GAS;1;i;z;
0;34;;0,043053136;;43,05313599;NCD;16;GAS;1;i;z;
0;35;;0,035161399;;35,16139865;NCD;16;GAS;1;i;z;
0;36;;0,030893832;;30,89383182;NCD;16;GAS;1;i;z;
0;37;;0,046414067;;46,41406696;NCD;16;GAS;1;i;z;
0;38;;0,041042462;;41,04246178;NCD;16;GAS;1;i;z;
0;39;;0,034853117;;34,85311722;NCD;16;GAS;1;i;z;
0;40;;0,047922713;;47,9227127;NCD;16;GAS;1;i;z;
0;41;;0,048252813;;48,25281253;NCD;16;GAS;1;i;z;
0;42;;0,041467804;;41,46780432;NCD;16;GAS;1;i;z;
0;43;;0,051016162;;51,01616195;NCD;16;GAS;1;i;z;
0;44;;0,046002009;;46,00200919;NCD;16;GAS;1;i;z;
0;45;;0,04376914;;43,76914006;NCD;16;GAS;1;i;z;
0;46;;0,050486262;;50,48626226;NCD;16;GAS;1;i;z;
0;47;;0,045544576;;45,54457636;NCD;16;GAS;1;i;z;
0;48;;0,048376808;;48,3768075;NCD;16;GAS;1;i;z;
0;49;;0,042691386;;42,69138594;NCD;16;GAS;1;i;z;
0;50;;0,048807007;;48,80700726;NCD;16;GAS;1;i;z;
0;51;;0,04006538;;40,06537968;NCD;16;GAS;1;i;z;
0;52;;0,042200009;;42,2000092;NCD;16;GAS;1;i;z;
0;53;;0,04149781;;41,49781;NCD;16;GAS;1;i;z;
0;54;;0,042697953;;42,69795335;NCD;16;GAS;1;i;z;
0;55;;0,03773152;;37,73151966;NCD;16;GAS;1;i;z;
0;56;;0,043758017;;43,75801655;NCD;16;GAS;1;i;z;
0;57;;0,043160512;;43,16051238;NCD;16;GAS;1;i;z;
0;58;;0,037664448;;37,66444818;NCD;16;GAS;1;i;z;
0;59;;0,042288394;;42,28839399;NCD;16;GAS;1;i;z;
0;60;;0,04897971;;48,97971007;NCD;16;GAS;1;i;z;
0;61;;0,052885411;;52,88541115;NCD;16;GAS;1;i;z;
0;62;;0,04464076;;44,6407605;NCD;16;GAS;1;i;z;
0;63;;0,046167748;;46,16774817;NCD;16;GAS;1;i;z;
0;64;;0,045390677;;45,39067662;NCD;16;GAS;1;i;z;
0;65;;0,047108221;;47,10822072;NCD;16;GAS;1;i;z;
0;66;;0,045338529;;45,33852938;NCD;16;GAS;1;i;z;
0;67;;0,049496733;;49,49673322;NCD;16;GAS;1;i;z;
0;68;;0,049786624;;49,78662377;NCD;16;GAS;1;i;z;
0;69;;0,049607453;;49,60745347;NCD;16;GAS;1;i;z;
0;70;;0,047335973;;47,33597254;NCD;16;GAS;1;i;z;
0;71;;0,048797852;;48,79785175;NCD;16;GAS;1;i;z;
0;72;;0,04964519;;49,64518973;NCD;16;GAS;1;i;z;
0;73;;0,043654314;;43,65431441;NCD;16;GAS;1;i;z;
0;74;;0,04280804;;42,80803983;NCD;16;GAS;1;i;z;
0;75;;0,044200265;;44,20026465;NCD;16;GAS;1;i;z;
0;76;;0,050489994;;50,48999446;NCD;16;GAS;1;i;z;
0;77;;0,049462366;;49,4623655;NCD;16;GAS;1;i;z;
0;78;;0,048672061;;48,67206052;NCD;16;GAS;1;i;z;
0;79;;0,053383883;;53,38388302;NCD;16;GAS;1;i;z;
0;80;;0,053855998;;53,85599798;NCD;16;GAS;1;i;z;
0;81;;0,046271945;;46,27194459;NCD;16;GAS;1;i;z;
0;82;;0,049929018;;49,92901813;NCD;16;GAS;1;i;z;
0;83;;0,04139248;;41,39248046;NCD;16;GAS;1;i;z;
0;84;;0,053002665;;53,00266549;NCD;16;GAS;1;i;z;
0;85;;0,056257806;;56,25780648;NCD;16;GAS;1;i;z;
0;86;;0,051680506;;51,68050577;NCD;16;GAS;1;i;z;
0;87;;0,045674372;;45,67437161;NCD;16;GAS;1;i;z;
0;88;;0,046501882;;46,50188169;NCD;16;GAS;1;i;z;
0;89;;0,041918581;;41,91858061;NCD;16;GAS;1;i;z;
0;90;;0,051173339;;51,1733386;NCD;16;GAS;1;i;z;
0;91;;0,061088896;;61,08889637;NCD;16;GAS;1;i;z;
0;92;;0,049933579;;49,93357855;NCD;16;GAS;1;i;z;
0;93;;0,048661215;;48,66121492;NCD;16;GAS;1;i;z;
0;94;;0,050677971;;50,67797127;NCD;16;GAS;1;i;z;
0;95;;0,045809203;;45,80920347;NCD;16;GAS;1;i;z;
0;96;;0,055274349;;55,2743487;NCD;16;GAS;1;i;z;
0;1;;0,01006825;;10,06825045;NCD;16;GAS;2;d;z;
0;2;;0,022744934;;22,74493383;NCD;16;GAS;2;d;z;
0;3;;0,028924338;;28,92433778;NCD;16;GAS;2;d;z;
0;4;;0,025244997;;25,24499723;NCD;16;GAS;2;d;z;
0;5;;0,031977004;;31,97700426;NCD;16;GAS;2;d;z;
0;6;;0,027489004;;27,48900442;NCD;16;GAS;2;d;z;
0;7;;0,021879008;;21,87900827;NCD;16;GAS;2;d;z;
0;8;;0,028758148;;28,75814829;NCD;16;GAS;2;d;z;
0;9;;0,03702601;;37,02600952;NCD;16;GAS;2;d;z;
0;10;;0,034887986;;34,88798588;NCD;16;GAS;2;d;z;
0;11;;0,029732997;;29,73299706;NCD;16;GAS;2;d;z;
0;12;;0,032630145;;32,6301446;NCD;16;GAS;2;d;z;
0;13;;0,028304216;;28,30421591;NCD;16;GAS;2;d;z;
0;14;;0,032386756;;32,38675631;NCD;16;GAS;2;d;z;
0;15;;0,022453972;;22,45397243;NCD;16;GAS;2;d;z;
0;16;;0,038148006;;38,14800584;NCD;16;GAS;2;d;z;
0;17;;0,03332693;;33,32692999;NCD;16;GAS;2;d;z;
0;18;;0,035514595;;35,51459529;NCD;16;GAS;2;d;z;
0;19;;0,033666253;;33,66625277;NCD;16;GAS;2;d;z;
0;20;;0,030032257;;30,03225716;NCD;16;GAS;2;d;z;
0;21;;0,033718317;;33,71831665;NCD;16;GAS;2;d;z;
0;22;;0,036859084;;36,85908393;NCD;16;GAS;2;d;z;
0;23;;0,030667495;;30,66749492;NCD;16;GAS;2;d;z;
0;24;;0,032117608;;32,11760786;NCD;16;GAS;2;d;z;
0;25;;0,042754531;;42,75453115;NCD;16;GAS;2;d;z;
0;26;;0,040953004;;40,95300392;NCD;16;GAS;2;d;z;
0;27;;0,040918056;;40,91805575;NCD;16;GAS;2;d;z;
0;28;;0,033434146;;33,43414624;NCD;16;GAS;2;d;z;
0;29;;0,034969458;;34,96945782;NCD;16;GAS;2;d;z;
0;30;;0,047684996;;47,68499639;NCD;16;GAS;2;d;z;
0;31;;0,045800259;;45,8002592;NCD;16;GAS;2;d;z;
0;32;;0,033319032;;33,31903184;NCD;16;GAS;2;d;z;
0;33;;0,042911638;;42,91163807;NCD;16;GAS;2;d;z;
0;34;;0,043443692;;43,44369208;NCD;16;GAS;2;d;z;
0;35;;0,046796399;;46,79639859;NCD;16;GAS;2;d;z;
0;36;;0,046494984;;46,49498438;NCD;16;GAS;2;d;z;
0;37;;0,048855275;;48,85527463;NCD;16;GAS;2;d;z;
0;38;;0,036011136;;36,01113555;NCD;16;GAS;2;d;z;
0;39;;0,050208051;;50,20805087;NCD;16;GAS;2;d;z;
0;40;;0,033684549;;33,68454862;NCD;16;GAS;2;d;z;
0;41;;0,057122922;;57,12292235;NCD;16;GAS;2;d;z;
0;42;;0,046689218;;46,68921832;NCD;16;GAS;2;d;z;
0;43;;0,053761417;;53,7614167;NCD;16;GAS;2;d;z;
0;44;;0,042622828;;42,62282833;NCD;16;GAS;2;d;z;
0;45;;0,048300449;;48,30044851;NCD;16;GAS;2;d;z;
0;46;;0,046244563;;46,24456286;NCD;16;GAS;2;d;z;
0;47;;0,044318993;;44,31899288;NCD;16;GAS;2;d;z;
0;48;;0,045440996;;45,44099647;NCD;16;GAS;2;d;z;
0;49;;0,048806978;;48,80697816;NCD;16;GAS;2;d;z;
0;50;;0,057763188;;57,76318759;NCD;16;GAS;2;d;z;
0;51;;0,051048722;;51,04872177;NCD;16;GAS;2;d;z;
0;52;;0,034782002;;34,78200233;NCD;16;GAS;2;d;z;
0;53;;0,040953004;;40,95300392;NCD;16;GAS;2;d;z;
0;54;;0,058904989;;58,90498869;NCD;16;GAS;2;d;z;
0;55;;0,045949475;;45,94947519;NCD;16;GAS;2;d;z;
0;56;;0,044043028;;44,04302766;NCD;16;GAS;2;d;z;
0;57;;0,047005917;;47,0059173;NCD;16;GAS;2;d;z;
0;58;;0,065636996;;65,63699571;NCD;16;GAS;2;d;z;
0;59;;0,043368049;;43,36804913;NCD;16;GAS;2;d;z;
0;60;;0,044223449;;44,22344934;NCD;16;GAS;2;d;z;
0;61;;0,056848692;;56,84869162;NCD;16;GAS;2;d;z;
0;62;;0,061906173;;61,90617347;NCD;16;GAS;2;d;z;
0;63;;0,064990269;;64,99026901;NCD;16;GAS;2;d;z;
0;64;;0,084328748;;84,32874824;NCD;16;GAS;2;d;z;
0;65;;0,061584784;;61,58478383;NCD;16;GAS;2;d;z;
0;1;;0,026366994;;26,36699355;NCD;16;GAS;2;d;z001;
0;2;;0,033024174;;33,02417369;NCD;16;GAS;2;d;z001;
0;3;;0,037270108;;37,2701077;NCD;16;GAS;2;d;z001;
0;4;;0,028788168;;28,78816776;NCD;16;GAS;2;d;z001;
0;5;;0,027854452;;27,85445216;NCD;16;GAS;2;d;z001;
0;6;;0,032344081;;32,34408087;NCD;16;GAS;2;d;z001;
0;7;;0,036595829;;36,5958292;NCD;16;GAS;2;d;z001;
0;8;;0,021879008;;21,87900827;NCD;16;GAS;2;d;z001;
0;9;;0,033549335;;33,54933529;NCD;16;GAS;2;d;z001;
0;10;;0,034207189;;34,20718905;NCD;16;GAS;2;d;z001;
0;11;;0,028100974;;28,10097394;NCD;16;GAS;2;d;z001;
0;12;;0,033659999;;33,65999873;NCD;16;GAS;2;d;z001;
0;13;;0,026367008;;26,3670081;NCD;16;GAS;2;d;z001;
0;14;;0,037432263;;37,43226331;NCD;16;GAS;2;d;z001;
0;15;;0,037630706;;37,63070569;NCD;16;GAS;2;d;z001;
0;16;;0,034782002;;34,78200233;NCD;16;GAS;2;d;z001;
0;17;;0,041621799;;41,62179914;NCD;16;GAS;2;d;z001;
0;18;;0,033753212;;33,75321173;NCD;16;GAS;2;d;z001;
0;19;;0,03431358;;34,31357993;NCD;16;GAS;2;d;z001;
0;20;;0,029476456;;29,47645551;NCD;16;GAS;2;d;z001;
0;21;;0,030801485;;30,80148538;NCD;16;GAS;2;d;z001;
0;22;;0,03090988;;30,9098798;NCD;16;GAS;2;d;z001;
0;23;;0,042901324;;42,90132422;NCD;16;GAS;2;d;z001;
0;24;;0,04169332;;41,69331951;NCD;16;GAS;2;d;z001;
0;25;;0,041668043;;41,668043;NCD;16;GAS;2;d;z001;
0;26;;0,032187146;;32,18714646;NCD;16;GAS;2;d;z001;
0;27;;0,03593482;;35,93482002;NCD;16;GAS;2;d;z001;
0;28;;0,038148006;;38,14800584;NCD;16;GAS;2;d;z001;
0;29;;0,040277415;;40,27741529;NCD;16;GAS;2;d;z001;
0;30;;0,041513997;;41,51399662;NCD;16;GAS;2;d;z001;
0;31;;0,030855001;;30,85500066;NCD;16;GAS;2;d;z001;
0;32;;0,048806993;;48,80699271;NCD;16;GAS;2;d;z001;
0;33;;0,048944485;;48,94448492;NCD;16;GAS;2;d;z001;
0;34;;0,042074997;;42,0749966;NCD;16;GAS;2;d;z001;
0;35;;0,049831754;;49,83175447;NCD;16;GAS;2;d;z001;
0;36;;0,051078959;;51,07895867;NCD;16;GAS;2;d;z001;
0;37;;0,058867213;;58,86721268;NCD;16;GAS;2;d;z001;
0;38;;0,051420163;;51,42016308;NCD;16;GAS;2;d;z001;
0;39;;0,052138224;;52,13822425;NCD;16;GAS;2;d;z001;
0;40;;0,033539086;;33,53908554;NCD;16;GAS;2;d;z001;
0;41;;0,037213518;;37,21351813;NCD;16;GAS;2;d;z001;
0;42;;0,044108909;;44,10890909;NCD;16;GAS;2;d;z001;
0;43;;0,057528196;;57,52819592;NCD;16;GAS;2;d;z001;
0;44;;0,048733908;;48,73390801;NCD;16;GAS;2;d;z001;
0;45;;0,046001995;;46,00199463;NCD;16;GAS;2;d;z001;
0;46;;0,044880013;;44,88001287;NCD;16;GAS;2;d;z001;
0;47;;0,045536915;;45,53691512;NCD;16;GAS;2;d;z001;
0;48;;0,060726077;;60,72607709;NCD;16;GAS;2;d;z001;
0;49;;0,051050971;;51,0509708;NCD;16;GAS;2;d;z001;
0;50;;0,038708997;;38,70899673;NCD;16;GAS;2;d;z001;
0;51;;0,041513995;;41,5139948;NCD;16;GAS;2;d;z001;
0;52;;0,040586486;;40,58648616;NCD;16;GAS;2;d;z001;
0;53;;0,041513995;;41,5139948;NCD;16;GAS;2;d;z001;
0;54;;0,048672051;;48,67205076;NCD;16;GAS;2;d;z001;
0;55;;0,043429531;;43,42953132;NCD;16;GAS;2;d;z001;
0;56;;0,047224962;;47,22496228;NCD;16;GAS;2;d;z001;
0;57;;0,047412498;;47,41249768;NCD;16;GAS;2;d;z001;
0;58;;0,059465994;;59,46599413;NCD;16;GAS;2;d;z001;
0;59;;0,043565425;;43,56542545;NCD;16;GAS;2;d;z001;
0;60;;0,064515014;;64,51501395;NCD;16;GAS;2;d;z001;
0;61;;0,045744938;;45,74493773;NCD;16;GAS;2;d;z001;
0;62;;0,063027459;;63,02745913;NCD;16;GAS;2;d;z001;
0;63;;0,058204934;;58,20493365;NCD;16;GAS;2;d;z001;
0;64;;0,06362983;;63,6298304;NCD;16;GAS;2;d;z001;
0;65;;0,054775137;;54,77513668;NCD;16;GAS;2;d;z001;
0;66;;0,065076005;;65,07600483;NCD;16;GAS;2;d;z001;
0;67;;0,049030481;;49,03048132;NCD;16;GAS;2;d;z001;
0;68;;0,054435792;;54,4357924;NCD;16;GAS;2;d;z001;
0;69;;0,076384518;;76,38451799;NCD;16;GAS;2;d;z001;
0;70;;0,060190255;;60,19025548;NCD;16;GAS;2;d;z001;
0;71;;0,062080874;;62,08087363;NCD;16;GAS;2;d;z001;
0;1;;0,022536916;;22,53691583;NCD;16;GAS;2;d;z004;
0;2;;0,020991736;;20,99173642;NCD;16;GAS;2;d;z004;
0;3;;0,026927999;;26,92799899;NCD;16;GAS;2;d;z004;
0;4;;0,028645142;;28,64514231;NCD;16;GAS;2;d;z004;
0;5;;0,035124154;;35,12415447;NCD;16;GAS;2;d;z004;
0;6;;0,032296521;;32,29652143;NCD;16;GAS;2;d;z004;
0;7;;0,03702598;;37,02598042;NCD;16;GAS;2;d;z004;
0;8;;0,038161874;;38,16187421;NCD;16;GAS;2;d;z004;
0;9;;0,041567993;;41,56799348;NCD;16;GAS;2;d;z004;
0;10;;0,035190695;;35,19069469;NCD;16;GAS;2;d;z004;
0;11;;0,033251497;;33,25149698;NCD;16;GAS;2;d;z004;
0;12;;0,041599416;;41,59941632;NCD;16;GAS;2;d;z004;
0;13;;0,039664502;;39,66450185;NCD;16;GAS;2;d;z004;
0;14;;0,041580055;;41,58005509;NCD;16;GAS;2;d;z004;
0;15;;0,050489994;;50,48999446;NCD;16;GAS;2;d;z004;
0;16;;0,048130322;;48,13032184;NCD;16;GAS;2;d;z004;
0;17;;0,044829079;;44,8290793;NCD;16;GAS;2;d;z004;
0;18;;0,04789207;;47,89206981;NCD;16;GAS;2;d;z004;
0;19;;0,049781648;;49,78164786;NCD;16;GAS;2;d;z004;
0;20;;0,046660681;;46,66068084;NCD;16;GAS;2;d;z004;
0;21;;0,051051;;51,0509999;NCD;16;GAS;2;d;z004;
0;22;;0,051692926;;51,69292612;NCD;16;GAS;2;d;z004;
0;23;;0,03322911;;33,22911037;NCD;16;GAS;2;d;z004;
0;24;;0,048806978;;48,80697816;NCD;16;GAS;2;d;z004;
0;25;;0,052173;;52,17299986;NCD;16;GAS;2;d;z004;
0;26;;0,051706541;;51,70654087;NCD;16;GAS;2;d;z004;
0;27;;0,048075644;;48,07564405;NCD;16;GAS;2;d;z004;
0;28;;0,044880013;;44,88001287;NCD;16;GAS;2;d;z004;
0;29;;0,047972248;;47,97224789;NCD;16;GAS;2;d;z004;
0;30;;0,052930743;;52,93074317;NCD;16;GAS;2;d;z004;
0;31;;0,041179919;;41,17991943;NCD;16;GAS;2;d;z004;
0;32;;0,047123991;;47,12399095;NCD;16;GAS;2;d;z004;
0;33;;0,04188149;;41,88149048;NCD;16;GAS;2;d;z004;
0;34;;0,05164106;;51,64106;NCD;16;GAS;2;d;z004;
0;35;;0,02973588;;29,73588046;NCD;16;GAS;2;d;z004;
0;36;;0,041998392;;41,99839209;NCD;16;GAS;2;d;z004;
0;37;;0,053532715;;53,5327147;NCD;16;GAS;2;d;z004;
0;38;;0,040314748;;40,31474819;NCD;16;GAS;2;d;z004;
0;39;;0,055678198;;55,67819753;NCD;16;GAS;2;d;z004;
0;40;;0,050674633;;50,67463336;NCD;16;GAS;2;d;z004;
0;41;;0,052932694;;52,93269424;NCD;16;GAS;2;d;z004;
0;42;;0,04577677;;45,77677032;NCD;16;GAS;2;d;z004;
0;43;;0,055539014;;55,53901428;NCD;16;GAS;2;d;z004;
0;44;;0,040390876;;40,39087598;NCD;16;GAS;2;d;z004;
0;45;;0,042129163;;42,12916338;NCD;16;GAS;2;d;z004;
0;46;;0,055538985;;55,53898518;NCD;16;GAS;2;d;z004;
0;47;;0,043734826;;43,73482589;NCD;16;GAS;2;d;z004;
0;48;;0,05452309;;54,52309023;NCD;16;GAS;2;d;z004;
0;49;;0,059877493;;59,8774933;NCD;16;GAS;2;d;z004;
0;50;;0,052562483;;52,5624833;NCD;16;GAS;2;d;z004;
0;51;;0,052034306;;52,03430632;NCD;16;GAS;2;d;z004;
0;52;;0,045441004;;45,44100375;NCD;16;GAS;2;d;z004;
0;53;;0,047001228;;47,00122788;NCD;16;GAS;2;d;z004;
0;54;;0,042912881;;42,9128807;NCD;16;GAS;2;d;z004;
0;55;;0,050939028;;50,93902752;NCD;16;GAS;2;d;z004;
0;56;;0,045412569;;45,4125685;NCD;16;GAS;2;d;z004;
0;57;;0,053252111;;53,25211135;NCD;16;GAS;2;d;z004;
0;58;;0,058334923;;58,33492265;NCD;16;GAS;2;d;z004;
0;59;;0,050683542;;50,6835424;NCD;16;GAS;2;d;z004;
0;60;;0,055042835;;55,04283503;NCD;16;GAS;2;d;z004;
0;61;;0,048983954;;48,98395359;NCD;16;GAS;2;d;z004;
0;62;;0,059526743;;59,52674337;NCD;16;GAS;2;d;z004;
0;63;;0,04518913;;45,18912985;NCD;16;GAS;2;d;z004;
0;64;;0,047684996;;47,68499639;NCD;16;GAS;2;d;z004;
0;65;;0,051784974;;51,78497408;NCD;16;GAS;2;d;z004;
0;66;;0,039999649;;39,9996489;NCD;16;GAS;2;d;z004;
0;67;;0,044715415;;44,71541473;NCD;16;GAS;2;d;z004;
0;68;;0,047873065;;47,87306515;NCD;16;GAS;2;d;z004;
0;69;;0,054307937;;54,30793683;NCD;16;GAS;2;d;z004;
0;70;;0,061989715;;61,9897145;NCD;16;GAS;2;d;z004;
0;71;;0,051072708;;51,07270804;NCD;16;GAS;2;d;z004;
0;72;;0,056559558;;56,55955813;NCD;16;GAS;2;d;z004;
0;73;;0,049068489;;49,0684893;NCD;16;GAS;2;d;z004;
0;74;;0,047392864;;47,39286396;NCD;16;GAS;2;d;z004;
0;75;;0,040480881;;40,48088116;NCD;16;GAS;2;d;z004;
0;76;;0,048419353;;48,41935332;NCD;16;GAS;2;d;z004;
0;77;;0,044105685;;44,10568488;NCD;16;GAS;2;d;z004;
0;78;;0,056514851;;56,51485094;NCD;16;GAS;2;d;z004;
0;1;;0,039831;;39,83100032;NCD;16;GAS;2;i;z001;
0;2;;0,034806773;;34,80677335;NCD;16;GAS;2;i;z001;
0;3;;0,033372599;;33,37259861;NCD;16;GAS;2;i;z001;
0;4;;0,036094155;;36,09415489;NCD;16;GAS;2;i;z001;
0;5;;0,042075;;42,07500024;NCD;16;GAS;2;i;z001;
0;6;;0,041614772;;41,61477187;NCD;16;GAS;2;i;z001;
0;7;;0,042075;;42,07500024;NCD;16;GAS;2;i;z001;
0;8;;0,04019667;;40,19666975;NCD;16;GAS;2;i;z001;
0;9;;0,034674746;;34,67474561;NCD;16;GAS;2;i;z001;
0;10;;0,042636006;;42,63600567;NCD;16;GAS;2;i;z001;
0;11;;0,036498454;;36,49845404;NCD;16;GAS;2;i;z001;
0;12;;0,040065385;;40,06538483;NCD;16;GAS;2;i;z001;
0;13;;0,045179788;;45,17978833;NCD;16;GAS;2;i;z001;
0;14;;0,036135005;;36,1350047;NCD;16;GAS;2;i;z001;
0;15;;0,040462065;;40,46206528;NCD;16;GAS;2;i;z001;
0;16;;0,045882643;;45,88264271;NCD;16;GAS;2;i;z001;
0;17;;0,043697477;;43,69747723;NCD;16;GAS;2;i;z001;
0;18;;0,042979002;;42,97900245;NCD;16;GAS;2;i;z001;
0;19;;0,042363664;;42,3636637;NCD;16;GAS;2;i;z001;
0;20;;0,047263123;;47,26312301;NCD;16;GAS;2;i;z001;
0;21;;0,04367608;;43,67607989;NCD;16;GAS;2;i;z001;
0;22;;0,045441004;;45,44100375;NCD;16;GAS;2;i;z001;
0;23;;0,04406532;;44,0653204;NCD;16;GAS;2;i;z001;
0;24;;0,043854148;;43,85414764;NCD;16;GAS;2;i;z001;
0;25;;0,039240354;;39,24035441;NCD;16;GAS;2;i;z001;
0;26;;0,049600662;;49,60066195;NCD;16;GAS;2;i;z001;
0;27;;0,039288637;;39,28863716;NCD;16;GAS;2;i;z001;
0;28;;0,043119374;;43,11937423;NCD;16;GAS;2;i;z001;
0;29;;0,038147999;;38,14799857;NCD;16;GAS;2;i;z001;
0;30;;0,047041268;;47,04126764;NCD;16;GAS;2;i;z001;
0;31;;0,042291951;;42,29195103;NCD;16;GAS;2;i;z001;
0;32;;0,051612005;;51,61200534;NCD;16;GAS;2;i;z001;
0;33;;0,050387534;;50,38753386;NCD;16;GAS;2;i;z001;
0;34;;0,047627594;;47,62759445;NCD;16;GAS;2;i;z001;
0;35;;0,035903999;;35,90399865;NCD;16;GAS;2;i;z001;
0;36;;0,044879998;;44,87999831;NCD;16;GAS;2;i;z001;
0;37;;0,053904186;;53,90418604;NCD;16;GAS;2;i;z001;
0;38;;0,045413005;;45,41300453;NCD;16;GAS;2;i;z001;
0;39;;0,052107646;;52,1076456;NCD;16;GAS;2;i;z001;
0;40;;0,049260022;;49,26002164;NCD;16;GAS;2;i;z001;
0;41;;0,042596152;;42,59615186;NCD;16;GAS;2;i;z001;
0;42;;0,051050971;;51,0509708;NCD;16;GAS;2;i;z001;
0;43;;0,046363152;;46,36315177;NCD;16;GAS;2;i;z001;
0;44;;0,045761752;;45,76175219;NCD;16;GAS;2;i;z001;
0;45;;0,047676399;;47,67639944;NCD;16;GAS;2;i;z001;
0;46;;0,055698182;;55,69818198;NCD;16;GAS;2;i;z001;
0;47;;0,040160788;;40,160788;NCD;16;GAS;2;i;z001;
0;48;;0,046875859;;46,87585898;NCD;16;GAS;2;i;z001;
0;49;;0,044318997;;44,31899652;NCD;16;GAS;2;i;z001;
0;50;;0,054091207;;54,09120704;NCD;16;GAS;2;i;z001;
0;51;;0,061718172;;61,71817178;NCD;16;GAS;2;i;z001;
0;52;;0,052281103;;52,28110343;NCD;16;GAS;2;i;z001;
0;53;;0,03689395;;36,89394994;NCD;16;GAS;2;i;z001;
0;54;;0,04883577;;48,83576984;NCD;16;GAS;2;i;z001;
0;55;;0,058355752;;58,35575171;NCD;16;GAS;2;i;z001;
0;56;;0,046422462;;46,42246232;NCD;16;GAS;2;i;z001;
0;57;;0,054417003;;54,41700341;NCD;16;GAS;2;i;z001;
0;58;;0,05037996;;50,37995982;NCD;16;GAS;2;i;z001;
0;59;;0,054159283;;54,15928344;NCD;16;GAS;2;i;z001;
0;60;;0,057222031;;57,22203059;NCD;16;GAS;2;i;z001;
0;61;;0,056816714;;56,816714;NCD;16;GAS;2;i;z001;
0;62;;0,045659989;;45,65998936;NCD;16;GAS;2;i;z001;
0;63;;0,051942713;;51,94271339;NCD;16;GAS;2;i;z001;
0;64;;0,051682712;;51,68271209;NCD;16;GAS;2;i;z001;
0;65;;0,050716608;;50,71660836;NCD;16;GAS;2;i;z001;
0;66;;0,048860557;;48,86055665;NCD;16;GAS;2;i;z001;
0;67;;0,05707945;;57,07944968;NCD;16;GAS;2;i;z001;
0;68;;0,057783007;;57,78300692;NCD;16;GAS;2;i;z001;
0;69;;0,05391384;;53,91383993;NCD;16;GAS;2;i;z001;
0;70;;0,060142914;;60,14291384;NCD;16;GAS;2;i;z001;
0;71;;0,057945799;;57,94579944;NCD;16;GAS;2;i;z001;
0;72;;0,059291885;;59,29188495;NCD;16;GAS;2;i;z001;
0;73;;0,061073941;;61,07394084;NCD;16;GAS;2;i;z001;
0;74;;0,054609863;;54,60986267;NCD;16;GAS;2;i;z001;
0;75;;0,059153115;;59,15311453;NCD;16;GAS;2;i;z001;
0;76;;0,052536255;;52,5362546;NCD;16;GAS;2;i;z001;
0;77;;0,05764514;;57,64513961;NCD;16;GAS;2;i;z001;
0;78;;0,063278944;;63,27894435;NCD;16;GAS;2;i;z001;
0;79;;0,057785484;;57,78548357;NCD;16;GAS;2;i;z001;
0;80;;0,059267193;;59,2671932;NCD;16;GAS;2;i;z001;
0;81;;0,051161136;;51,16113615;NCD;16;GAS;2;i;z001;
0;82;;0,05070861;;50,70860985;NCD;16;GAS;2;i;z001;
0;1;;0,037050551;;37,05055139;NCD;16;GAS;2;i;z004;
0;2;;0,031191068;;31,19106808;NCD;16;GAS;2;i;z004;
0;3;;0,031141393;;31,14139326;NCD;16;GAS;2;i;z004;
0;4;;0,040020578;;40,02057807;NCD;16;GAS;2;i;z004;
0;5;;0,039272024;;39,27202391;NCD;16;GAS;2;i;z004;
0;6;;0,031989456;;31,98945586;NCD;16;GAS;2;i;z004;
0;7;;0,040996385;;40,99638526;NCD;16;GAS;2;i;z004;
0;8;;0,044499524;;44,49952408;NCD;16;GAS;2;i;z004;
0;9;;0,046147906;;46,14790638;NCD;16;GAS;2;i;z004;
0;10;;0,044037098;;44,03709756;NCD;16;GAS;2;i;z004;
0;11;;0,043197011;;43,19701111;NCD;16;GAS;2;i;z004;
0;12;;0,047538963;;47,53896311;NCD;16;GAS;2;i;z004;
0;13;;0,044805643;;44,80564345;NCD;16;GAS;2;i;z004;
0;14;;0,04395467;;43,95467042;NCD;16;GAS;2;i;z004;
0;15;;0,04148998;;41,48998028;NCD;16;GAS;2;i;z004;
0;16;;0,043894074;;43,89407377;NCD;16;GAS;2;i;z004;
0;17;;0,043100537;;43,10053724;NCD;16;GAS;2;i;z004;
0;18;;0,041786068;;41,78606829;NCD;16;GAS;2;i;z004;
0;19;;0,046998289;;46,99828852;NCD;16;GAS;2;i;z004;
0;20;;0,049228777;;49,22877676;NCD;16;GAS;2;i;z004;
0;21;;0,051180901;;51,18090104;NCD;16;GAS;2;i;z004;
0;22;;0,04746956;;47,46955974;NCD;16;GAS;2;i;z004;
0;23;;0,042636006;;42,63600567;NCD;16;GAS;2;i;z004;
0;24;;0,043858921;;43,85892143;NCD;16;GAS;2;i;z004;
0;25;;0,039255945;;39,25594451;NCD;16;GAS;2;i;z004;
0;26;;0,053467553;;53,46755326;NCD;16;GAS;2;i;z004;
0;27;;0,051085922;;51,08592235;NCD;16;GAS;2;i;z004;
0;28;;0,048418683;;48,41868325;NCD;16;GAS;2;i;z004;
0;29;;0,049488281;;49,48828134;NCD;16;GAS;2;i;z004;
0;30;;0,04721992;;47,21991962;NCD;16;GAS;2;i;z004;
0;31;;0,05264909;;52,64909023;NCD;16;GAS;2;i;z004;
0;32;;0,064297667;;64,29766685;NCD;16;GAS;2;i;z004;
0;33;;0,053855998;;53,85599798;NCD;16;GAS;2;i;z004;
0;34;;0,052770894;;52,77089387;NCD;16;GAS;2;i;z004;
0;35;;0,044158552;;44,15855213;NCD;16;GAS;2;i;z004;
0;36;;0,054747888;;54,74788786;NCD;16;GAS;2;i;z004;
0;37;;0,04834712;;48,34711999;NCD;16;GAS;2;i;z004;
0;38;;0,061066116;;61,06611603;NCD;16;GAS;2;i;z004;
0;39;;0,049808391;;49,80839093;NCD;16;GAS;2;i;z004;
0;40;;0,053561624;;53,56162421;NCD;16;GAS;2;i;z004;
0;41;;0,058551811;;58,55181105;NCD;16;GAS;2;i;z004;
0;42;;0,059169598;;59,16959829;NCD;16;GAS;2;i;z004;
0;43;;0,057031261;;57,03126112;NCD;16;GAS;2;i;z004;
0;44;;0,055434308;;55,43430813;NCD;16;GAS;2;i;z004;
0;45;;0,051487081;;51,48708085;NCD;16;GAS;2;i;z004;
0;46;;0,058050588;;58,05058771;NCD;16;GAS;2;i;z004;
0;47;;0,051050999;;51,05099899;NCD;16;GAS;2;i;z004;
0;48;;0,058481104;;58,48110367;NCD;16;GAS;2;i;z004;
0;49;;0,052184644;;52,18464447;NCD;16;GAS;2;i;z004;
0;50;;0,056112297;;56,11229749;NCD;16;GAS;2;i;z004;
0;51;;0,043460114;;43,46011374;NCD;16;GAS;2;i;z004;
0;52;;0,062233223;;62,23322347;NCD;16;GAS;2;i;z004;
0;53;;0,060897966;;60,89796634;NCD;16;GAS;2;i;z004;
0;54;;0,059008774;;59,00877407;NCD;16;GAS;2;i;z004;
0;55;;0,047919393;;47,91939275;NCD;16;GAS;2;i;z004;
0;56;;0,059861094;;59,86109414;NCD;16;GAS;2;i;z004;
0;57;;0,055845375;;55,84537546;NCD;16;GAS;2;i;z004;
0;58;;0,05936756;;59,36755971;NCD;16;GAS;2;i;z004;
0;59;;0,063953999;;63,95399851;NCD;16;GAS;2;i;z004;
0;60;;0,058946292;;58,94629223;NCD;16;GAS;2;i;z004;
0;61;;0,060732163;;60,73216345;NCD;16;GAS;2;i;z004;
0;62;;0,047793633;;47,79363264;NCD;16;GAS;2;i;z004;
0;63;;0,053492056;;53,49205619;NCD;16;GAS;2;i;z004;
0;64;;0,06407773;;64,07773024;NCD;16;GAS;2;i;z004;
0;1;;0,022354238;;22,35423845;NCD;16;GAS;3;d;z;
0;2;;0,02300099;;23,00099004;NCD;16;GAS;3;d;z;
0;3;;0,028162876;;28,16287625;NCD;16;GAS;3;d;z;
0;4;;0,020968388;;20,96838775;NCD;16;GAS;3;d;z;
0;5;;0,026358786;;26,35878633;NCD;16;GAS;3;d;z;
0;6;;0,023759536;;23,75953646;NCD;16;GAS;3;d;z;
0;7;;0,02596082;;25,96082027;NCD;16;GAS;3;d;z;
0;8;;0,022579838;;22,57983799;NCD;16;GAS;3;d;z;
0;9;;0,020231046;;20,23104586;NCD;16;GAS;3;d;z;
0;10;;0,023772356;;23,77235565;NCD;16;GAS;3;d;z;
0;11;;0,032723917;;32,72391713;NCD;16;GAS;3;d;z;
0;12;;0,029698087;;29,69808667;NCD;16;GAS;3;d;z;
0;13;;0,034782002;;34,78200233;NCD;16;GAS;3;d;z;
0;14;;0,041996056;;41,99605562;NCD;16;GAS;3;d;z;
0;15;;0,034781999;;34,78199869;NCD;16;GAS;3;d;z;
0;16;;0,039217195;;39,21719458;NCD;16;GAS;3;d;z;
0;17;;0,038555214;;38,55521442;NCD;16;GAS;3;d;z;
0;18;;0,033937834;;33,93783417;NCD;16;GAS;3;d;z;
0;19;;0,044430298;;44,43029794;NCD;16;GAS;3;d;z;
0;20;;0,045163477;;45,16347657;NCD;16;GAS;3;d;z;
0;21;;0,039831004;;39,83100396;NCD;16;GAS;3;d;z;
0;22;;0,03197699;;31,9769897;NCD;16;GAS;3;d;z;
0;23;;0,041937925;;41,93792521;NCD;16;GAS;3;d;z;
0;24;;0,034090246;;34,09024571;NCD;16;GAS;3;d;z;
0;25;;0,04005084;;40,05083969;NCD;16;GAS;3;d;z;
0;26;;0,034425197;;34,42519664;NCD;16;GAS;3;d;z;
0;27;;0,036465004;;36,46500409;NCD;16;GAS;3;d;z;
0;28;;0,034782017;;34,78201688;NCD;16;GAS;3;d;z;
0;29;;0,035950603;;35,95060258;NCD;16;GAS;3;d;z;
0;30;;0,032338315;;32,33831546;NCD;16;GAS;3;d;z;
0;31;;0,038445995;;38,4459949;NCD;16;GAS;3;d;z;
0;32;;0,037586986;;37,58698585;NCD;16;GAS;3;d;z;
0;33;;0,042636006;;42,63600567;NCD;16;GAS;3;d;z;
0;34;;0,03626162;;36,26162026;NCD;16;GAS;3;d;z;
0;35;;0,044813945;;44,81394496;NCD;16;GAS;3;d;z;
0;36;;0,046002009;;46,00200919;NCD;16;GAS;3;d;z;
0;37;;0,047123991;;47,12399095;NCD;16;GAS;3;d;z;
0;38;;0,055952153;;55,95215347;NCD;16;GAS;3;d;z;
0;39;;0,046302554;;46,3025538;NCD;16;GAS;3;d;z;
0;40;;0,036465004;;36,46500409;NCD;16;GAS;3;d;z;
0;41;;0,044069261;;44,06926081;NCD;16;GAS;3;d;z;
0;42;;0,042232615;;42,2326145;NCD;16;GAS;3;d;z;
0;43;;0,051170913;;51,17091332;NCD;16;GAS;3;d;z;
0;44;;0,042505543;;42,50554255;NCD;16;GAS;3;d;z;
0;45;;0,044406963;;44,40696266;NCD;16;GAS;3;d;z;
0;46;;0,04724216;;47,24215981;NCD;16;GAS;3;d;z;
0;47;;0,053680306;;53,68030562;NCD;16;GAS;3;d;z;
0;48;;0,053951805;;53,95180459;NCD;16;GAS;3;d;z;
0;49;;0,046305117;;46,30511654;NCD;16;GAS;3;d;z;
0;50;;0,035735056;;35,73505601;NCD;16;GAS;3;d;z;
0;51;;0,058904989;;58,90498869;NCD;16;GAS;3;d;z;
0;52;;0,057222001;;57,22200149;NCD;16;GAS;3;d;z;
0;53;;0,035263679;;35,26367938;NCD;16;GAS;3;d;z;
0;54;;0,060797011;;60,7970105;NCD;16;GAS;3;d;z;
0;55;;0,057783;;57,78299965;NCD;16;GAS;3;d;z;
0;56;;0,036009867;;36,00986712;NCD;16;GAS;3;d;z;
0;57;;0,046001995;;46,00199463;NCD;16;GAS;3;d;z;
0;58;;0,049955019;;49,95501932;NCD;16;GAS;3;d;z;
0;59;;0,056547843;;56,54784297;NCD;16;GAS;3;d;z;
0;60;;0,058819105;;58,81910501;NCD;16;GAS;3;d;z;
0;61;;0,055121896;;55,12189621;NCD;16;GAS;3;d;z;
0;62;;0,050629182;;50,62918158;NCD;16;GAS;3;d;z;
0;63;;0,047961866;;47,96186603;NCD;16;GAS;3;d;z;
0;64;;0,047102653;;47,10265299;NCD;16;GAS;3;d;z;
0;65;;0,061792363;;61,7923628;NCD;16;GAS;3;d;z;
0;66;;0,063121905;;63,12190458;NCD;16;GAS;3;d;z;
0;67;;0,055944964;;55,94496431;NCD;16;GAS;3;d;z;
0;68;;0,048581028;;48,58102815;NCD;16;GAS;3;d;z;
0;69;;0,050490002;;50,49000174;NCD;16;GAS;3;d;z;
0;70;;0,058366717;;58,36671742;NCD;16;GAS;3;d;z;
0;71;;0,05775682;;57,7568196;NCD;16;GAS;3;d;z;
0;1;;0,030294002;;30,2940025;NCD;16;GAS;3;d;z001;
0;2;;0,033099004;;33,09900421;NCD;16;GAS;3;d;z001;
0;3;;0,035165068;;35,16506757;NCD;16;GAS;3;d;z001;
0;4;;0,033002012;;33,00201203;NCD;16;GAS;3;d;z001;
0;5;;0,040939597;;40,93959684;NCD;16;GAS;3;d;z001;
0;6;;0,04514648;;45,14648026;NCD;16;GAS;3;d;z001;
0;7;;0,039078275;;39,07827476;NCD;16;GAS;3;d;z001;
0;8;;0,038522053;;38,52205302;NCD;16;GAS;3;d;z001;
0;9;;0,050835755;;50,83575526;NCD;16;GAS;3;d;z001;
0;10;;0,033660006;;33,66000601;NCD;16;GAS;3;d;z001;
0;11;;0,034781988;;34,78198778;NCD;16;GAS;3;d;z001;
0;12;;0,042430776;;42,4307757;NCD;16;GAS;3;d;z001;
0;13;;0,035060171;;35,06017134;NCD;16;GAS;3;d;z001;
0;14;;0,029171992;;29,17199163;NCD;16;GAS;3;d;z001;
0;15;;0,03825482;;38,25482024;NCD;16;GAS;3;d;z001;
0;16;;0,05076384;;50,76383986;NCD;16;GAS;3;d;z001;
0;17;;0,052784685;;52,78468456;NCD;16;GAS;3;d;z001;
0;18;;0,046562986;;46,56298552;NCD;16;GAS;3;d;z001;
0;19;;0,037373377;;37,37337692;NCD;16;GAS;3;d;z001;
0;20;;0,046617783;;46,61778322;NCD;16;GAS;3;d;z001;
0;21;;0,058316771;;58,3167709;NCD;16;GAS;3;d;z001;
0;22;;0,047650418;;47,65041821;NCD;16;GAS;3;d;z001;
0;23;;0,039270002;;39,27000216;NCD;16;GAS;3;d;z001;
0;24;;0,044717966;;44,71796622;NCD;16;GAS;3;d;z001;
0;25;;0,062513744;;62,51374412;NCD;16;GAS;3;d;z001;
0;26;;0,045552411;;45,55241061;NCD;16;GAS;3;d;z001;
0;27;;0,036465004;;36,46500409;NCD;16;GAS;3;d;z001;
0;28;;0,044673861;;44,67386126;NCD;16;GAS;3;d;z001;
0;29;;0,049348249;;49,34824914;NCD;16;GAS;3;d;z001;
0;30;;0,045140323;;45,14032308;NCD;16;GAS;3;d;z001;
0;31;;0,04479396;;44,7939603;NCD;16;GAS;3;d;z001;
0;32;;0,058344012;;58,34401236;NCD;16;GAS;3;d;z001;
0;33;;0,050057496;;50,05749577;NCD;16;GAS;3;d;z001;
0;34;;0,047123991;;47,12399095;NCD;16;GAS;3;d;z001;
0;35;;0,047264252;;47,26425166;NCD;16;GAS;3;d;z001;
0;36;;0,050989942;;50,98994237;NCD;16;GAS;3;d;z001;
0;37;;0,045048846;;45,04884601;NCD;16;GAS;3;d;z001;
0;38;;0,039830999;;39,8309985;NCD;16;GAS;3;d;z001;
0;39;;0,052562085;;52,56208466;NCD;16;GAS;3;d;z001;
0;40;;0,039830993;;39,83099305;NCD;16;GAS;3;d;z001;
0;41;;0,053356189;;53,35618878;NCD;16;GAS;3;d;z001;
0;42;;0,053078331;;53,07833096;NCD;16;GAS;3;d;z001;
0;43;;0,049656409;;49,65640912;NCD;16;GAS;3;d;z001;
0;44;;0,052503065;;52,50306548;NCD;16;GAS;3;d;z001;
0;45;;0,046454473;;46,45447323;NCD;16;GAS;3;d;z001;
0;46;;0,059031376;;59,03137628;NCD;16;GAS;3;d;z001;
0;47;;0,056311967;;56,31196725;NCD;16;GAS;3;d;z001;
0;48;;0,060027;;60,02699956;NCD;16;GAS;3;d;z001;
0;49;;0,069458146;;69,45814583;NCD;16;GAS;3;d;z001;
0;50;;0,066234133;;66,23413287;NCD;16;GAS;3;d;z001;
0;51;;0,049137307;;49,13730731;NCD;16;GAS;3;d;z001;
0;52;;0,070117155;;70,11715454;NCD;16;GAS;3;d;z001;
0;53;;0,073600841;;73,6008407;NCD;16;GAS;3;d;z001;
0;54;;0,07153014;;71,53014017;NCD;16;GAS;3;d;z001;
0;55;;0,064065092;;64,06509176;NCD;16;GAS;3;d;z001;
0;56;;0,065788418;;65,7884176;NCD;16;GAS;3;d;z001;
0;57;;0,058641728;;58,64172788;NCD;16;GAS;3;d;z001;
0;58;;0,067440877;;67,44087733;NCD;16;GAS;3;d;z001;
0;59;;0,041569314;;41,56931373;NCD;16;GAS;3;d;z001;
0;1;;0,038403788;;38,40378825;NCD;16;GAS;3;i;z;
0;2;;0,04086773;;40,86772997;NCD;16;GAS;3;i;z;
0;3;;0,042846382;;42,84638232;NCD;16;GAS;3;i;z;
0;4;;0,050277122;;50,2771221;NCD;16;GAS;3;i;z;
0;5;;0,048706204;;48,70620421;NCD;16;GAS;3;i;z;
0;6;;0,057797379;;57,79737871;NCD;16;GAS;3;i;z;
0;7;;0,039022429;;39,02242945;NCD;16;GAS;3;i;z;
0;8;;0,055785629;;55,7856291;NCD;16;GAS;3;i;z;
0;9;;0,055937437;;55,9374373;NCD;16;GAS;3;i;z;
0;10;;0,052187809;;52,18780915;NCD;16;GAS;3;i;z;
0;11;;0,061467283;;61,46728253;NCD;16;GAS;3;i;z;
0;12;;0,05511044;;55,1104404;NCD;16;GAS;3;i;z;
0;13;;0,060470037;;60,47003712;NCD;16;GAS;3;i;z;
0;14;;0,046015679;;46,01567916;NCD;16;GAS;3;i;z;
0;15;;0,057924931;;57,92493135;NCD;16;GAS;3;i;z;
0;16;;0,051550764;;51,5507637;NCD;16;GAS;3;i;z;
0;17;;0,053216576;;53,21657639;NCD;16;GAS;3;i;z;
0;18;;0,054815559;;54,81555915;NCD;16;GAS;3;i;z;
0;19;;0,047524037;;47,52403703;NCD;16;GAS;3;i;z;
0;20;;0,051810302;;51,81030198;NCD;16;GAS;3;i;z;
0;21;;0,051556199;;51,5561993;NCD;16;GAS;3;i;z;
0;22;;0,059570246;;59,57024562;NCD;16;GAS;3;i;z;
0;23;;0,078442831;;78,44283105;NCD;16;GAS;3;i;z;
0;24;;0,057487961;;57,48796051;NCD;16;GAS;3;i;z;
0;25;;0,051345558;;51,34555799;NCD;16;GAS;3;i;z;
0;26;;0,056579489;;56,57948882;NCD;16;GAS;3;i;z;
0;27;;0,063742174;;63,74217387;NCD;16;GAS;3;i;z;
0;28;;0,062328532;;62,32853184;NCD;16;GAS;3;i;z;
0;29;;0,061312078;;61,31207803;NCD;16;GAS;3;i;z;
0;30;;0,064554913;;64,55491315;NCD;16;GAS;3;i;z;
0;31;;0,062705789;;62,70578904;NCD;16;GAS;3;i;z;
0;32;;0,072230751;;72,23075128;NCD;16;GAS;3;i;z;
0;33;;0,067940788;;67,94078817;NCD;16;GAS;3;i;z;
0;34;;0,064824236;;64,82423638;NCD;16;GAS;3;i;z;
0;35;;0,068192928;;68,19292761;NCD;16;GAS;3;i;z;
0;36;;0,053104107;;53,10410674;NCD;16;GAS;3;i;z;
0;37;;0,059949358;;59,9493579;NCD;16;GAS;3;i;z;
0;38;;0,055239864;;55,23986354;NCD;16;GAS;3;i;z;
0;39;;0,056909543;;56,90954265;NCD;16;GAS;3;i;z;
0;40;;0,075121507;;75,12150658;NCD;16;GAS;3;i;z;
0;1;;0,023429703;;23,42970307;NCD;16;GAS;3;i;z001;
0;2;;0,028569715;;28,56971516;NCD;16;GAS;3;i;z001;
0;3;;0,032459879;;32,45987896;NCD;16;GAS;3;i;z001;
0;4;;0,029577284;;29,57728425;NCD;16;GAS;3;i;z001;
0;5;;0,042129006;;42,1290056;NCD;16;GAS;3;i;z001;
0;6;;0,033974494;;33,97449373;NCD;16;GAS;3;i;z001;
0;7;;0,037464584;;37,46458383;NCD;16;GAS;3;i;z001;
0;8;;0,048305475;;48,30547519;NCD;16;GAS;3;i;z001;
0;9;;0,050956005;;50,95600466;NCD;16;GAS;3;i;z001;
0;10;;0,041429247;;41,42924744;NCD;16;GAS;3;i;z001;
0;11;;0,048311412;;48,31141193;NCD;16;GAS;3;i;z001;
0;12;;0,051735396;;51,73539646;NCD;16;GAS;3;i;z001;
0;13;;0,043574832;;43,57483191;NCD;16;GAS;3;i;z001;
0;14;;0,045726791;;45,72679085;NCD;16;GAS;3;i;z001;
0;15;;0,05607912;;56,07912022;NCD;16;GAS;3;i;z001;
0;16;;0,047123991;;47,12399095;NCD;16;GAS;3;i;z001;
0;17;;0,045754247;;45,75424663;NCD;16;GAS;3;i;z001;
0;18;;0,045647454;;45,64745386;NCD;16;GAS;3;i;z001;
0;19;;0,045135188;;45,13518751;NCD;16;GAS;3;i;z001;
0;20;;0,049931333;;49,93133302;NCD;16;GAS;3;i;z001;
0;21;;0,046015695;;46,0156946;NCD;16;GAS;3;i;z001;
0;22;;0,054416974;;54,41697431;NCD;16;GAS;3;i;z001;
0;23;;0,055066463;;55,06646312;NCD;16;GAS;3;i;z001;
0;24;;0,048171459;;48,17145937;NCD;16;GAS;3;i;z001;
0;25;;0,033631592;;33,63159229;NCD;16;GAS;3;i;z001;
0;26;;0,051612005;;51,61200534;NCD;16;GAS;3;i;z001;
0;27;;0,043654327;;43,65432742;NCD;16;GAS;3;i;z001;
0;28;;0,056661011;;56,6610106;NCD;16;GAS;3;i;z001;
0;29;;0,043718244;;43,71824416;NCD;16;GAS;3;i;z001;
0;30;;0,057273258;;57,27325841;NCD;16;GAS;3;i;z001;
0;31;;0,057703978;;57,70397782;NCD;16;GAS;3;i;z001;
0;32;;0,050806356;;50,80635584;NCD;16;GAS;3;i;z001;
0;33;;0,04375471;;43,75471001;NCD;16;GAS;3;i;z001;
0;34;;0,052039579;;52,03957881;NCD;16;GAS;3;i;z001;
0;35;;0,047579909;;47,57990935;NCD;16;GAS;3;i;z001;
0;36;;0,055539;;55,53899973;NCD;16;GAS;3;i;z001;
0;37;;0,050673501;;50,67350087;NCD;16;GAS;3;i;z001;
0;38;;0,054978009;;54,97800885;NCD;16;GAS;3;i;z001;
0;39;;0,053835054;;53,83505424;NCD;16;GAS;3;i;z001;
0;40;;0,058067671;;58,06767148;NCD;16;GAS;3;i;z001;
0;41;;0,065189603;;65,189603;NCD;16;GAS;3;i;z001;
0;42;;0,052348498;;52,34849756;NCD;16;GAS;3;i;z001;
0;43;;0,054344535;;54,34453471;NCD;16;GAS;3;i;z001;
0;44;;0,058432211;;58,43221111;NCD;16;GAS;3;i;z001;
0;45;;0,053219244;;53,21924424;NCD;16;GAS;3;i;z001;
0;46;;0,060027;;60,02699956;NCD;16;GAS;3;i;z001;
0;47;;0,055232201;;55,23220084;NCD;16;GAS;3;i;z001;
0;48;;0,055546894;;55,54689441;NCD;16;GAS;3;i;z001;
0;49;;0,062546043;;62,54604264;NCD;16;GAS;3;i;z001;
0;50;;0,051350702;;51,35070192;NCD;16;GAS;3;i;z001;
0;51;;0,056229298;;56,22929787;NCD;16;GAS;3;i;z001;
0;52;;0,051970521;;51,97052073;NCD;16;GAS;3;i;z001;
0;53;;0,067207845;;67,20784487;NCD;16;GAS;3;i;z001;
0;54;;0,052842696;;52,84269551;NCD;16;GAS;3;i;z001;
0;55;;0,06486733;;64,86732982;NCD;16;GAS;3;i;z001;
0;56;;0,052362675;;52,36267454;NCD;16;GAS;3;i;z001;
0;57;;0,064864005;;64,86400488;NCD;16;GAS;3;i;z001;
0;58;;0,073149847;;73,14984721;NCD;16;GAS;3;i;z001;
0;59;;0,063393003;;63,39300307;NCD;16;GAS;3;i;z001;
0;60;;0,072718094;;72,71809367;NCD;16;GAS;3;i;z001;
0;61;;0,044181302;;44,18130165;NCD;16;GAS;3;i;z001;
0;62;;0,070448253;;70,44825311;NCD;16;GAS;3;i;z001;
0;1;;0,017952001;;17,95200114;NCD;16;GAS;3;i;z003;
0;2;;0,033100068;;33,10006751;NCD;16;GAS;3;i;z003;
0;3;;0,037094156;;37,09415617;NCD;16;GAS;3;i;z003;
0;4;;0,030293999;;30,29399886;NCD;16;GAS;3;i;z003;
0;5;;0,041712509;;41,71250914;NCD;16;GAS;3;i;z003;
0;6;;0,040495387;;40,49538667;NCD;16;GAS;3;i;z003;
0;7;;0,042050969;;42,0509694;NCD;16;GAS;3;i;z003;
0;8;;0,049624778;;49,62477815;NCD;16;GAS;3;i;z003;
0;9;;0,049144579;;49,14457928;NCD;16;GAS;3;i;z003;
0;10;;0,036200206;;36,20020587;NCD;16;GAS;3;i;z003;
0;11;;0,041145435;;41,14543484;NCD;16;GAS;3;i;z003;
0;12;;0,044278713;;44,27871336;NCD;16;GAS;3;i;z003;
0;13;;0,045289627;;45,28962694;NCD;16;GAS;3;i;z003;
0;14;;0,041915619;;41,91561852;NCD;16;GAS;3;i;z003;
0;15;;0,043902203;;43,90220329;NCD;16;GAS;3;i;z003;
0;16;;0,047797936;;47,79793572;NCD;16;GAS;3;i;z003;
0;17;;0,043557559;;43,55755918;NCD;16;GAS;3;i;z003;
0;18;;0,041493863;;41,49386323;NCD;16;GAS;3;i;z003;
0;19;;0,051169152;;51,16915196;NCD;16;GAS;3;i;z003;
0;20;;0,040641539;;40,64153901;NCD;16;GAS;3;i;z003;
0;21;;0,042948362;;42,94836155;NCD;16;GAS;3;i;z003;
0;22;;0,041484292;;41,48429236;NCD;16;GAS;3;i;z003;
0;23;;0,046146836;;46,14683577;NCD;16;GAS;3;i;z003;
0;24;;0,044879998;;44,87999831;NCD;16;GAS;3;i;z003;
0;25;;0,049368005;;49,36800542;NCD;16;GAS;3;i;z003;
0;26;;0,049367998;;49,36799814;NCD;16;GAS;3;i;z003;
0;27;;0,045390632;;45,39063183;NCD;16;GAS;3;i;z003;
0;28;;0,046002009;;46,00200919;NCD;16;GAS;3;i;z003;
0;29;;0,052436231;;52,43623081;NCD;16;GAS;3;i;z003;
0;30;;0,045706867;;45,70686658;NCD;16;GAS;3;i;z003;
0;31;;0,045093227;;45,09322725;NCD;16;GAS;3;i;z003;
0;32;;0,04323888;;43,23887994;NCD;16;GAS;3;i;z003;
0;33;;0,047918381;;47,91838146;NCD;16;GAS;3;i;z003;
0;34;;0,051051014;;51,05101445;NCD;16;GAS;3;i;z003;
0;35;;0,055539;;55,53899973;NCD;16;GAS;3;i;z003;
0;36;;0,050506424;;50,50642432;NCD;16;GAS;3;i;z003;
0;37;;0,044108805;;44,10880535;NCD;16;GAS;3;i;z003;
0;38;;0,051730366;;51,7303656;NCD;16;GAS;3;i;z003;
0;39;;0,052932633;;52,93263331;NCD;16;GAS;3;i;z003;
0;40;;0,048825681;;48,82568131;NCD;16;GAS;3;i;z003;
0;41;;0,053970706;;53,97070594;NCD;16;GAS;3;i;z003;
0;42;;0,04938889;;49,38888957;NCD;16;GAS;3;i;z003;
0;43;;0,047951079;;47,95107888;NCD;16;GAS;3;i;z003;
0;44;;0,04983415;;49,83415006;NCD;16;GAS;3;i;z003;
0;45;;0,046072715;;46,07271522;NCD;16;GAS;3;i;z003;
0;46;;0,044879998;;44,87999831;NCD;16;GAS;3;i;z003;
0;47;;0,043107438;;43,10743785;NCD;16;GAS;3;i;z003;
0;48;;0,047033417;;47,03341687;NCD;16;GAS;3;i;z003;
0;49;;0,059008798;;59,00879829;NCD;16;GAS;3;i;z003;
0;50;;0,058344012;;58,34401236;NCD;16;GAS;3;i;z003;
0;51;;0,051051;;51,0509999;NCD;16;GAS;3;i;z003;
0;52;;0,056726242;;56,7262419;NCD;16;GAS;3;i;z003;
0;53;;0,054944227;;54,94422689;NCD;16;GAS;3;i;z003;
0;54;;0,055076483;;55,07648307;NCD;16;GAS;3;i;z003;
0;55;;0,050930064;;50,93006384;NCD;16;GAS;3;i;z003;
0;56;;0,049842364;;49,8423643;NCD;16;GAS;3;i;z003;
0;57;;0,043585996;;43,58599638;NCD;16;GAS;3;i;z003;
0;58;;0,051691661;;51,69166082;NCD;16;GAS;3;i;z003;
0;59;;0,064088834;;64,08883362;NCD;16;GAS;3;i;z003;
0;60;;0,057567541;;57,56754082;NCD;16;GAS;3;i;z003;
0;61;;0,052733987;;52,7339871;NCD;16;GAS;3;i;z003;
0;62;;0,049126334;;49,12633386;NCD;16;GAS;3;i;z003;
0;63;;0,064371058;;64,37105794;NCD;16;GAS;3;i;z003;
0;64;;0,048792509;;48,79250925;NCD;16;GAS;3;i;z003;
0;65;;0,054978009;;54,97800885;NCD;16;GAS;3;i;z003;
0;66;;0,04630938;;46,30938004;NCD;16;GAS;3;i;z003;
0;67;;0,057222001;;57,22200149;NCD;16;GAS;3;i;z003;
0;68;;0,061610914;;61,61091357;NCD;16;GAS;3;i;z003;
0;69;;0,062892735;;62,89273494;NCD;16;GAS;3;i;z003;
0;70;;0,062441654;;62,44165422;NCD;16;GAS;3;i;z003;
0;71;;0,070886923;;70,8869233;NCD;16;GAS;3;i;z003;
